{
  "category": "Contract Administrator",
  "dominantSexXing": "f",
  "profiles": [
    {
      "profile": [
        {
          "sex": "m",
          "memberSince_Hits": "29. März 2007 / 3334",
          "currJobDescr": "tUuUF2zJQPqruDhSPP2gTYT2G6iORVAim97DR8V5S5I=",
          "jobs": [
            {
              "jobTitle": "tUuUF2zJQPqruDhSPP2gTYT2G6iORVAim97DR8V5S5I=",
              "company": "AGhcuYK9TKT4tV4OXVXBW5D5MrbUz4h2jU8OsqpuxkUw=",
              "company_url": "https://www.xing.com/companies/go?name=E0VpWCtrQMFq4JKe929V5oitJdAPh1+5jXrIyhu2G7o=",
              "jobDuration": "3 Jahr, 3 Monat ",
              "jobDates": "11/2013 - 01/2017"
            },
            {
              "jobTitle": "gfYj7xqOezowPXGMStMsz57lcNjbC0kN78z2v7FdPNI=",
              "company": "AGhcuYK9TKT4tV4OXVXBW5D5MrbUz4h2jU8OsqpuxkUw=",
              "company_url": "https://www.xing.com/companies/go?name=E0VpWCtrQMFq4JKe929V5oitJdAPh1+5jXrIyhu2G7o=",
              "jobDuration": "1 Jahr, 3 Monat ",
              "jobDates": "09/2012 - 11/2013"
            },
            {
              "jobTitle": "KGkzGWEPzCMLCBvFYeCtrKPumcJcpGoQe7JrthHKvP0=",
              "company": "KEKZOlQ1CX/dtVwRsHOjPA8jrPzZ8HbWTvB4DgT7JU8Y=",
              "company_url": "https://www.xing.com/companies/go?name=wxotq+WWYA5wRLbzOaoNhtufgTuep1FrbX+7dP2u6IA=",
              "jobDuration": "1 Jahr",
              "jobDates": "04/2011 - 03/2012"
            },
            {
              "jobTitle": "GVo4kXPBNP68t6QQNUj/EcZNX9hkOy9t9P/y02UCTYM=",
              "company": "Tib6JHAYc0fkLe866n6Qeaa+bMcfUhoiXExrw0CZ2+l4=",
              "company_url": "https://www.xing.com/companies/go?name=mwf45NJ20m8aM88FBpM7W+R9+bjiN2eB5DGtzG14gts=",
              "jobDuration": "1 Jahr, 3 Monat ",
              "jobDates": "01/2010 - 03/2011"
            },
            {
              "jobTitle": "j7wODag7Xzdm1i4sV55kqsFR1AEbajzFydTZXGSYeJU=",
              "company": "OEALHSBmbXWwuAYYxtfd9IFjgNYqGibUYbTNFhjMx0CI=",
              "company_url": "https://www.xing.com/companies/go?name=GABBzf3HnOZJswt1P6cjZr2LjaPMqjejvR+UkydmFdI=",
              "jobDuration": "6 Monat ",
              "jobDates": "07/2009 - 12/2009"
            },
            {
              "jobTitle": "I8JAQzebWtuHWFGR447wLvTjXfD7NM7lqpa3DJ66qYQ=",
              "company": "ALLRJ6s5dq2G0g4vTdU2Rc4I25C/qT/ueBPVgrb8DHCo=",
              "company_url": "https://www.xing.com/companies/go?name=T7CL2aa4JpeK5NTpRSkh2tFJ8sZvAZp+Ku7xdDTZi6Y=",
              "jobDuration": "10 Monat ",
              "jobDates": "09/2008 - 06/2009"
            },
            {
              "jobTitle": "YOZmbMPbigAIfkvXMouek88yLYxXaDUJ+uaKjRfd8pk=",
              "company": "BGuLUen9lBomtX9DrIQ+OD2Z5Qy/xagPcQGP8bYcG2oM=",
              "company_url": "https://www.xing.com/companies/go?name=sdjmiOP1U3JEN/vGkTZX8pCqgNjuPNJZr3bfRehSwH8=",
              "jobDuration": "1 Monat",
              "jobDates": "08/2008 - 08/2008"
            },
            {
              "jobTitle": "Zq4ZcL3ewMv7qX7V7xTcPPxvBes4Oq+lOtIewsxkbx8=",
              "company": "MwMSmzHv5Sq2M32VyBMe9JztrjO1SsOcOx1Hdv2SqdIc=",
              "company_url": "https://www.xing.com/companies/go?name=iiBf0tUnmMnsJNGjOu3PCmmHuu7hibsYF+ADYZWTm/w=",
              "jobDuration": "8 Monat ",
              "jobDates": "07/2007 - 02/2008"
            },
            {
              "jobTitle": "KKKYLx/cwCiCKYGtd1rgvGzqAWRB0lDQ7oOYR+VXvbY=",
              "company": "ALLRJ6s5dq2G0g4vTdU2Rc4I25C/qT/ueBPVgrb8DHCo=",
              "company_url": "https://www.xing.com/companies/go?name=T7CL2aa4JpeK5NTpRSkh2tFJ8sZvAZp+Ku7xdDTZi6Y=",
              "jobDuration": "1 Jahr, 7 Monat ",
              "jobDates": "02/2006 - 08/2007"
            }
          ]
        }
      ],
      "languages": [
        {
        }
      ],
      "education": [
        {
          "institution": "4sN9rY6b2aeH0DRIyrjuO1UT2nFJxAKhi6xH4Ddkx3I=",
          "url": "https://www.xing.com/search/members?keywords=jq8OFbolWHC6oAzvNWICYW3vXMj/imDz6ACOUBVs2kI=",
          "degree": "Marketing und Sales, Mag. (FH)",
          "eduDuration": "09/2006 - 06/2012"
        }
      ]
    },
    {
      "profile": [
        {
          "sex": "f",
          "memberSince_Hits": "14. August 2013 / 1032",
          "currJobDescr": "veoRUXRXs+MA98EA/0P26Bl4y68QBFB3Q24FDYqJy5g=",
          "jobs": [
            {
              "jobTitle": "veoRUXRXs+MA98EA/0P26Bl4y68QBFB3Q24FDYqJy5g=",
              "company": "SOoEMcZ5JkjtPaiZyZOTh+xduKE7HB2l8MqEFuKwJYLU=",
              "company_url": "https://www.xing.com/companies/go?name=BA3cvxG5dzwPchG/uHPk2qGnNT20y++Xu+3emMK1l6k=",
              "jobDuration": "9 Monat ",
              "jobDates": "05/2016 - 01/2017"
            },
            {
              "jobTitle": "veoRUXRXs+MA98EA/0P26Bl4y68QBFB3Q24FDYqJy5g=",
              "company": "SlqydqFHM1RSwiF/AziWtG9UNdrDllyT68FnMkLTwbvw=",
              "company_url": "https://www.xing.com/companies/go?name=lO9UgK/hOUK/JrwbYkhdTo+vVZbY5sa/tdZnILGoVzo=",
              "jobDuration": "1 Monat",
              "jobDates": "04/2016 - 04/2016"
            },
            {
              "jobTitle": "hlvyBN0STDQrrM0F5UgrdDxRcOfkqCogbLQhWnWJ1rg=",
              "company": "BvS8xS0/07MQLwXOgLcG6Y7DEJXsDRQvTlwtLaO9mjec=",
              "company_url": "https://www.xing.com/companies/go?name=5R38UfDEdnwJiPW38BlOTs07cC5b2qEANyEinCdLu60=",
              "jobDuration": "1 Jahr, 9 Monat ",
              "jobDates": "07/2014 - 03/2016"
            },
            {
              "jobTitle": "v44d4IcmW+A+dxrIkY/BEIScTTaAfojZC1Duv0Qs/+4=",
              "company": "BvS8xS0/07MQLwXOgLcG6Y7DEJXsDRQvTlwtLaO9mjec=",
              "company_url": "https://www.xing.com/companies/go?name=5R38UfDEdnwJiPW38BlOTs07cC5b2qEANyEinCdLu60=",
              "jobDuration": "1 Jahr, 9 Monat ",
              "jobDates": "10/2012 - 06/2014"
            },
            {
              "jobTitle": "v44d4IcmW+A+dxrIkY/BEIScTTaAfojZC1Duv0Qs/+4=",
              "company": "BUH/sDlaC8MJEF5pG0utovS/0SD9N+Y6dBlRJPXuPJ3U=",
              "company_url": "https://www.xing.com/companies/go?name=9ImQnfmOORevVNwg24w77QAGxsttmJASGQblrxM5eyM=",
              "jobDuration": "11 Monat ",
              "jobDates": "11/2011 - 09/2012"
            }
          ]
        }
      ],
      "languages": [
        {
        }
      ],
      "education": [
        {
          "institution": "GDbD90Mj1j+1K2R6KVkdpXQ3/qqFTdJ4LIYs00WJvRI=",
          "url": "https://www.xing.com/search/members?keywords=ottmURvxIU79F6x1LDhaBeA54oiymdi8+JwWI+q7HF0=",
          "degree": "Wirtschaftspsychologie, B. A.",
          "eduDuration": "09/2014 - 08/2017"
        },
        {
          "institution": "ILBu/Tl1F9vSBC9tOmq4ANQgCNqEPpanAZ+XtL5lDf4=",
          "url": "https://www.xing.com/search/members?keywords=YGMKxn2jpLHpGrZrpu//jyFPdXSPOtFaJrDqCmmb238=",
          "degree": "Kauffrau für Bürokommunikation",
          "eduDuration": "09/2011 - 01/2013"
        }
      ]
    },
    {
      "profile": [
        {
          "sex": "f",
          "memberSince_Hits": "10. März 2011 / 546",
          "currJobDescr": "veoRUXRXs+MA98EA/0P26Bl4y68QBFB3Q24FDYqJy5g=",
          "jobs": [
            {
              "jobTitle": "veoRUXRXs+MA98EA/0P26Bl4y68QBFB3Q24FDYqJy5g=",
              "company": "CERiRZNHkjCJX8pPOnXcBnHarZxTf4KJBASqE8MaCxCQ=",
              "company_url": "https://www.xing.com/companies/go?name=0630jndDRo7rvA/+Pvi0aD/SYAq0755cIetsaJKHV8g=",
              "jobDates": "bis heute"
            },
            {
              "jobTitle": "weGbhSPDPExNDQa93CEM9/dy5lvnhO/1Rjo5SnZ34CM=",
              "company": "LXEvhfGufR7djInFeqYX4HFZiM1e08sDTRDeryDL6H7o=",
              "company_url": "https://www.xing.com/companies/go?name=SpM1vosnrR9I/J1i57Wv9KrN6DFshBcohKMVbHKBgdg=",
              "jobDuration": "2 Jahre",
              "jobDates": "01/2009 - 12/2010"
            },
            {
              "jobTitle": "x/Lqm+NqQ9Zy9R0u3ehSg8DP9Cdyq7ygbCKfUsOwwho=",
              "company": "LqOvsrS+IPtnhwBk/sI3CAfa6E++WhjLS/JBbjqWcioU=",
              "company_url": "https://www.xing.com/companies/go?name=XhPKp6dEGkTOhaeyWSHpmJquo+22EzAOw3AFDpeI+qs=",
              "jobDuration": "2 Jahr, 6 Monat ",
              "jobDates": "07/2006 - 12/2008"
            },
            {
              "jobTitle": "Sgs4PWQRgCqp/57M8w9dlXs8v4k7L84WeSlD8BN5sxs=",
              "company": "HMaZ+bqAfWaosWVmBFhuOXfSlS2V2AWcnl3xUE718jkE=",
              "company_url": "https://www.xing.com/companies/go?name=d/lEUDmc3Y/veryTZoXdVDxIkHQB/irzroOmN8doknM=",
              "jobDuration": "6 Jahr, 4 Monat ",
              "jobDates": "03/2000 - 06/2006"
            }
          ]
        }
      ],
      "languages": [
        {
        }
      ],
      "education": [
        {
          "institution": "MwjWpBGw9poaYCJA8eXgieuuOZF31GN7+b33o2CtEjs=",
          "url": "https://www.xing.com/search/members?keywords=Y8a461ZHkStES862tGw1YyfEz5x44s8A/zR1WeVDVbU=",
          "degree": "Business Administration, BS"
        }
      ]
    },
    {
      "profile": [
        {
          "sex": "f",
          "memberSince_Hits": "8. Januar 2017 / 3",
          "currJobDescr": "veoRUXRXs+MA98EA/0P26Bl4y68QBFB3Q24FDYqJy5g=",
          "jobs": [
            {
              "jobTitle": "veoRUXRXs+MA98EA/0P26Bl4y68QBFB3Q24FDYqJy5g=",
              "company": "UfkCex7CzZMtrYbm83srHa1B5KnlEcwZE3JYjZnUiAcY=",
              "company_url": "https://www.xing.com/companies/go?name=nMYGmrGrMAhN/d4ST9pjjzBQlSO26aOtfKWSkv8F5jo=",
              "jobDuration": "3 Jahr, 5 Monat ",
              "jobDates": "09/2013 - 01/2017"
            },
            {
              "jobTitle": "lJPeE5AKK7z91p++Di+8CATLZRJF9bw2qwvbn6HrxSA=",
              "company": "UfkCex7CzZMtrYbm83srHa1B5KnlEcwZE3JYjZnUiAcY=",
              "company_url": "https://www.xing.com/companies/go?name=nMYGmrGrMAhN/d4ST9pjjzBQlSO26aOtfKWSkv8F5jo=",
              "jobDuration": "4 Jahr, 11 Monat ",
              "jobDates": "10/2008 - 08/2013"
            },
            {
              "jobTitle": "ENCX8OlIPf15kfjYZvLZe7ed+Js71d08P4z+ohpYwKE=",
              "company": "M3cVy34oJ3Qk2PyPrtH2EljrpQO6iLDtre8vnERHtPGg=",
              "company_url": "https://www.xing.com/companies/go?name=Dq5pZgGaXmnYzzivTGjvn/t1eExny9xhIScYgEwwDLo=",
              "jobDuration": "3 Jahr, 4 Monat ",
              "jobDates": "06/2005 - 09/2008"
            }
          ]
        }
      ],
      "languages": [
        {
        }
      ],
      "education": [
        {
          "institution": "JBRVrq2+hAqW2LK0NG5AaQn91tNj5KiBgmDpx7OznGI=",
          "url": "https://www.xing.com/search/members?keywords=EjjcixViXdMRwQ/O+f/R2WiDqZtkZHDxEc5Lc4A4+ao=",
          "degree": "Foreign Languages and Literatures",
          "eduDuration": "10/1997 - 07/2001"
        }
      ]
    },
    {
      "profile": [
        {
          "sex": "m",
          "memberSince_Hits": "23. November 2013 / 517",
          "currJobDescr": "veoRUXRXs+MA98EA/0P26Bl4y68QBFB3Q24FDYqJy5g=",
          "jobs": [
            {
              "jobTitle": "veoRUXRXs+MA98EA/0P26Bl4y68QBFB3Q24FDYqJy5g=",
              "company": "SoZhFaknOAeADrIjx+pOnESxEnCiy4hkcMjNar/sfBu0=",
              "company_url": "https://www.xing.com/companies/go?name=8WOmmj8B+nK5bHbyXd8KL3838Xs3jPaF+iDZnhY7CmU=",
              "jobDuration": "4 Jahr, 8 Monat ",
              "jobDates": "06/2012 - 01/2017"
            },
            {
              "jobTitle": "17Sjb+7/OJq24NlIhPrmZfYfXNnBjvMLCe25XqR+Mhg=",
              "company": "QuRoHQY/rwGh9whTV6Zx9hTfTiKa8wxM9elx5nvZ11zw=",
              "company_url": "https://www.xing.com/companies/go?name=jmA8cOsi6m6htbAH5YBht77JBVbCimdUDBw9siL4GW4=",
              "jobDuration": "1 Jahr, 8 Monat ",
              "jobDates": "08/2010 - 03/2012"
            }
          ]
        }
      ],
      "languages": [
        {
        }
      ]
    },
    {
      "profile": [
        {
          "sex": "f",
          "memberSince_Hits": "14. Oktober 2004 / 4232",
          "currJobDescr": "ZSGXNeWtz4tFTKZJ4x9z2kVjH3hvByNBmxoUF+Q8PdQ=",
          "jobs": [
            {
              "jobTitle": "ZSGXNeWtz4tFTKZJ4x9z2kVjH3hvByNBmxoUF+Q8PdQ=",
              "company": "AGJw+pP7lcgPloLIIoq6t7yAswWAP1qYTS70pSP0eOWw=",
              "company_url": "https://www.xing.com/companies/go?name=kF7YHjRP3fX2C8oDrSpNLbUceiBvThsMzbsY29t3REU=",
              "jobDuration": "7 Monat ",
              "jobDates": "07/2016 - 01/2017"
            },
            {
              "jobTitle": "DxPTUelYchAa8w9sJDuCAx6zrUAX3xMNsNENNUyTIOM=",
              "company": "A/ECVZhv4iZ2TFzmBNjxSYBzKz1hipZYQidP40CJyIbo=",
              "company_url": "https://www.xing.com/companies/go?name=BIFbLWSXXbLNcaetXM0Pj+tS5n/OB+z3Rdtnkpa42S8=",
              "jobDuration": "9 Jahr, 6 Monat ",
              "jobDates": "08/2007 - 01/2017"
            },
            {
              "jobTitle": "UbexejHZVdXI8AedczofQFYXPSd7GW1XcezbZlAdPMY=",
              "company": "AGJw+pP7lcgPloLIIoq6t7yAswWAP1qYTS70pSP0eOWw=",
              "company_url": "https://www.xing.com/companies/go?name=kF7YHjRP3fX2C8oDrSpNLbUceiBvThsMzbsY29t3REU=",
              "jobDuration": "4 Jahr, 4 Monat ",
              "jobDates": "04/2003 - 07/2007"
            },
            {
              "jobTitle": "N6KJz49Sgzj/9YvgMZRStb8HwHTdPVtI3EyoXCAEmMk=",
              "company": "dLQZz915mPYH8D63HS9THZsDVK58Jz8vy1hVW1J7yZho=",
              "company_url": "https://www.xing.com/companies/go?name=ZVLkL1X6L91QVsR1cHs9gNUV7qMPnCRBAt0hrFsQElM=",
              "jobDuration": "2 Jahr, 10 Monat ",
              "jobDates": "03/2000 - 12/2002"
            }
          ]
        }
      ],
      "languages": [
        {
        }
      ],
      "education": [
        {
          "institution": "XnyjlsepuKeoTpTYj7spJobe2NWb3ZdGXf8KQ76o+0E=",
          "url": "https://www.xing.com/search/members?keywords=SQDsPxFHyu7ugcxoZXtlDEAYQM/ZwVCl01MaVscjxoQ=",
          "degree": "Betriebswirtschaftslehre, Diplom-Betriebswirt",
          "eduDuration": "10/1992 - 05/1998"
        }
      ]
    },
    {
      "profile": [
        {
          "sex": "f",
          "memberSince_Hits": "24. November 2008 / 1902",
          "currJobDescr": "SPgb30DrtlaHenYUJo11xO/UAY4gZlh/ubnHPH/kf2g=",
          "jobs": [
            {
              "jobTitle": "SPgb30DrtlaHenYUJo11xO/UAY4gZlh/ubnHPH/kf2g=",
              "company": "FDG5nuejPfWOFfZ3/ceflyt0C4GUKRL1Qldp6vGfDv1g=",
              "company_url": "https://www.xing.com/companies/go?name=TpgV4Z6D/ba9sguK4UzukCHI62a5iDX/XKxLqEWW4K0=",
              "jobDates": "bis heute"
            }
          ]
        }
      ],
      "languages": [
        {
        }
      ],
      "education": [
        {
          "institution": "K0dQWJYAjUjltW3f8zSidje4TyFqIMQ4C4QiDMrqV4s=",
          "url": "https://www.xing.com/search/members?keywords=s2t4NGLrZfm/wsx+vfB5DKUJ7H5bR6Bx4dQ0+iUubdc=",
          "degree": "Mechanical, Associate Degree/ College",
          "eduDuration": "1993 - 1996"
        }
      ]
    },
    {
      "profile": [
        {
          "sex": "m",
          "memberSince_Hits": "7. November 2012 / 686",
          "currJobDescr": "D9gpJfAjlMmg7HojayoRFkrsaRv4OetUH4fCo/xIqHk=",
          "jobs": [
            {
              "jobTitle": "D9gpJfAjlMmg7HojayoRFkrsaRv4OetUH4fCo/xIqHk=",
              "company": "BWkAyr/6RDEteyGdFn5Q19jufhrhDChGYak/GugnW8BI=",
              "company_url": "https://www.xing.com/companies/go?name=HJcIHebGxXLW53D7peorpK1wkZdJF7fUr8UNZTbdAzY=",
              "jobDuration": "5 Jahr, 3 Monat ",
              "jobDates": "11/2011 - 01/2017"
            },
            {
              "jobTitle": "D9gpJfAjlMmg7HojayoRFkrsaRv4OetUH4fCo/xIqHk=",
              "company": "BWkAyr/6RDEteyGdFn5Q19jufhrhDChGYak/GugnW8BI=",
              "company_url": "https://www.xing.com/companies/go?name=HJcIHebGxXLW53D7peorpK1wkZdJF7fUr8UNZTbdAzY=",
              "jobDates": "bis heute"
            }
          ]
        }
      ],
      "languages": [
        {
        }
      ]
    },
    {
      "profile": [
        {
          "sex": "f",
          "memberSince_Hits": "26. Oktober 2010 / 868",
          "currJobDescr": "veoRUXRXs+MA98EA/0P26Bl4y68QBFB3Q24FDYqJy5g=",
          "jobs": [
            {
              "jobTitle": "veoRUXRXs+MA98EA/0P26Bl4y68QBFB3Q24FDYqJy5g=",
              "company": "DPnRRs9cQrzU+vJvh0X/eDIwNnK7z3JG/WAA9Z/dnC7k=",
              "company_url": "https://www.xing.com/companies/go?name=azJex2ROHWsD9yFvRpBjgNXH8bOQsyPef+UysJva3qA=",
              "jobDuration": "2 Jahr, 6 Monat ",
              "jobDates": "08/2014 - 01/2017"
            },
            {
              "jobTitle": "0yd1ZLfN/wFLsXBTEB6mCkuS486p+0/EEu22X8ToNTA=",
              "company": "dje+Y28QEm/suaVZUVNtjX4BDAPeai+SsvLY9GRJEQXM=",
              "company_url": "https://www.xing.com/companies/go?name=bvz9P0K/Q6v3QQd9ke0iIldTj8hd6WNdK2OjvEl9xAw=",
              "jobDuration": "1 Jahr, 7 Monat ",
              "jobDates": "08/2012 - 02/2014"
            },
            {
              "jobTitle": "2uuiok6dH/fgJepaNfQfd6v51YirVA1uMa6+liL7hp4=",
              "company": "BOxfsXWyOb7X9kauZfoPiiTo6RGwixV8iyzOfUmoHsEc=",
              "company_url": "https://www.xing.com/companies/go?name=ykpSilkEvZeWVqaWdQb57AqA/xqQncayj/faQ5xNQUQ=",
              "jobDuration": "9 Monat ",
              "jobDates": "10/2011 - 06/2012"
            },
            {
              "jobTitle": "7KK1AUCn7hyXkMuRJ6VXSg49KZp8C/PnEtixeDnlivI=",
              "company": "DPnRRs9cQrzU+vJvh0X/eDIwNnK7z3JG/WAA9Z/dnC7k=",
              "company_url": "https://www.xing.com/companies/go?name=azJex2ROHWsD9yFvRpBjgNXH8bOQsyPef+UysJva3qA=",
              "jobDuration": "5 Jahr, 9 Monat ",
              "jobDates": "01/2006 - 09/2011"
            },
            {
              "jobTitle": "xK1eMinaT43hvJ9VqsPkrctL0TT5mCaM5ntQG4LV21A=",
              "company": "VyhC1m80ziPfuMfwyZm8x8CSooG4W3p5KDx0Oxzq6Eg8=",
              "company_url": "https://www.xing.com/companies/go?name=sWxX2Wbm4jTgITy1Rvu3Hoxttw7Qicbyd8ngQHw2+FQ=",
              "jobDuration": "2 Jahr, 5 Monat ",
              "jobDates": "09/2003 - 01/2006"
            }
          ]
        }
      ],
      "languages": [
        {
        }
      ],
      "education": [
        {
          "institution": "23OW03wWaVBLYUk0SXEx3B3LqN7YqJqdcjMw4AG7vWQ=",
          "url": "https://www.xing.com/search/members?keywords=fz3N4yjRB8bx3cq1knE+aOm0gyXhYzh1A9T0fJHlJ8s=",
          "degree": "Ausbildereignungsprüfung, Ausbildereignung (AEVO)",
          "eduDuration": "04/2012 - 04/2012"
        },
        {
          "institution": "3A3Mrg8uYH61/stQMl+EUqyjVzFZPRsYU04ckFo12wk=",
          "url": "https://www.xing.com/search/members?keywords=R07mfm+ZN1f/jpySKRnVZsvuOtdZcbgS9MGp19l391U=",
          "degree": "Europäische Betriebswirtschaftslehre, Diplomkauffrau",
          "eduDuration": "06/2010 - 11/2011"
        },
        {
          "institution": "3A3Mrg8uYH61/stQMl+EUqyjVzFZPRsYU04ckFo12wk=",
          "url": "https://www.xing.com/search/members?keywords=R07mfm+ZN1f/jpySKRnVZsvuOtdZcbgS9MGp19l391U=",
          "degree": "Internationale Betriebswirtschaftslehre, Bachelor of Arts",
          "eduDuration": "01/2008 - 06/2010"
        }
      ]
    },
    {
      "profile": [
        {
          "sex": "f",
          "memberSince_Hits": "15. Mai 2011 / 776",
          "currJobDescr": "MFJtyfLHnNr1w2j8AUG8YRKCyoLFQz1mOUYo/+rKngc=",
          "jobs": [
            {
              "jobTitle": "MFJtyfLHnNr1w2j8AUG8YRKCyoLFQz1mOUYo/+rKngc=",
              "company": "HngPIgffFMpLOp6FxEroK/BIkVCnS6G84NrJ4mBzOYqg=",
              "company_url": "https://www.xing.com/companies/go?name=q4HZX4ujuBtDasCJodKraDn4Lsy8NO4piELS7TkTz8U=",
              "jobDuration": "7 Jahr, 1 Monat",
              "jobDates": "01/2010 - 01/2017"
            }
          ]
        }
      ],
      "languages": [
        {
        }
      ],
      "education": [
        {
          "institution": "0Vm2e1l9P94FPEA+YWrzVOCXnOuPuPak87Fc/jKiGjI=",
          "url": "https://www.xing.com/search/members?keywords=G+qNK4f8kG27EzX5+TCydbzge4Hvvt1fa25tRqKwrXE=",
          "degree": "Communication and Public Relations, License",
          "eduDuration": "10/2005 - 07/2008"
        }
      ],
      "awards": [
        {
        }
      ]
    },
    {
      "profile": [
        {
          "sex": "m",
          "memberSince_Hits": "19. Januar 2009 / 1859",
          "currJobDescr": "0YR/GJf/dhG1PMLlxH+u4NjOJS4fsXHPI6xbIOx1YTY=",
          "jobs": [
            {
              "jobTitle": "0YR/GJf/dhG1PMLlxH+u4NjOJS4fsXHPI6xbIOx1YTY=",
              "company": "Aq56rdqtJaWfYoy8p0gBGaHKQtSn4t2/PhE0o8nASv2s=",
              "company_url": "https://www.xing.com/companies/go?name=m0u6JuXVWCih9QZ9gJOyQsI0YMh+qc4a996/Pkh4fvY=",
              "jobDuration": "4 Jahr, 11 Monat ",
              "jobDates": "03/2012 - 01/2017"
            },
            {
              "jobTitle": "IGdyhAlqfGDyjNLJAwkacsdro8xMJV18KEHWtGYRfyQ=",
              "company": "AGJmQUwKmHPuQ0Hw0y3XUCoIzWu3+jTfamXgmQem6pX8=",
              "company_url": "https://www.xing.com/companies/go?name=k7z7XMgJcR1cj7mUIrQNJenP5y/bAL3TgEFwUC/Ocx0=",
              "jobDuration": "2 Jahr, 10 Monat ",
              "jobDates": "04/2014 - 01/2017"
            },
            {
              "jobTitle": "V6KQp1iceJ9uXe+OyQobFEEYHFce3b1QFYdoJuT9VtM=",
              "company": "AarxI8mpiSZt30BP134eClW/L3AwDS4rqPHsECjmUgg0=",
              "company_url": "https://www.xing.com/companies/go?name=DHe0EPI+ZRi93o1KO0nFweTzkFOhWbTx6cLCQaEWj4k=",
              "jobDuration": "3 Monat ",
              "jobDates": "01/2012 - 03/2012"
            },
            {
              "jobTitle": "YZdkpQyLnHhFNhgpRrafkcuR0nUz4d/JcZ5ZiV4XVYU=",
              "company": "AVQKEL/rqtQ77YP9SURd3lPjD9You3cTmRUid64EfAkk=",
              "company_url": "https://www.xing.com/companies/go?name=0IOKt0T54qcNaK5H9tCHCTX36p10uRr7gHmUX2XygUM=",
              "jobDuration": "3 Jahr, 1 Monat",
              "jobDates": "03/2009 - 03/2012"
            },
            {
              "jobTitle": "ZVNOfAqeYUQDb46zj0GyunebkVumuMLTh6ZdeEbsABg=",
              "company": "BM/9E+n+IR6zRuD0F2FZM2YbZOlCBohA2g6UH6cktoWc=",
              "company_url": "https://www.xing.com/companies/go?name=alUCPJ0gN873PQjqDsjmF/GHOKlRpUlu6udpNHZIb6g=",
              "jobDuration": "2 Monat ",
              "jobDates": "10/2011 - 11/2011"
            },
            {
              "jobTitle": "ZVNOfAqeYUQDb46zj0GyunebkVumuMLTh6ZdeEbsABg=",
              "company": "OEeZzMXrRY8O3gCuPpa3uDceREpjX47WEU0nfL4D0D2k=",
              "company_url": "https://www.xing.com/companies/go?name=GMW/OzK2CMs2wErRI5Yrifv8dbSvkwtS84QhjKE7ecM=",
              "jobDuration": "3 Monat ",
              "jobDates": "04/2011 - 06/2011"
            },
            {
              "jobTitle": "Al8Bcws9w52WVnrIUyO6p4a6lOER1Y0nxOcvbNzI8EM=",
              "company": "hoBPjuLC4xmnRq0drV7iw/9cDrirfTjAbxIl5QK8tAac=",
              "company_url": "https://www.xing.com/companies/go?name=lSEeEXl4FyXgHdaP0KcM0pF++OHVBeOdGlFqK+kDrFE=",
              "jobDuration": "3 Jahr, 2 Monat ",
              "jobDates": "10/2007 - 11/2010"
            },
            {
              "jobTitle": "JN+1b2qi1w1vadxUbNZAaJ1AE5ClC/kqp2Q0GKRUniw=",
              "company": "SV5uiG+WfCjC4/sQH6I1OlYhw8Z+5duNkW1uH66TkkJg=",
              "company_url": "https://www.xing.com/companies/go?name=0nlW+qj6tai+OtNiNBzsiP65FNNTKHpO51OYPy6DfJc=",
              "jobDuration": "2 Monat ",
              "jobDates": "08/2010 - 09/2010"
            },
            {
              "jobTitle": "iF4k0yIALx+o45Rbjplxp11w2v7fKV60ooHikYLPCOM=",
              "company": "eVgt/CIyOfVvPzEGIy67oGU2Nth/adASj7aediHxblZY=",
              "company_url": "https://www.xing.com/companies/go?name=KTiDn6Qj1zMjQdAMY3qsQoVZ7OR7DCMjgixbuDQJXe0=",
              "jobDuration": "1 Jahr, 2 Monat ",
              "jobDates": "03/2007 - 04/2008"
            }
          ]
        }
      ],
      "languages": [
        {
        }
      ],
      "education": [
        {
          "institution": "wNDvWe/aJHrJv++cwCLIQad7J5XMMXswLL9KFt6ZyTw=",
          "url": "https://www.xing.com/search/members?keywords=otv4MMV908dWc0ZKPP6Bv8y0s+i3RdIpgexzS/VQB60=",
          "degree": "Wirtschaftsmathematik, Diplom (Note: 2,75)",
          "eduDuration": "10/2005 - 09/2011"
        }
      ]
    },
    {
      "profile": [
        {
          "sex": "f",
          "memberSince_Hits": "22. Dezember 2006 / 1224",
          "currJobDescr": "veoRUXRXs+MA98EA/0P26Bl4y68QBFB3Q24FDYqJy5g=",
          "jobs": [
            {
              "jobTitle": "veoRUXRXs+MA98EA/0P26Bl4y68QBFB3Q24FDYqJy5g=",
              "company": "RZKpoL3AWWxyJn1sxs8KSx7anglpEpzUS5ti3r4J9oZ4=",
              "company_url": "https://www.xing.com/companies/go?name=hIFPyZIp2wBccbH7eS6cgbJ8AkddSThDbQR8ffi+m1A=",
              "jobDuration": "11 Jahr, 10 Monat ",
              "jobDates": "04/2005 - 01/2017"
            }
          ]
        }
      ],
      "languages": [
        {
        }
      ]
    },
    {
      "profile": [
        {
          "sex": "m",
          "memberSince_Hits": "12. November 2008 / 692",
          "currJobDescr": "veoRUXRXs+MA98EA/0P26Bl4y68QBFB3Q24FDYqJy5g=",
          "jobs": [
            {
              "jobTitle": "veoRUXRXs+MA98EA/0P26Bl4y68QBFB3Q24FDYqJy5g=",
              "company": "SPd7a4TP9kGZcn6QiG3ucro9Y1WmeOCed+eo+SgrLtyo=",
              "company_url": "https://www.xing.com/companies/go?name=tK8eZovfOvMIPmcc7AMVRx0hNUzwkrgypXu7JNf7rjU=",
              "jobDuration": "9 Jahr, 4 Monat ",
              "jobDates": "10/2007 - 01/2017"
            },
            {
              "jobTitle": "HNWdlD1cNSeMapwuoLTjXTEs2TVzwcIt8XBaQ4uT1wE=",
              "company": "LtypECDwKVzSuxbmnzao1sO60V6zAezds1kP90JAblAY=",
              "company_url": "https://www.xing.com/companies/go?name=tAoDV4wtgUSsSsMgExDzK74gszzvaUWSZVuztYyoMvw=",
              "jobDuration": "2 Jahr, 5 Monat ",
              "jobDates": "05/2005 - 09/2007"
            },
            {
              "jobTitle": "dhG4Xg8qVmg5fDclyn/aiqbUrIR/vWPi2mU8i3HVL7A=",
              "company": "Pp04up5AWX6sOpon6rklOqtCPyS9kfmhIGjcrXKOuECw=",
              "company_url": "https://www.xing.com/companies/go?name=YB7asgqlNaEOIk1hZH0nIp3+SGy8KxOnCeCJ9vOnwJI=",
              "jobDuration": "4 Jahr, 11 Monat ",
              "jobDates": "05/2000 - 03/2005"
            }
          ]
        }
      ],
      "languages": [
        {
        }
      ],
      "education": [
        {
          "institution": "ByX0qqTgzFHqUPxrz8P94SsWHrtKjGO3EVy84HLjeY4=",
          "url": "https://www.xing.com/search/members?keywords=sNuKYbUEb+ocnhuEOCfhvgDAc79iffHh8HZ+57XpM1c=",
          "degree": "Electrical Engineering"
        }
      ]
    },
    {
      "profile": [
        {
          "sex": "f",
          "memberSince_Hits": "7. November 2005 / 456",
          "currJobDescr": "veoRUXRXs+MA98EA/0P26Bl4y68QBFB3Q24FDYqJy5g=",
          "jobs": [
            {
              "jobTitle": "veoRUXRXs+MA98EA/0P26Bl4y68QBFB3Q24FDYqJy5g=",
              "company": "IlCV3WHkHHK7SHnx6lArueqsUXNRSXcklMGWAJPw/jpo=",
              "company_url": "https://www.xing.com/companies/go?name=MKpremWMBcqrerxUxVHgcKofpHhXHW/2aDOProAtAHw=",
              "jobDuration": "8 Jahr, 11 Monat ",
              "jobDates": "03/2008 - 01/2017"
            },
            {
              "jobTitle": "TrHYSRUsLDNLSf9EMjjvL+ai5MyNEJLRr+G3NpzpWEw=",
              "company": "WnvNStRm+dA69rSLrBndzDMwHY0zqenSw6R4adlJpwdg=",
              "company_url": "https://www.xing.com/companies/go?name=HmEDfWvaP6hSbHkLTMXUJAVSWYSJLayw68n3OJ3K+9g=",
              "jobDates": "2000 - 01/2017"
            },
            {
              "jobTitle": "SNA+9ChN/JQeu2h4yAy7ayDZhBUn6NjJlDH/2xuEb04=",
              "company": "HXKdSsY7EZkDMy/fpdehUyLuN/ByK0/ycO2uX9qKYqTY=",
              "company_url": "https://www.xing.com/companies/go?name=gVnHVQ4bWY0wod6g6QhkisZIMkaDhY9WRGKNw5OgVKI=",
              "jobDuration": "1 Jahr",
              "jobDates": "03/2007 - 02/2008"
            },
            {
              "jobTitle": "jrf666TeoyoS0uq+LolxK8w0jr2tfbIfUd3+TB7gkYg=",
              "company": "KTshYDBpjD13AHEjs4MuYRZtc4kpqssgLezEh0WWsPZ8=",
              "company_url": "https://www.xing.com/companies/go?name=s/SOaJoyzuclE0d/Mr4cSUTFDXzW08yRG38j4BUbvuY=",
              "jobDuration": "1 Jahr, 2 Monat ",
              "jobDates": "01/2006 - 02/2007"
            },
            {
              "jobTitle": "ej3/HpmRDukkQJ/jVltFyPHcFzzGHG8Ti0XgQqsnZPE=",
              "company": "F3mWfnwhgQ4f7JForEinhnQ/LAgEvNY9IvWM3XUnQPtM=",
              "company_url": "https://www.xing.com/companies/go?name=OgQRLN4dEf4FI0jiyG8gMVmHilwIHvewMJJsG7ZbyAQ=",
              "jobDuration": "3 Monat ",
              "jobDates": "07/2003 - 09/2003"
            },
            {
              "jobTitle": "KZlIPwV1zGIR/z+u/eJE1KUTzWhkjasKJAjXIJVNmw0=",
              "company": "IPP3sI1si/Y24kSlmoeaMqsVsC9dL0HrthSjd+0jsMkc=",
              "company_url": "https://www.xing.com/companies/go?name=KFm6kx1wAhKXlF9hAYPRoTWriX7KuGdXdEFYVOxN6/k=",
              "jobDuration": "3 Monat ",
              "jobDates": "03/2003 - 05/2003"
            },
            {
              "jobTitle": "c5sv781K5kbb+3QZUfk52XFpbKYKV+ha8HyJMaHSZBA=",
              "company": "DK4zFaCwo/CpfF3yg/BIdZoJBbn4rXDzQxXs1vgY0qoc=",
              "company_url": "https://www.xing.com/companies/go?name=CjvqprQApOteywRHhvmBffH+Lt0p4l64AgFEmPV4AtU=",
              "jobDuration": "4 Monat ",
              "jobDates": "10/2002 - 01/2003"
            },
            {
              "jobTitle": "HGe9rgiFMnXQOpQOQ95H4T9JQu+AWbt+JO/Q6rgJzNo=",
              "company": "RueaeQcwpKjZJB/kqCxAkN347SyjRr5Bc+mVxi8oiYyM=",
              "company_url": "https://www.xing.com/companies/go?name=HPx3gdgriz6cWTRfhSXudAnzcjSSxFe1kiNeV5WuMMM=",
              "jobDates": "1995 - 1998"
            }
          ]
        }
      ],
      "languages": [
        {
        }
      ],
      "education": [
        {
          "institution": "YgmOJABxaKYGdQSbfwcmFrAy5VzZXIiQaoBbXwRTlEs=",
          "url": "https://www.xing.com/search/members?keywords=iBfuYIvrstKXpuqfphpsT1cGMCvyFlg2fvC28nJZxe8=",
          "degree": "European Studies, Master of Arts",
          "eduDuration": "10/2003 - 10/2005"
        },
        {
          "institution": "I5jyYMnlakx6g8WqLnC5Tgz/udwON3sYeVVgeiuGSNc=",
          "url": "https://www.xing.com/search/members?keywords=ep3kxE2Ijuqip0xOS9P2+j1QgFELCKUD81fJ+NTRTVc=",
          "degree": "International Business Administration, Bachelor",
          "eduDuration": "10/1998 - 09/2002"
        }
      ]
    },
    {
      "profile": [
        {
          "sex": "m",
          "memberSince_Hits": "26. Oktober 2016 / 49",
          "currJobDescr": "veoRUXRXs+MA98EA/0P26Bl4y68QBFB3Q24FDYqJy5g=",
          "jobs": [
            {
              "jobTitle": "veoRUXRXs+MA98EA/0P26Bl4y68QBFB3Q24FDYqJy5g=",
              "company": "TKc4f8R5DWc5r5sMs7te5+LhbbWr8MtC4yBTde1xicWg=",
              "company_url": "https://www.xing.com/companies/go?name=sWI1jDn30BycWE+cKmQWaBXxWht1/fGSExq2fJnFgH8=",
              "jobDuration": "2 Jahr, 5 Monat ",
              "jobDates": "09/2014 - 01/2017"
            },
            {
              "jobTitle": "QvQdGu16lSCTqHrI0kMs4RXEKA28nX3qJT9AmN7noF4=",
              "company": "MclK3+Ajx72dJCew1JnidB1rw3lnfyxxTB8WFuzM9Zns=",
              "company_url": "https://www.xing.com/companies/go?name=9IyvENGTv/L/rEnrQK7Ty8dJRo1T52gH8jqrCy67kTU=",
              "jobDuration": "1 Jahr, 11 Monat ",
              "jobDates": "06/2012 - 04/2014"
            },
            {
              "jobTitle": "LNLQ+ZpWsCiMhAydVxgs+kwZxchLN5vB5Rt0R8SONW0=",
              "company": "MclK3+Ajx72dJCew1JnidB1rw3lnfyxxTB8WFuzM9Zns=",
              "company_url": "https://www.xing.com/companies/go?name=9IyvENGTv/L/rEnrQK7Ty8dJRo1T52gH8jqrCy67kTU=",
              "jobDuration": "1 Jahr, 11 Monat ",
              "jobDates": "08/2010 - 06/2012"
            },
            {
              "jobTitle": "ayRbhFgC2g45aBU/Gzj3ppwRoHimeisXsOqlyzOfGoo=",
              "company": "PZ9SmKnJjdozD1kRh4nKZc4AjDWPBA2dYD2TDS/a07RA=",
              "company_url": "https://www.xing.com/companies/go?name=46CxJhkpCMJjMk3CeDHEgIpUyDFN7S1sQHXANQugd8Q=",
              "jobDuration": "2 Monat ",
              "jobDates": "07/2008 - 08/2008"
            },
            {
              "jobTitle": "p3iYqkBcp6Odm/eHaantm5/3E6At9DpGn/Sj+7yIq7w=",
              "company": "PZ9SmKnJjdozD1kRh4nKZc4AjDWPBA2dYD2TDS/a07RA=",
              "company_url": "https://www.xing.com/companies/go?name=46CxJhkpCMJjMk3CeDHEgIpUyDFN7S1sQHXANQugd8Q=",
              "jobDuration": "2 Jahr, 11 Monat ",
              "jobDates": "08/2005 - 06/2008"
            }
          ]
        }
      ],
      "languages": [
        {
        }
      ],
      "education": [
        {
          "institution": "6gKLc4c7+H8AgJKBIRfJ8jot1dKGymLMJnFqRuDdE/E=",
          "url": "https://www.xing.com/search/members?keywords=sXtGYOhzW1pi31IKWX1kKN7thyiM/0ElYRuyW8WkS1U=",
          "degree": "Industriekaufmann",
          "eduDuration": "08/2010 - 06/2012"
        },
        {
          "institution": "cAARy9A9CQDR1zBx6ROq/43Osc3hkbjFKmkrA/MnGRU=",
          "url": "https://www.xing.com/search/members?keywords=lhqGLJnEuEG5m1wbIl9rXnvY6FcYkAoBKpXLpD3zd5c=",
          "degree": "Betriebswirtschaftslehre, Ohne Abschluss",
          "eduDuration": "09/2009 - 08/2010"
        },
        {
          "institution": "I9ZGllxzq9trONwBAzAZWNedTMLHDPt2wTJurxoKEX0=",
          "url": "https://www.xing.com/search/members?keywords=t1bFw2QNu4yVLUxWaLj7Vd4k7Cx5n+lwP7cYpSH8HjQ=",
          "degree": "Wirtschaftsinformatik, Ohne Abschluss",
          "eduDuration": "09/2008 - 08/2009"
        },
        {
          "institution": "zwZQRJ2UqwtxgozSr6bYTP1qPluekCLkP8NnFZcso8Y=",
          "url": "https://www.xing.com/search/members?keywords=zwZQRJ2UqwtxgozSr6bYTP1qPluekCLkP8NnFZcso8Y=",
          "degree": "Rechtsanwaltsfachangestellter, Fachhochschulreife",
          "eduDuration": "08/2005 - 06/2008"
        }
      ]
    },
    {
      "profile": [
        {
          "sex": "m",
          "memberSince_Hits": "22. August 2014 / 898",
          "currJobDescr": "veoRUXRXs+MA98EA/0P26Bl4y68QBFB3Q24FDYqJy5g=",
          "jobs": [
            {
              "jobTitle": "veoRUXRXs+MA98EA/0P26Bl4y68QBFB3Q24FDYqJy5g=",
              "company": "ST/q5GFHE7NR9AutGYQRWBb7pZ8/UEcfFPN/z94MDcxo=",
              "company_url": "https://www.xing.com/companies/go?name=WUpsjOoshV//hszYSAjTwEE5Kl7+YDMKN3JJbiWX0Go=",
              "jobDuration": "1 Jahr, 1 Monat",
              "jobDates": "01/2016 - 01/2017"
            },
            {
              "jobTitle": "hSKjfYjtiCyp/kdtda9WqH2wX7hfKZmc7nAl9+dIaHc=",
              "company": "Hk5WkBkC9mTzOSx1Mf9EdFS4fFr1HKuBLPAh/vmK7AZQ=",
              "company_url": "https://www.xing.com/companies/go?name=01LAWV0mtIfrW1+ZYe3nfArvjLouKfdVao4t92bdD34=",
              "jobDuration": "2 Jahr, 4 Monat ",
              "jobDates": "09/2013 - 12/2015"
            },
            {
              "jobTitle": "ZlLhbwjsa0+7bP8pXisATRxmN60ZDqyLkkFPR6hpdTM=",
              "company": "SEc9ssNh5WgU09OWW2zEw3J/VzQQWWgNcrTWvIMk3dgk=",
              "company_url": "https://www.xing.com/companies/go?name=FXYe5bRhtq8A2e+4c06/ClwhamqF2KdbHFbdnfHdbsk=",
              "jobDuration": "9 Monat ",
              "jobDates": "01/2013 - 09/2013"
            },
            {
              "jobTitle": "rNkeA+pL9+aD1rAHtD/zWTXkve4EZsWQnYx4EBGiCrc=",
              "company": "SEc9ssNh5WgU09OWW2zEw3J/VzQQWWgNcrTWvIMk3dgk=",
              "company_url": "https://www.xing.com/companies/go?name=FXYe5bRhtq8A2e+4c06/ClwhamqF2KdbHFbdnfHdbsk=",
              "jobDuration": "2 Jahr, 6 Monat ",
              "jobDates": "08/2010 - 01/2013"
            }
          ]
        }
      ],
      "languages": [
        {
        }
      ],
      "education": [
        {
          "institution": "ZDamNYY880hxLWCOiZva2Wgfjlke1UWGTaUM9M25jms=",
          "url": "https://www.xing.com/search/members?keywords=Gv4YDfeg26ZOsnLjy9Mp2zBV7hnYs7ha49Vy6dluk/4=",
          "degree": "Wirtschaft, Fachhochschulreife",
          "eduDuration": "08/2008 - 06/2010"
        }
      ]
    },
    {
      "profile": [
        {
          "sex": "m",
          "memberSince_Hits": "23. September 2013 / 583",
          "currJobDescr": "veoRUXRXs+MA98EA/0P26Bl4y68QBFB3Q24FDYqJy5g=",
          "jobs": [
            {
              "jobTitle": "veoRUXRXs+MA98EA/0P26Bl4y68QBFB3Q24FDYqJy5g=",
              "company": "NWSgQ6Xirfj1qWKv1t31DOZmaLY9thDHNn9pWyqiZ0Ic=",
              "company_url": "https://www.xing.com/companies/go?name=oxppJFJ1kp3vJan+Gf/KNDRgvwyZ7OCy8zWr7va/w7o=",
              "jobDates": "bis heute"
            }
          ]
        }
      ],
      "languages": [
        {
        }
      ]
    },
    {
      "profile": [
        {
          "sex": "m",
          "memberSince_Hits": "28. September 2012 / 706",
          "currJobDescr": "veoRUXRXs+MA98EA/0P26Bl4y68QBFB3Q24FDYqJy5g=",
          "jobs": [
            {
              "jobTitle": "veoRUXRXs+MA98EA/0P26Bl4y68QBFB3Q24FDYqJy5g=",
              "company": "AGHmXSt7mqLp1FPSvMtWkvisbgdVlKej9laeQFGHe6rs=",
              "company_url": "https://www.xing.com/companies/go?name=vZsTOC2fCNDe7g4gRl57M03QhrpRWvMXi7oqPOnrOWo=",
              "jobDates": "bis heute"
            }
          ]
        }
      ],
      "languages": [
        {
        }
      ]
    },
    {
      "profile": [
        {
          "sex": "f",
          "memberSince_Hits": "5. Februar 2012 / 494",
          "currJobDescr": "veoRUXRXs+MA98EA/0P26Bl4y68QBFB3Q24FDYqJy5g=",
          "jobs": [
            {
              "jobTitle": "veoRUXRXs+MA98EA/0P26Bl4y68QBFB3Q24FDYqJy5g=",
              "company": "CAxNUZk8W+L50lIGljXL1dFJ6CxUmIY+4/4GlvxSYbYE=",
              "company_url": "https://www.xing.com/companies/go?name=VPyYbxiZfSfdndUhVY8IPsS4Pv4ak0Oj8gNOgsRy+mA=",
              "jobDuration": "9 Monat ",
              "jobDates": "05/2016 - 01/2017"
            },
            {
              "jobTitle": "Z67CoXArzLeSrB20yTf/YzB35O6NzA3TSXUDLYo8M/g=",
              "company": "Mx4ZwonjUQGsRH1e8QVbXV305iO9f3tt+4xjzJjZ1w8w=",
              "company_url": "https://www.xing.com/companies/go?name=rc5550AurCFXlloABif3vUt6lt19vGtPZKkxIpV0WYA=",
              "jobDuration": "4 Jahr, 2 Monat ",
              "jobDates": "03/2012 - 04/2016"
            },
            {
              "jobTitle": "t4yUIVU8NRXKKQoVVcRK/CF3wKsBIs4C/qdVmLPm2No=",
              "company": "BA7zBKayU4Dn1yB5juS4830FXGJcd4Z7qyi8YriHbzZw=",
              "company_url": "https://www.xing.com/companies/go?name=8zjN7SPnp57e1mqLg8Kc+H2cJqSfjYzHTshzQeVLmBw=",
              "jobDuration": "2 Jahr, 6 Monat ",
              "jobDates": "09/2009 - 02/2012"
            },
            {
              "jobTitle": "UpoSU5KwUNKPNInfLb7yRTIKu/QekgwRMyzFJz0KXuM=",
              "company": "PFA4vg+/bdp+IGnAqPQ2KfxmTkqt7ZqLWNLXS6XbWJGk=",
              "company_url": "https://www.xing.com/companies/go?name=41hRJihoiHhwshB+tmPV8jEDJUHBUK5EqO0ZkR0r534=",
              "jobDuration": "5 Monat ",
              "jobDates": "04/2009 - 08/2009"
            },
            {
              "jobTitle": "Fy/2aatBN6NLrFTBs2Don2+VpZ6nZGZu/2W40lkA8CQ=",
              "company": "A8jeG92FsruUwqucC3NJewf025kXbcFTCbLo/aeomQ9w=",
              "company_url": "https://www.xing.com/companies/go?name=nhloNU1nVpjbZBBF0S76n800v48fjWPkq/dFgBqEs9A=",
              "jobDuration": "4 Monat ",
              "jobDates": "12/2008 - 03/2009"
            },
            {
              "jobTitle": "O7Hc2I+PTGwBPpL8LpTVKGl9xHRA+v1Kh1FZOyvNnzs=",
              "company": "PberCT43ij79exs/7wNDpcCqNhYP7697qBiVwjHq6Ej8=",
              "company_url": "https://www.xing.com/companies/go?name=0Cpk0krhUAegqYbfy+IQ8H4xvpJDrlbdRRIoNJ1I6aY=",
              "jobDuration": "8 Monat ",
              "jobDates": "05/2008 - 12/2008"
            },
            {
              "jobTitle": "Lz9qZdoMgFO6VYRfyQbgrAHXaLpX6XrRWsKwP30CrzI=",
              "company": "I/YzmkWntl4BrK2/ZQ1y4OV2ybuCKZZeoLstQ/2N+b80=",
              "company_url": "https://www.xing.com/companies/go?name=YRVs4kZeu2qREInA1d0GsaYwm8jahkUAA0ziJmgL2ig=",
              "jobDuration": "3 Jahr, 11 Monat ",
              "jobDates": "06/2004 - 04/2008"
            }
          ]
        }
      ],
      "languages": [
        {
        }
      ],
      "education": [
        {
          "institution": "ZG6wiH2hCuohfxXjYIbmVsfTxKIlbm0i17PvQAkw0NE=",
          "url": "https://www.xing.com/search/members?keywords=ZG6wiH2hCuohfxXjYIbmVsfTxKIlbm0i17PvQAkw0NE=",
          "degree": "Controlling, staatlich geprüfte Betriebswirtin im Controlling",
          "eduDuration": "08/2012 - 08/2015"
        },
        {
          "institution": "LKlTImKoEvyZh5BvPTxuihdD3giUWEvtZ30tPgJ2ew8=",
          "url": "https://www.xing.com/search/members?keywords=LKlTImKoEvyZh5BvPTxuihdD3giUWEvtZ30tPgJ2ew8=",
          "degree": "Kaufmännisch, Bürokauffrau",
          "eduDuration": "08/2004 - 06/2007"
        }
      ]
    },
    {
      "profile": [
        {
          "sex": "f",
          "memberSince_Hits": "15. April 2011 / 644",
          "currJobDescr": "veoRUXRXs+MA98EA/0P26Bl4y68QBFB3Q24FDYqJy5g=",
          "jobs": [
            {
              "jobTitle": "veoRUXRXs+MA98EA/0P26Bl4y68QBFB3Q24FDYqJy5g=",
              "company": "F8IKSQt6p6KnpNYJsnsTmBG/hGyxUOG3Ltp3sz+Cf18M=",
              "company_url": "https://www.xing.com/companies/go?name=D/0BR3NaSm2RckJg/jrVAn7uOmpEKYRA+ZHSA1AMQeE=",
              "jobDates": "bis heute"
            }
          ]
        }
      ],
      "languages": [
        {
        }
      ]
    },
    {
      "profile": [
        {
          "sex": "m",
          "memberSince_Hits": "24. Oktober 2010 / 2658",
          "currJobDescr": "veoRUXRXs+MA98EA/0P26Bl4y68QBFB3Q24FDYqJy5g=",
          "jobs": [
            {
              "jobTitle": "veoRUXRXs+MA98EA/0P26Bl4y68QBFB3Q24FDYqJy5g=",
              "company": "ApeSGo169JUz2OahZPJTaQNMgXTwewu+WpYieNm1uglM=",
              "company_url": "https://www.xing.com/companies/go?name=7JzzQflWOzfphJ4nNDTH21p5HG0DIxpjk1cmKH/sUZw=",
              "jobDuration": "3 Jahr, 1 Monat",
              "jobDates": "01/2014 - 01/2017"
            },
            {
              "jobTitle": "EgpeVK0B6f5DJnQHbiH9bLcBphkQQl5w5B8SPxYzlmM=",
              "company": "ApeSGo169JUz2OahZPJTaQNMgXTwewu+WpYieNm1uglM=",
              "company_url": "https://www.xing.com/companies/go?name=7JzzQflWOzfphJ4nNDTH21p5HG0DIxpjk1cmKH/sUZw=",
              "jobDuration": "1 Jahr, 7 Monat ",
              "jobDates": "06/2012 - 12/2013"
            },
            {
              "jobTitle": "EgpeVK0B6f5DJnQHbiH9bLcBphkQQl5w5B8SPxYzlmM=",
              "company": "ApeSGo169JUz2OahZPJTaQNMgXTwewu+WpYieNm1uglM=",
              "company_url": "https://www.xing.com/companies/go?name=7JzzQflWOzfphJ4nNDTH21p5HG0DIxpjk1cmKH/sUZw=",
              "jobDuration": "10 Monat ",
              "jobDates": "08/2011 - 05/2012"
            },
            {
              "jobTitle": "wqc8lSzYrgLI02rVoVB+/iL94wKsecnxpWGWJ9edYSw=",
              "company": "Snzb+/i9YRRgwVrZr6tUFPXxX6uEd+29hinjg5Wf6/+w=",
              "company_url": "https://www.xing.com/companies/go?name=g3WG14AnIya1i4lmvReHztLshwlTcV/oyXDkdekK6F4=",
              "jobDuration": "12 Jahr, 3 Monat ",
              "jobDates": "05/1999 - 07/2011"
            }
          ]
        }
      ],
      "languages": [
        {
        }
      ],
      "education": [
        {
          "institution": "NZZ0gOGTbfmODxDMtjBzx73ifgVldAoqmKQiAI8yVn0=",
          "url": "https://www.xing.com/search/members?keywords=nzUxZ2T/rgbcuFdGixU0ZH4lDSFjf0GSuBXbt0/rIW8=",
          "degree": "Rechnungswesen, Betriebswirt"
        }
      ]
    },
    {
      "profile": [
        {
          "sex": "f",
          "memberSince_Hits": "24. Mai 2016 / 210",
          "currJobDescr": "YxU+hJGzvdxYlXp+F2GT+pKvuZi1ar7Ovwn+xvFlPp4=",
          "jobs": [
            {
              "jobTitle": "YxU+hJGzvdxYlXp+F2GT+pKvuZi1ar7Ovwn+xvFlPp4=",
              "company": "TKc4f8R5DWc5r5sMs7te5+LhbbWr8MtC4yBTde1xicWg=",
              "company_url": "https://www.xing.com/companies/go?name=sWI1jDn30BycWE+cKmQWaBXxWht1/fGSExq2fJnFgH8=",
              "jobDuration": "2 Jahr, 6 Monat ",
              "jobDates": "08/2014 - 01/2017"
            },
            {
              "jobTitle": "5E4o+lUpRHFpfBEadtFpGmDQGcJ+/v/U++tR+F57xc8=",
              "company": "MebzrvHqf91iN+84r8fNHlQNZWGz8i3rwUAXi6iMRIAQ=",
              "company_url": "https://www.xing.com/companies/go?name=gXGkcU/D3po704Ss7/l91Re5w9RH6TEKCFO9EsSAcP8=",
              "jobDates": "2014 - 2014"
            },
            {
              "jobTitle": "CvzHNUV5+QER1xBTpUhJtJd6y/I6xlkMIwsSttrpKxA=",
              "company": "MebzrvHqf91iN+84r8fNHlQNZWGz8i3rwUAXi6iMRIAQ=",
              "company_url": "https://www.xing.com/companies/go?name=gXGkcU/D3po704Ss7/l91Re5w9RH6TEKCFO9EsSAcP8=",
              "jobDuration": "2 Jahr, 5 Monat ",
              "jobDates": "09/2011 - 01/2014"
            }
          ]
        }
      ],
      "languages": [
        {
        }
      ],
      "education": [
        {
          "institution": "6gKLc4c7+H8AgJKBIRfJ8jot1dKGymLMJnFqRuDdE/E=",
          "url": "https://www.xing.com/search/members?keywords=sXtGYOhzW1pi31IKWX1kKN7thyiM/0ElYRuyW8WkS1U=",
          "eduDuration": "2011 - 2013"
        }
      ]
    },
    {
      "profile": [
        {
          "sex": "m",
          "memberSince_Hits": "8. August 2015 / 212",
          "currJobDescr": "FvPyvzr8XOAFOgOWolDzY0R4ntLGLwYfGkaHM37moiE=",
          "jobs": [
            {
              "jobTitle": "FvPyvzr8XOAFOgOWolDzY0R4ntLGLwYfGkaHM37moiE=",
              "company": "D5N44vUWk3dcpbZk4MUQUozbuPLr5NbjOC1VT7pmi4tI=",
              "company_url": "https://www.xing.com/companies/go?name=j8n1F/qs7NCbvfwOm6uALCcekM2BtrsfbYGNfvmmI6Q=",
              "jobDates": "bis heute"
            }
          ]
        }
      ]
    },
    {
      "profile": [
        {
          "sex": "f",
          "memberSince_Hits": "26. Oktober 2014 / 698",
          "currJobDescr": "Xir6GUlZim5Nm58JS8FjXIPsDWvUJsElZUEdOBzlnos=",
          "jobs": [
            {
              "jobTitle": "Xir6GUlZim5Nm58JS8FjXIPsDWvUJsElZUEdOBzlnos=",
              "company": "HcSnVroSnttwDfvsFMZcJvknh7ix3U15MXlZXFP3y1T0=",
              "company_url": "https://www.xing.com/companies/go?name=H8/c84G3uIKO+1YdhIkQccL/XczyAEwgulUSagfPauw=",
              "jobDuration": "5 Jahr, 7 Monat ",
              "jobDates": "07/2011 - 01/2017"
            },
            {
              "jobTitle": "woeqrl80wtwHuTA6T0jv5PtwY8mo2hUjALj3ah7+2Hs=",
              "company": "OrhIgWPwAelakgLCG5dpZ/hbgUHMe7FCUzNhTA3clE8k=",
              "company_url": "https://www.xing.com/companies/go?name=HvyonL1XzIJ9CynKoPX6wai9BpgJVnhaFCNexfhsfp8=",
              "jobDuration": "5 Jahr, 11 Monat ",
              "jobDates": "08/2005 - 06/2011"
            },
            {
              "jobTitle": "fI+HDyy3Nf0aJHk+iLP2UBn0cBG6B926WX9SyolhRWI=",
              "company": "OpP0/LQIwqYVI+ox2WaI/bO73KzlfXfzBg17pRHMD1q4=",
              "company_url": "https://www.xing.com/companies/go?name=yzH8apvSkHBKGHkIGKYS48R+WoNtuf8hPylHkC71xVU=",
              "jobDuration": "5 Jahre",
              "jobDates": "08/2000 - 07/2005"
            },
            {
              "jobTitle": "FbuhYSezFpCpslM6Yrw5dWpQguK9LZT9Y8dIBQOXXSE=",
              "company": "Zgk2fVtNX3UMCrFZNjCY8LOvfYkjkbhcbXJFPaGDXPVg=",
              "company_url": "https://www.xing.com/companies/go?name=1Qr91RNouXvLR1FgFbtG31Aa4jK7s2WPt6sJw8UBIKU=",
              "jobDuration": "4 Jahr, 2 Monat ",
              "jobDates": "06/1996 - 07/2000"
            }
          ]
        }
      ],
      "languages": [
        {
        }
      ],
      "education": [
        {
          "institution": "13J5gVfeSq0mNwMckQOSEiBYNw6Tiw5zTJ5PnPUvZhs=",
          "url": "https://www.xing.com/search/members?keywords=wqwA/CE3p08j6Kf2Ibj3GA8tttKSy3x7pOnRGwnnQlo=",
          "degree": "Betriebswirtschaft, Betriebswirtin IHK",
          "eduDuration": "11/2001 - 02/2003"
        },
        {
          "institution": "WdQDfTx1PXKlPioKyXLol5ob/PE4f8XtEnIY1hTU+0o=",
          "url": "https://www.xing.com/search/members?keywords=p9V82WWHx8zwgazMrnkEd2CMwklGmmKOQ05dzqQ9Tmc=",
          "degree": "Slawistik, Diplom",
          "eduDuration": "08/1981 - 09/1986"
        }
      ]
    },
    {
      "profile": [
        {
          "sex": "m",
          "memberSince_Hits": "8. September 2009 / 1830",
          "currJobDescr": "dp6ZfLSrxSC06rfU7xizhD+EQ2KP5Vpo2JAAob+pyxo=",
          "jobs": [
            {
              "jobTitle": "dp6ZfLSrxSC06rfU7xizhD+EQ2KP5Vpo2JAAob+pyxo=",
              "company": "AviMlkT9/A43KLI+KTJMBI18uTGzbgHmnOs71MgErTL4=",
              "company_url": "https://www.xing.com/companies/go?name=k+vTVGf6aegOZ7l1vdZQQ2spM+/amjfEgSOSsemhu5k=",
              "jobDates": "bis heute"
            }
          ]
        }
      ],
      "languages": [
        {
        }
      ],
      "education": [
        {
          "institution": "2m3YRx6hyp6gVTE7QsIBrRK/EOvVax89ja/Xrh96qRU=",
          "url": "https://www.xing.com/search/members?keywords=RXeFcdFhUKf0RHaJGe5jC83AZUC3to7AwLXRnhdtI/s="
        }
      ]
    },
    {
      "profile": [
        {
          "sex": "m",
          "memberSince_Hits": "21. November 2006 / 4193",
          "currJobDescr": "veoRUXRXs+MA98EA/0P26Bl4y68QBFB3Q24FDYqJy5g=",
          "jobs": [
            {
              "jobTitle": "veoRUXRXs+MA98EA/0P26Bl4y68QBFB3Q24FDYqJy5g=",
              "company": "HiSRdCrCKXJWkpuqIe2Sbl1GH6aJI770g6rSATzszizY=",
              "company_url": "https://www.xing.com/companies/go?name=sXKdzvTQMy0CBivRXHc4dQrKIS2nwj8n2I9mzOBlC4E=",
              "jobDuration": "3 Jahr, 4 Monat ",
              "jobDates": "10/2013 - 01/2017"
            },
            {
              "jobTitle": "ZNQTiPxNMcdYe90ZV8ABha9toLtGRf3pNySKiEnTOLc=",
              "company": "H7UwZFsjPtRVMNwF0O79gHpT1J+PSBpJ/8LpXoksRLwA=",
              "company_url": "https://www.xing.com/companies/go?name=Dr2cezth4d4ezQIE/tpcslM/HFsXv5G1vUWxk02Khg0=",
              "jobDuration": "6 Jahr, 7 Monat ",
              "jobDates": "03/2007 - 09/2013"
            },
            {
              "jobTitle": "9GsnzpEOuh9y/drhd45sgNjnYlr3oj936AG4ZfY8GGY=",
              "company": "cki1ab92mvF7ityuAfnVifWtXCCSCWKp+d865PRJNSc8=",
              "company_url": "https://www.xing.com/companies/go?name=QTOH2MnhDSQgZ8ioC97YYpt9awoJohkpJFunZQz1C3s=",
              "jobDuration": "1 Jahr, 2 Monat ",
              "jobDates": "01/2006 - 02/2007"
            },
            {
              "jobTitle": "7bESMKBLHWDhCNqNu+/xqcpb1pOjNTXTn4bSRlfKe/g=",
              "company": "[uZBNshfZMcS2Tss30B1OKvaRfvkXU/ZIdqCIaWzffsQ=",
              "company_url": "https://www.xing.com/companies/go?name=1xo+TinQ13HmwteJKwKJZVOr+nfMSGxhGOBFqLjeWy0=",
              "jobDuration": "6 Jahr, 6 Monat ",
              "jobDates": "07/1999 - 12/2005"
            },
            {
              "jobTitle": "YOZmbMPbigAIfkvXMouek88yLYxXaDUJ+uaKjRfd8pk=",
              "company": "AlZZopoOy8jXCtbQupSRlXqFQ+G6xZ3/qQ7TE2mQrpeM=",
              "company_url": "https://www.xing.com/companies/go?name=ghMwrpeG+Kljpf0OWDDTxy7O5I9ePtjybNakg5JUpss=",
              "jobDuration": "3 Monat ",
              "jobDates": "07/2001 - 09/2001"
            },
            {
              "jobTitle": "YOZmbMPbigAIfkvXMouek88yLYxXaDUJ+uaKjRfd8pk=",
              "company": "D/5ccAaEFjpxd+rlc250OtVmaulU9FJb9GPlbEEGwqXU=",
              "company_url": "https://www.xing.com/companies/go?name=VxC8+sBJXhRTqIjAbsR9NhHA0x8bikxIxuE1ey0RuMk=",
              "jobDuration": "2 Monat ",
              "jobDates": "06/1997 - 07/1997"
            }
          ]
        }
      ],
      "languages": [
        {
        }
      ],
      "education": [
        {
          "institution": "EmA3acht2bEBSsyKpHNqCj6yqTIWtJ2MqXIE47CazyM=",
          "url": "https://www.xing.com/search/members?keywords=TeK1TSjFXzLZmxp3BtSPaPdLPw6ga37cMKNjiPGSils=",
          "degree": "Architektur, Dipl.-Ing. (FH)",
          "eduDuration": "09/1997 - 05/2005"
        }
      ]
    },
    {
      "profile": [
        {
          "sex": "m",
          "memberSince_Hits": "5. September 2012 / 751",
          "currJobDescr": "McRhYLcbXhE6VGQas/ARG7jgNezEAKtoCrR4AhoiuXA=",
          "jobs": [
            {
              "jobTitle": "McRhYLcbXhE6VGQas/ARG7jgNezEAKtoCrR4AhoiuXA=",
              "company": "APe8peAwKDW4cXRfhvgwfiURJmh9eh3W2ImENBQfqzEM=",
              "company_url": "https://www.xing.com/companies/go?name=5nYlTFFYBHDpI/6SvMArIklUiwR1dj6oELRZmQ3J/iQ=",
              "jobDuration": "3 Jahr, 9 Monat ",
              "jobDates": "05/2013 - 01/2017"
            },
            {
              "jobTitle": "FbZdPa2YTiikztjRwbwoQan6UvTMo3ogtsFUs9oLqoI=",
              "company": "D6Hp14j7DjuKbtT32MJpvb72uyeFOd0sCeiPl4uZlv4k=",
              "company_url": "https://www.xing.com/companies/go?name=2O9+y/+bVGLNbBI+AfLc0eRvAhFT6MuYY+Y/MCkYuhE=",
              "jobDuration": "4 Jahr, 1 Monat",
              "jobDates": "04/2009 - 04/2013"
            },
            {
              "jobTitle": "1QohklvbEvgtmm5LurdLj4fW+PzjeFuOQzTWctukZnQ=",
              "company": "D6Hp14j7DjuKbtT32MJpvb72uyeFOd0sCeiPl4uZlv4k=",
              "company_url": "https://www.xing.com/companies/go?name=2O9+y/+bVGLNbBI+AfLc0eRvAhFT6MuYY+Y/MCkYuhE=",
              "jobDuration": "2 Jahr, 10 Monat ",
              "jobDates": "06/2006 - 03/2009"
            },
            {
              "jobTitle": "i2eH2O+mMS4aqVfpwrGhLInRxRdKwCYlkzhVf36Sf08=",
              "company": "D6Hp14j7DjuKbtT32MJpvb72uyeFOd0sCeiPl4uZlv4k=",
              "company_url": "https://www.xing.com/companies/go?name=2O9+y/+bVGLNbBI+AfLc0eRvAhFT6MuYY+Y/MCkYuhE=",
              "jobDuration": "2 Jahr, 8 Monat ",
              "jobDates": "10/2003 - 05/2006"
            },
            {
              "jobTitle": "5MUWBne7oeYZfMVGeIq/tp0G740Krm4bs9D7J/VTmCI=",
              "company": "HLEj8TPGMDaeA+sTpV5rJT33PXP5dKA6bgxpnqRPF2yk=",
              "company_url": "https://www.xing.com/companies/go?name=5W+LvbiLVrZeKMafQJ+eKAZvTJ/oUsdwbMFk+mqY0pM=",
              "jobDuration": "4 Jahr, 3 Monat ",
              "jobDates": "07/1999 - 09/2003"
            },
            {
              "jobTitle": "xwKI+gtEBy91v+RVJkXX5bmCFQ48BBxhuYr3x9WSwEI=",
              "company": "SPxahesGqrRnFjxHWpxGA3ntfUfKAeyI4R2vrz5hyfto=",
              "company_url": "https://www.xing.com/companies/go?name=NZlMuiGBiBN4cgcxZRJNsSlMC8K4nWOxUgGv7gZjhgw=",
              "jobDuration": "6 Jahr, 1 Monat",
              "jobDates": "06/1993 - 06/1999"
            }
          ]
        }
      ],
      "languages": [
        {
        }
      ]
    },
    {
      "profile": [
        {
          "sex": "f",
          "memberSince_Hits": "5. April 2011 / 1484",
          "currJobDescr": "zMSfFtRxMkIcLlUJ3NRbhjeoJ58ssNL3nDeJIhv6nVY=",
          "jobs": [
            {
              "jobTitle": "zMSfFtRxMkIcLlUJ3NRbhjeoJ58ssNL3nDeJIhv6nVY=",
              "company": "ayFfgUsxmnyIzOT9rYr8Ry8vj7uNx26/Lze9ndCOiDvw=",
              "company_url": "https://www.xing.com/companies/go?name=6Q58DCy6Zi4MPEdWE65w+gBByjvK1sclTgXP4eLdZH0=",
              "jobDuration": "10 Jahr, 4 Monat ",
              "jobDates": "10/2006 - 01/2017"
            },
            {
              "jobTitle": "Ec98lRp0B4AdK/exOxIUshkE2WUQYgfHqpv4drwTiLo=",
              "company": "SCBV7SPc+WapluLdQYJtUCX9McxykMk0nq613QgEHJW0=",
              "company_url": "https://www.xing.com/companies/go?name=+4a7OOcj2pl6A7RztUKzvQ417iDr62oGIiEtbnXIc50=",
              "jobDuration": "3 Monat ",
              "jobDates": "07/2006 - 09/2006"
            },
            {
              "jobTitle": "QYDB2rylzMBQRR4Q4fMAKs/6+u4i22Bh4l66NziiplA=",
              "company": "SCBV7SPc+WapluLdQYJtUCX9McxykMk0nq613QgEHJW0=",
              "company_url": "https://www.xing.com/companies/go?name=+4a7OOcj2pl6A7RztUKzvQ417iDr62oGIiEtbnXIc50=",
              "jobDuration": "2 Jahr, 10 Monat ",
              "jobDates": "09/2003 - 06/2006"
            }
          ]
        }
      ],
      "languages": [
        {
        }
      ]
    },
    {
      "profile": [
        {
          "sex": "f",
          "memberSince_Hits": "6. Oktober 2010 / 1782",
          "currJobDescr": "gBqEr7B3j8DNLr9agwZZjajdRnvhhnWTGw/rvaG3wwQ=",
          "jobs": [
            {
              "jobTitle": "gBqEr7B3j8DNLr9agwZZjajdRnvhhnWTGw/rvaG3wwQ=",
              "company": "BXeCLTIa1GhtTzeDtnce3riIoTz2/uwLj5XK0VfBf6lw=",
              "company_url": "https://www.xing.com/companies/go?name=neaLFyuARcVv5/FirOAciyA9Zc2TQHyMQ+DEd9ujQEA=",
              "jobDuration": "2 Jahr, 1 Monat",
              "jobDates": "01/2015 - 01/2017"
            },
            {
              "jobTitle": "fTZ9lUE+jjyWNmbKLJFq6+tbiDHfW1Akq+88SgTemMA=",
              "company": "BXeCLTIa1GhtTzeDtnce3riIoTz2/uwLj5XK0VfBf6lw=",
              "company_url": "https://www.xing.com/companies/go?name=neaLFyuARcVv5/FirOAciyA9Zc2TQHyMQ+DEd9ujQEA=",
              "jobDuration": "3 Jahr, 1 Monat",
              "jobDates": "12/2011 - 12/2014"
            },
            {
              "jobTitle": "pLrJ5IvgvZYos0ASMt6NTCFAx0YK+soPCuH/3qXKAhw=",
              "company": "MyRKWlW6/9oJrIoi78Mf4y88dFhT+MkMyNAZVuNiYpyE=",
              "company_url": "https://www.xing.com/companies/go?name=Drt53u5VWb7c1fwsBODYFW9WTKW8fyc5E760pgwB3wo=",
              "jobDates": "2008 - 2010"
            },
            {
              "jobTitle": "UHUEfxgFy1pnGbxBR9uXueSVgkv6mPTPt8Lf86P5HpQ=",
              "company": "MyRKWlW6/9oJrIoi78Mf4y88dFhT+MkMyNAZVuNiYpyE=",
              "company_url": "https://www.xing.com/companies/go?name=Drt53u5VWb7c1fwsBODYFW9WTKW8fyc5E760pgwB3wo=",
              "jobDates": "2003 - 2007"
            },
            {
              "jobTitle": "mnNW5xsj3pPsY71EMBboNGYg3qEO1QdUuLl4465zBy4=",
              "company": "MyRKWlW6/9oJrIoi78Mf4y88dFhT+MkMyNAZVuNiYpyE=",
              "company_url": "https://www.xing.com/companies/go?name=Drt53u5VWb7c1fwsBODYFW9WTKW8fyc5E760pgwB3wo=",
              "jobDates": "1999 - 2002"
            }
          ]
        }
      ],
      "languages": [
        {
        }
      ]
    },
    {
      "profile": [
        {
          "sex": "f",
          "memberSince_Hits": "16. November 2008 / 1692",
          "currJobDescr": "gGfTJd7kV0P0h7tEdHsECtPhnMCQOrUgiEvyYAMNIeg=",
          "jobs": [
            {
              "jobTitle": "gGfTJd7kV0P0h7tEdHsECtPhnMCQOrUgiEvyYAMNIeg=",
              "company": "DbF1PoVTCrM4Igjt6dOmHx2L8PHvC9kuG5JeGwAUE/Lg=",
              "company_url": "https://www.xing.com/companies/go?name=F3dIh8y/XXeErfbk2eIYtwBgQmMOvV56VUvUSyz3Blw=",
              "jobDuration": "4 Jahr, 8 Monat ",
              "jobDates": "06/2012 - 01/2017"
            },
            {
              "jobTitle": "Lvc/sz7EvKV23xNsyW0DTmMr/2D7gJ3KXOuX3lYqgfc=",
              "company": "DUikWtcN8UnwunVcxH/AEHnyCGZdK8vhVNX5f4TULof4=",
              "company_url": "https://www.xing.com/companies/go?name=gltU43HudK7YI+trgpdDAR0hhttl6R9x9Vo8U/Sziy4=",
              "jobDuration": "8 Monat ",
              "jobDates": "11/2011 - 06/2012"
            },
            {
              "jobTitle": "BtBzx/gEcf/cooNa5gwCaJI+w+1C0aJ0R2gZfYDEEzQ=",
              "company": "SsI6WgI+KhLkERqMkUs2fLk3X3sslqkxqvjlabPEPSBY=",
              "company_url": "https://www.xing.com/companies/go?name=wbJhUY1FbKbeEO0oUVMqPkdcH1UvqztWR4/GzxWxijA=",
              "jobDuration": "5 Monat ",
              "jobDates": "03/2011 - 07/2011"
            },
            {
              "jobTitle": "Lvc/sz7EvKV23xNsyW0DTmMr/2D7gJ3KXOuX3lYqgfc=",
              "company": "DUikWtcN8UnwunVcxH/AEHnyCGZdK8vhVNX5f4TULof4=",
              "company_url": "https://www.xing.com/companies/go?name=gltU43HudK7YI+trgpdDAR0hhttl6R9x9Vo8U/Sziy4=",
              "jobDuration": "1 Jahr, 5 Monat ",
              "jobDates": "08/2009 - 12/2010"
            },
            {
              "jobTitle": "58oRNjh6/9NNGaMO//gXALN4tyNEWaJ6BlOwxXB5UPc=",
              "company": "D7xXlacpvIv8y9rA500gxrKHvSqko4Q6mJe+wz3IFpEE=",
              "company_url": "https://www.xing.com/companies/go?name=u311U9MuowB//wcoGTm4ilBARI6zjdT6MV5s1eM182I=",
              "jobDuration": "4 Monat ",
              "jobDates": "05/2008 - 08/2008"
            }
          ]
        }
      ],
      "languages": [
        {
        }
      ],
      "education": [
        {
          "institution": "JDJ611YvqIh8AkWVE7E4NeTEvA7hMAbCeiU3dVfAJXg=",
          "url": "https://www.xing.com/search/members?keywords=KV7D75/LZAy9clJlvRketTPOESwzmRQc4N7NlO1KXks=",
          "degree": "Wirtschaftsrecht, Bachelor / Master",
          "eduDuration": "10/2008 - 03/2012"
        }
      ]
    },
    {
      "profile": [
        {
          "sex": "f",
          "memberSince_Hits": "11. Oktober 2016 / 18",
          "currJobDescr": "veoRUXRXs+MA98EA/0P26Bl4y68QBFB3Q24FDYqJy5g=",
          "jobs": [
            {
              "jobTitle": "veoRUXRXs+MA98EA/0P26Bl4y68QBFB3Q24FDYqJy5g=",
              "company": "CvXoW2HdUQz9vGqDRv/G89Ztb7wiNHXDq9gQrJkXu/KA=",
              "company_url": "https://www.xing.com/companies/go?name=Ky3hrGaik64ADOpbTZ1qISSJ0o6+wbgM/0Te4QrpXOY=",
              "jobDates": "bis heute"
            }
          ]
        }
      ]
    },
    {
      "profile": [
        {
          "sex": "f",
          "memberSince_Hits": "30. März 2012 / 834",
          "currJobDescr": "veoRUXRXs+MA98EA/0P26Bl4y68QBFB3Q24FDYqJy5g=",
          "jobs": [
            {
              "jobTitle": "veoRUXRXs+MA98EA/0P26Bl4y68QBFB3Q24FDYqJy5g=",
              "company": "KaB5vusdnjaezOO8etyoKj5GGPQ7EUyKHb7I+qo1uenQ=",
              "company_url": "https://www.xing.com/companies/go?name=EEDNath5eXLQ6o9ikEVoCeZkd0J9qWNTlZ8nF+9A33Q=",
              "jobDuration": "6 Monat ",
              "jobDates": "08/2016 - 01/2017"
            },
            {
              "jobTitle": "DMwsMJgG4djjP2kBy1mx98YUL35F23pcu4dDtoN7SMo=",
              "company": "SUIef2dxx02/98MpGjss3aGM3iIzv8k+p6BSQcYMNXYk=",
              "company_url": "https://www.xing.com/companies/go?name=uK3fU4hAB0RIE6lKEJ9CVlls3ZuOufs7VFqvhMtAGx4=",
              "jobDuration": "10 Jahr, 8 Monat ",
              "jobDates": "05/2005 - 12/2015"
            },
            {
              "jobTitle": "9laurRGLKCfwW9JfUhWwwaSyBjlOnPfIxhGvY+hOubk=",
              "company": "She8aBLPiD4etpoYGcCjYuxBp14Pr7oA+v5I+TFmtnDU=",
              "company_url": "https://www.xing.com/companies/go?name=sQmXXUnQ6MoLZytQdTgIRirlj/SloUhtiq7thoIY89k=",
              "jobDuration": "1 Jahr, 8 Monat ",
              "jobDates": "04/2000 - 11/2001"
            },
            {
              "jobTitle": "o+i7Lu+WRF4RztWy6vz8bO+7WVr6J232SlG0P+4kf2A=",
              "company": "OcYi2M6bYtxl3qxXlFtxYIg+74zo46tPhoWvOWLsx0WY=",
              "company_url": "https://www.xing.com/companies/go?name=dAbMPjDK9C+Rt3Y6gzt2PAGMbYM/uZoK6LZsbFQYg8Y=",
              "jobDuration": "6 Monat ",
              "jobDates": "04/1999 - 09/1999"
            },
            {
              "jobTitle": "g4Hh9jclrvL0/vHKGjDMBuCPMdbiqWvm4AsMWz1Z9E4=",
              "company": "Sno85h1PPylb5+kcfnGQaxu+UCid8mJ4LSmWmZl+n7r0=",
              "company_url": "https://www.xing.com/companies/go?name=G6hSJu7aUS4bCnLv0xQN32L6+6XGlD2BpqU7WkJsUwo=",
              "jobDuration": "1 Jahr, 11 Monat ",
              "jobDates": "05/1997 - 03/1999"
            },
            {
              "jobTitle": "p4GyPTWGfgvt5OcPjbqSpIGl0y7bfook2UHwwcBeN40=",
              "company": "Sno85h1PPylb5+kcfnGQaxu+UCid8mJ4LSmWmZl+n7r0=",
              "company_url": "https://www.xing.com/companies/go?name=G6hSJu7aUS4bCnLv0xQN32L6+6XGlD2BpqU7WkJsUwo=",
              "jobDuration": "2 Jahr, 10 Monat ",
              "jobDates": "08/1994 - 05/1997"
            },
            {
              "jobTitle": "zBZ3qVc25ZWLigUWI7qjiMJroOB1ZR/qhzUmx1QzxCg=",
              "company": "AfdJDlgyBYp2Gig62cCNzy/6+0BHu+Z8V76LoYUuo9HE=",
              "company_url": "https://www.xing.com/companies/go?name=tH+JPW3jbbmPiImDql9lhvR2Brxf34EF+WQJdZZWnI0=",
              "jobDuration": "8 Monat ",
              "jobDates": "01/1994 - 08/1994"
            },
            {
              "jobTitle": "w++UUhv0LmeSI673YcaEeoW6QQUGyvqRwBuX5Ym4zQs=",
              "company": "Ie99LzxtKOUfgIf5oOrAG2IWwgxAEdJ6Xf2YADSYxt80=",
              "company_url": "https://www.xing.com/companies/go?name=/HSe4o0RNnNyYXL1VI3YR/tdW57V8+Sryiefmqlqy98=",
              "jobDuration": "6 Monat ",
              "jobDates": "07/1993 - 12/1993"
            },
            {
              "jobTitle": "EiEiGQiDBJJ4ZnRCbXTqNj3YV5Bv4aT5koaVsbllSjg=",
              "company": "MgkyC9F7oIKuDxLJ0+Wpucw1NnumNK0eSssfmx+RHk04=",
              "company_url": "https://www.xing.com/companies/go?name=KtAOxfaSzZv56pSUInJvzbgoGWXRqP0q4+gdxYN6kSc=",
              "jobDuration": "2 Jahr, 6 Monat ",
              "jobDates": "01/1991 - 06/1993"
            }
          ]
        }
      ],
      "languages": [
        {
        }
      ]
    },
    {
      "profile": [
        {
          "sex": "f",
          "memberSince_Hits": "13. November 2011 / 1736",
          "currJobDescr": "veoRUXRXs+MA98EA/0P26Bl4y68QBFB3Q24FDYqJy5g=",
          "jobs": [
            {
              "jobTitle": "veoRUXRXs+MA98EA/0P26Bl4y68QBFB3Q24FDYqJy5g=",
              "company": "AarxI8mpiSZt30BP134eClW/L3AwDS4rqPHsECjmUgg0=",
              "company_url": "https://www.xing.com/companies/go?name=DHe0EPI+ZRi93o1KO0nFweTzkFOhWbTx6cLCQaEWj4k=",
              "jobDuration": "4 Jahr, 8 Monat ",
              "jobDates": "06/2012 - 01/2017"
            },
            {
              "jobTitle": "5nLpNiVoVy38H4SJJVdsNYcDfC2MImGbnm7DXHdurXs=",
              "company": "AarxI8mpiSZt30BP134eClW/L3AwDS4rqPHsECjmUgg0=",
              "company_url": "https://www.xing.com/companies/go?name=DHe0EPI+ZRi93o1KO0nFweTzkFOhWbTx6cLCQaEWj4k=",
              "jobDuration": "1 Jahr, 6 Monat ",
              "jobDates": "08/2011 - 01/2013"
            },
            {
              "jobTitle": "ejDSkxJ2V+tjCZ3d+OnBVw/SGi8K8KjmEhgkkmWRT5Y=",
              "company": "SuAEAXkHRf25A0JYWvmSS5AZYg9GCz99uPbVWX8Xn7BY=",
              "company_url": "https://www.xing.com/companies/go?name=/kRLGnqcu6K5+pqjVjsrUS1d1np4+KeDsOOaxJGERfw=",
              "jobDuration": "1 Jahr, 11 Monat ",
              "jobDates": "09/2009 - 07/2011"
            }
          ]
        }
      ],
      "languages": [
        {
        }
      ],
      "education": [
        {
          "institution": "jfsreE/hYyvY8E78tFO939LBQtCmGxGnc7n7v7CUw6k=",
          "url": "https://www.xing.com/search/members?keywords=6ISaBDURdJhjFT3AY+MOhsFjq1OegZ/wFQ++sTJcXsM=",
          "degree": "Betriebswirtschaftslehre, Master of Science",
          "eduDuration": "10/2013 - 02/2016"
        },
        {
          "institution": "nEuE+tmObAqDAZn1EWksHPnpRRtOWRsYaKp5qfYtcVM=",
          "url": "https://www.xing.com/search/members?keywords=AY8BbGHs0yZJ0L8/bO8FYOjePyzVQ5lK4kC9zYLAqSQ=",
          "degree": "Informationstechnik, Fachberater integrierte Systeme",
          "eduDuration": "09/2009 - 06/2012"
        },
        {
          "institution": "E4TGXwLveqO9ZK/Ot5qKL3+Nj5YF8qE5IW8bvHjsuWg=",
          "url": "https://www.xing.com/search/members?keywords=Z73vIfMouNztIbj5cAPkHoeEfoNAEZU+q+jgjISy89Q=",
          "degree": "IHK-Ausbildung zum Fachinformatiker Fachrichtung Systemintegration",
          "eduDuration": "09/2009 - 12/2011"
        },
        {
          "institution": "7K26XJetQ5lxgIjx9rG1LMN78pebuJPoSo1iX04j5UI=",
          "url": "https://www.xing.com/search/members?keywords=VEiX0BBJtSrnyB+6NbIy1Wx5n3WZtODNEsWLxEiLz5Q=",
          "degree": "Business Administration, Bachelor of Arts",
          "eduDuration": "09/2009 - 01/2013"
        }
      ]
    },
    {
      "profile": [
        {
          "sex": "f",
          "memberSince_Hits": "4. November 2011 / 2189",
          "currJobDescr": "veoRUXRXs+MA98EA/0P26Bl4y68QBFB3Q24FDYqJy5g=",
          "jobs": [
            {
              "jobTitle": "veoRUXRXs+MA98EA/0P26Bl4y68QBFB3Q24FDYqJy5g=",
              "company": "A5KuDzkakETkxkYBxRbvj0ELwnaq8PWnYpI+YmZxH1+4=",
              "company_url": "https://www.xing.com/companies/go?name=75yMBCaKGxLEStbWtBuyNuH5L+fEihF0PxvUcHRsjsY=",
              "jobDuration": "4 Jahr, 7 Monat ",
              "jobDates": "07/2012 - 01/2017"
            },
            {
              "jobTitle": "n15XUf2nYouCx4EPIZ9Pn9m0UQDnAFclLxU22XyPSZA=",
              "company": "BUFqokr/IOx9hMbg3SmZLPMmLE43Cko1KavJ7UriSBr8=",
              "company_url": "https://www.xing.com/companies/go?name=rwhlzhFV+nkCuI41U8GI/5MrSuvX+fzbyF95p97Bfj4=",
              "jobDuration": "1 Jahr, 10 Monat ",
              "jobDates": "09/2010 - 06/2012"
            },
            {
              "jobTitle": "c3mi+hzaLBEnTtQmM0Fwr9QpndbAvkEtmQQok68iyK8=",
              "company": "Ssdf/PG/tBrDzyBNnabMqePpoWFu3LsrzuJKxX1FlLDc=",
              "company_url": "https://www.xing.com/companies/go?name=iqOlIg4y3g2D2I8xmio/aIowCwdcc3FrMeOY20w7ANk=",
              "jobDuration": "1 Jahr, 3 Monat ",
              "jobDates": "06/2009 - 08/2010"
            },
            {
              "jobTitle": "75meUmLGgibX/PAAiFg2Mh0tnmKdwCnWYX5N91YLt/k=",
              "company": "Ssdf/PG/tBrDzyBNnabMqePpoWFu3LsrzuJKxX1FlLDc=",
              "company_url": "https://www.xing.com/companies/go?name=iqOlIg4y3g2D2I8xmio/aIowCwdcc3FrMeOY20w7ANk=",
              "jobDuration": "5 Monat ",
              "jobDates": "01/2009 - 05/2009"
            },
            {
              "jobTitle": "NafrmOA9xRwtP1VI8iiyUW80s2Ip7yl9gp6wNtenahY=",
              "company": "Ssdf/PG/tBrDzyBNnabMqePpoWFu3LsrzuJKxX1FlLDc=",
              "company_url": "https://www.xing.com/companies/go?name=iqOlIg4y3g2D2I8xmio/aIowCwdcc3FrMeOY20w7ANk=",
              "jobDuration": "1 Jahr, 11 Monat ",
              "jobDates": "02/2007 - 12/2008"
            },
            {
              "jobTitle": "N2zT1CYxCxFqkMk0yuHdmC6GE6WXRjscYUylKfWDI6M=",
              "company": "SuAEAXkHRf25A0JYWvmSS5AZYg9GCz99uPbVWX8Xn7BY=",
              "company_url": "https://www.xing.com/companies/go?name=/kRLGnqcu6K5+pqjVjsrUS1d1np4+KeDsOOaxJGERfw=",
              "jobDuration": "1 Jahr, 5 Monat ",
              "jobDates": "09/2005 - 01/2007"
            }
          ]
        }
      ],
      "languages": [
        {
        }
      ]
    },
    {
      "profile": [
        {
          "sex": "f",
          "memberSince_Hits": "18. November 2008 / 1597",
          "currJobDescr": "veoRUXRXs+MA98EA/0P26Bl4y68QBFB3Q24FDYqJy5g=",
          "jobs": [
            {
              "jobTitle": "veoRUXRXs+MA98EA/0P26Bl4y68QBFB3Q24FDYqJy5g=",
              "company": "I8DImHfwH88d4NBkl9ZiadDaim6MOKyr1J3/1TD0uiqs=",
              "company_url": "https://www.xing.com/companies/go?name=Cvl+JYaRo0xVgl3p76tcyots9rXgGKwp5FD3jIg60Y8=",
              "jobDates": "bis heute"
            }
          ]
        }
      ],
      "languages": [
        {
        }
      ]
    },
    {
      "profile": [
        {
          "sex": "f",
          "memberSince_Hits": "2. Juni 2009 / 1184",
          "currJobDescr": "veoRUXRXs+MA98EA/0P26Bl4y68QBFB3Q24FDYqJy5g=",
          "jobs": [
            {
              "jobTitle": "veoRUXRXs+MA98EA/0P26Bl4y68QBFB3Q24FDYqJy5g=",
              "company": "Hd6axOcYjP2dwyZH27ZZ6mG7j2VlDfnL5K23fuqahldM=",
              "company_url": "https://www.xing.com/companies/go?name=yqA9YdgGvFw4in6ir2vlGCscAI0KR8rTL3y65ta17lg=",
              "jobDuration": "7 Jahr, 2 Monat ",
              "jobDates": "12/2009 - 01/2017"
            },
            {
              "jobTitle": "zlf8Ygmh2gLwrZAAOq1yX0IaaiwX4ImxxydeEyXWcO0=",
              "company": "ILpL4GuyFMr6JBDGRQbjGDIf263TiTqNzKlzgPOKVkTY=",
              "company_url": "https://www.xing.com/companies/go?name=UTGCDYk6KVL3wTcPPKU7b39QgflTpp+fgsY+Xe88RjU=",
              "jobDuration": "6 Monat ",
              "jobDates": "06/2009 - 11/2009"
            },
            {
              "jobTitle": "weGbhSPDPExNDQa93CEM9/dy5lvnhO/1Rjo5SnZ34CM=",
              "company": "D2MWd5CAa4bQaYr4gVAVYrZgdkI2soTav7VGfWiASjA8=",
              "company_url": "https://www.xing.com/companies/go?name=wWb17OtpGXQbtj7eRWw6fhFnQY/91/8o3s5ZCLz8xCs=",
              "jobDuration": "7 Jahr, 7 Monat ",
              "jobDates": "11/2001 - 05/2009"
            },
            {
              "jobTitle": "T7EKvwQC9JP+QMnrng+Dv7oNtAeUDZnzi9Ql7ETpTng=",
              "company": "E2itltN4kJHW6SUrupaGe+GA4TpBtHeNrPlsAi02fWx4=",
              "company_url": "https://www.xing.com/companies/go?name=/OBBAsTYnwnO5QKHLIzrgyrUdRlE5L/LVdnIwrMc79w=",
              "jobDuration": "1 Jahr, 8 Monat ",
              "jobDates": "04/2000 - 11/2001"
            },
            {
              "jobTitle": "fkWwskjRJMiaiIQawMV7JGAruk5Jtu/pW4CAAfTGMUM=",
              "company": "B9b38dVQH3pHSfglus3VLWy1HSPvG6wruopxe2N9ysYQ=",
              "company_url": "https://www.xing.com/companies/go?name=ak/Nd6Oik1wTHWtGoonpe601lypzuFcXGXB52yKSigg=",
              "jobDuration": "1 Jahr, 1 Monat",
              "jobDates": "02/1999 - 02/2000"
            },
            {
              "jobTitle": "fkWwskjRJMiaiIQawMV7JGAruk5Jtu/pW4CAAfTGMUM=",
              "company": "UEKNz6inA69F+h4Ic4lUUFmz/ehEmODQlufwWknv0bDc=",
              "company_url": "https://www.xing.com/companies/go?name=aK6pk++rbOQcmXZBAbvC88YQ6CsWF1z3w7FirvroP+E=",
              "jobDuration": "9 Monat ",
              "jobDates": "06/1998 - 02/1999"
            },
            {
              "jobTitle": "/LsGZzzmdGBOPCUJJWCIArwfkP9jLaKKfM+89KyUSTw=",
              "company": "EiPC0Mu1cj2Ygy2bkshvtg/5bnlYV8ZxDGvpzTaSeOFY=",
              "company_url": "https://www.xing.com/companies/go?name=Llus8u4nUJ7ppz3+H3hLA9K8yf+muEqs2IPoaOD2Xag=",
              "jobDuration": "2 Jahr, 11 Monat ",
              "jobDates": "08/1995 - 06/1998"
            }
          ]
        }
      ],
      "languages": [
        {
        }
      ],
      "education": [
        {
          "institution": "HielZ2AubmTDp6gHst5CheYo+F4FdOXVRz0SkWQ6JIY=",
          "url": "https://www.xing.com/search/members?keywords=IqGA4IJm7tQFyzMzWlgPBE4RbF739slr/dowezk/OGE=",
          "degree": "Genève, CFC de Commerce, spécialité Banque",
          "eduDuration": "08/1996 - 06/1998"
        }
      ]
    },
    {
      "profile": [
        {
          "sex": "m",
          "memberSince_Hits": "3. April 2008 / 3823",
          "currJobDescr": "veoRUXRXs+MA98EA/0P26Bl4y68QBFB3Q24FDYqJy5g=",
          "jobs": [
            {
              "jobTitle": "veoRUXRXs+MA98EA/0P26Bl4y68QBFB3Q24FDYqJy5g=",
              "company": "DJmfQSNvYs9ZnktuQj575mr9w7KlXahECM9JHyLWQqKY=",
              "company_url": "https://www.xing.com/companies/go?name=6BLq6qGlcBSDQXn4SGyR4l5vA4+CzFbiJ54Y5axL6uA=",
              "jobDuration": "1 Jahr, 10 Monat ",
              "jobDates": "04/2015 - 01/2017"
            },
            {
              "jobTitle": "6ohOEMzGHREHZh6Lwa6edr629VIskrTF9Zvazch/wTU=",
              "company": "1W1JlkQLHE1oPy5B/O2gZJcVF0IKIDCWOEHKn+OaQsg0=",
              "company_url": "https://www.xing.com/companies/go?name=cSMikoKMHMio1rVBBNRV+MNLvliWcUdDuzK+gNtemO0=",
              "jobDuration": "7 Jahr, 7 Monat ",
              "jobDates": "07/2009 - 01/2017"
            },
            {
              "jobTitle": "hHJImevpRT64fr5yq7YCyHfSf+25KnNXUAh0l/FQlzI=",
              "company": "Tu7uBx7Maye4T3b/IYlzrf0HUl5vhVSuB1UAMGa57B7M=",
              "company_url": "https://www.xing.com/companies/go?name=4d2T3fdNRibZv6puDBZAMqbu2PrsVP5A3KKG6sMOG4I=",
              "jobDuration": "5 Monat ",
              "jobDates": "04/2014 - 08/2014"
            },
            {
              "jobTitle": "3mdlbmAQpFyAYmz4X71wUJY/kX9sx1ut01kEgkbIUao=",
              "company": "O+cUEpikIKE5pPeXjvtq/j7T0GyKFPAaWjDBO/TJyoek=",
              "company_url": "https://www.xing.com/companies/go?name=Qn2dmbraN7Tu7pxZPoFa0dcItgI3YM6marnxaS962p8=",
              "jobDuration": "1 Jahr",
              "jobDates": "02/2013 - 01/2014"
            },
            {
              "jobTitle": "weGbhSPDPExNDQa93CEM9/dy5lvnhO/1Rjo5SnZ34CM=",
              "company": "Tu7uBx7Maye4T3b/IYlzrf0HUl5vhVSuB1UAMGa57B7M=",
              "company_url": "https://www.xing.com/companies/go?name=4d2T3fdNRibZv6puDBZAMqbu2PrsVP5A3KKG6sMOG4I=",
              "jobDuration": "6 Monat ",
              "jobDates": "04/2012 - 09/2012"
            },
            {
              "jobTitle": "AllOU1MNuI2cWQxL36O4pqL5pToQCWnVwv/+ZKpmOW0=",
              "company": "atfOcItr9RbR6nFgwBvTEsg8XaFzAH5jJKrcR9W8Oe/Q=",
              "company_url": "https://www.xing.com/companies/go?name=gLSFOZ4ljCI1HjqhfCIV0OD9mUMYRWZF7WvX9wdby24=",
              "jobDuration": "11 Monat ",
              "jobDates": "04/2011 - 02/2012"
            },
            {
              "jobTitle": "jih80PYRzT5j1LQ+XsUjka4/QzRcXCAoiqbo5l57djg=",
              "company": "NVxs3x069B3a+gdV58sZljammrBclbsEgLIFBXXkdY9M=",
              "company_url": "https://www.xing.com/companies/go?name=lw/Fg/rF6ETmU9rDcaBu3j8SmNWYVIuzCN2x/pfDtC0=",
              "jobDuration": "5 Jahr, 3 Monat ",
              "jobDates": "01/2006 - 03/2011"
            },
            {
              "jobTitle": "6EyXwS7YiPAKvjeXxZ8AeV/8g3oi26BLErKoZ9yFtkM=",
              "company": "BGboIHmkkqD48UB89qykGZl68aMpjmgVg/1ZjpIxoII0=",
              "company_url": "https://www.xing.com/companies/go?name=BHlx0Mt02oJ92y33lhPRvhdDAHE3JfzlsjMoYLsXdhM=",
              "jobDates": "2009 - 2009"
            },
            {
              "jobTitle": "JAwgLv+6GEfof9zuXuhV6ui6LedJUamCIQngf4c+OJc=",
              "company": "CM5tNI6hdwDaxhkYgZ9gI6pGZf2bxkXlVjZ5MO8dASYU=",
              "company_url": "https://www.xing.com/companies/go?name=PEDXmFkLRa7Sa7I/wfJJ2qgDgprpU6n8Foafe5eoYmQ=",
              "jobDates": "2004 - 2005"
            },
            {
              "jobTitle": "zGaZaEMJ1Z1ubMGOx1EgEYYf5yA4mH9H0vo8qwG0slg=",
              "company": "Tu7uBx7Maye4T3b/IYlzrf0HUl5vhVSuB1UAMGa57B7M=",
              "company_url": "https://www.xing.com/companies/go?name=4d2T3fdNRibZv6puDBZAMqbu2PrsVP5A3KKG6sMOG4I=",
              "jobDates": "1999 - 2004"
            },
            {
              "jobTitle": "Eb90P2HRfATCg6bhY6Tq1RffEEkC/+aR2AQXap1YSgI=",
              "company": "INral6UfYOlEiOZsJTgR1ZoHG8V92ms0cw2BWhGKOIpw=",
              "company_url": "https://www.xing.com/companies/go?name=eJ8QNKNLy2eEoVEId6UsS8xf/bLIqZYQe0JJIMKhg3I=",
              "jobDates": "2001 - 2001"
            },
            {
              "jobTitle": "5YrknpUl3xcQcpYBKW+ZOmLEV7nLsnS4UDQHWNBiBwI=",
              "company": "A1j/C+3We/A7uBOqHEQk8dMXIFJqc1uXX8P4PfPy8+O8=",
              "company_url": "https://www.xing.com/companies/go?name=hcX2h/Fht5abedF1TlmYJySAgmanJpB0di3BI8O5J+s=",
              "jobDates": "1996 - 1997"
            },
            {
              "jobTitle": "CUm2tlgqwKot47uquBso+gDVdIoe7uco29MWz/EJYII=",
              "company": "Ve2EcnClQVmraEioU7QPgT83+t4G8VFiXLrIQDmhgCPw=",
              "company_url": "https://www.xing.com/companies/go?name=Tcs9h0N4hwKT9MM67x1Eoq7jrq0O08AUzZhK5I6Htlk=",
              "jobDates": "1991 - 1995"
            },
            {
              "jobTitle": "wQPFm8IEGbVt6h498JXZNFyxW2HIsm0gmEQsvYX1QhQ=",
              "company": "WlmnS8cyEJ0TcT6antFUfa1vsdbnG3PBwFgBxXlL9vwU=",
              "company_url": "https://www.xing.com/companies/go?name=LZvF3HrAeGGnqvC8iu3jgheuRaeAtbGAp2wCqAAUY2Y=",
              "jobDates": "1989 - 1991"
            },
            {
              "jobTitle": "YNhfXJjYeoms38OXMRSzVelAaNsYD+WuwZ3fLJvEfpI=",
              "company": "MimPpexfqn7ULSPpzmwyUqHeR7Hx1tFzSDffWYsV4ItQ=",
              "company_url": "https://www.xing.com/companies/go?name=RZDo1Q+uclbKc/cnM6M9XJ4JHptVBYin/Jxb+Jaq39M=",
              "jobDates": "1988 - 1989"
            },
            {
              "jobTitle": "KPtPld1UuTZWaaGTqtgyMsunxkfJfZJixqSNa5Yj4aI=",
              "company": "D+n1VDfWLU9g+O99DBkTOezzL/7FkdQY9h8+A3QCngKw=",
              "company_url": "https://www.xing.com/companies/go?name=bL/+9/G9fodBZKzzgzT/yLgegzXz+QoixBKq6fCd8M4=",
              "jobDates": "1979 - 1987"
            }
          ]
        }
      ],
      "languages": [
        {
        }
      ],
      "education": [
        {
          "institution": "fvaAqMkC8MIYHvIhLfLUITo6dx4BTzNTfboEuiVNiaA=",
          "url": "https://www.xing.com/search/members?keywords=OiJHIzrW98rY6cCG6MAXqCEIC5a0GwTlVVJEJgj6pgA=",
          "degree": "Angewandte Informatik"
        }
      ]
    },
    {
      "profile": [
        {
          "sex": "f",
          "memberSince_Hits": "5. August 2012 / 1620",
          "currJobDescr": "PU27LE6kEUZL3RUGFQBtJlXfNYTRk7qfT9lO7ANfXm4=",
          "jobs": [
            {
              "jobTitle": "PU27LE6kEUZL3RUGFQBtJlXfNYTRk7qfT9lO7ANfXm4=",
              "company": "iOrOIsbd2xT1lAt3NH59q8mfYGeXfAJSG49ulZwcjkYU=",
              "company_url": "https://www.xing.com/companies/go?name=yPqi2Ojz9Mq/KgCaEQ/w8hcsr/3Cp6M+IfQP9lSlw1s=",
              "jobDuration": "5 Jahr, 1 Monat",
              "jobDates": "01/2012 - 01/2017"
            },
            {
              "jobTitle": "c8woQG66aE1VfTgem5EXbOkIRl1crPnkHxwNPmvDC2c=",
              "company": "iOrOIsbd2xT1lAt3NH59q8mfYGeXfAJSG49ulZwcjkYU=",
              "company_url": "https://www.xing.com/companies/go?name=yPqi2Ojz9Mq/KgCaEQ/w8hcsr/3Cp6M+IfQP9lSlw1s=",
              "jobDuration": "1 Jahr, 7 Monat ",
              "jobDates": "06/2010 - 12/2011"
            },
            {
              "jobTitle": "vnMamviu7AS4DGqKSvtAtVinjjUX5dHv1EhKpadqRx4=",
              "company": "iOrOIsbd2xT1lAt3NH59q8mfYGeXfAJSG49ulZwcjkYU=",
              "company_url": "https://www.xing.com/companies/go?name=yPqi2Ojz9Mq/KgCaEQ/w8hcsr/3Cp6M+IfQP9lSlw1s=",
              "jobDuration": "1 Jahr, 11 Monat ",
              "jobDates": "08/2008 - 06/2010"
            }
          ]
        }
      ],
      "languages": [
        {
        }
      ],
      "education": [
        {
          "institution": "LduySLjyLhk2kwblMC9/xwAb2OdYh37BeSYiPJNSlko=",
          "url": "https://www.xing.com/search/members?keywords=LduySLjyLhk2kwblMC9/xwAb2OdYh37BeSYiPJNSlko=",
          "degree": "Business Administration, Bachelor of Arts",
          "eduDuration": "09/2008 - 06/2012"
        }
      ]
    },
    {
      "profile": [
        {
          "sex": "f",
          "memberSince_Hits": "18. Oktober 2008 / 764",
          "currJobDescr": "oRshSzCzSOClKXu7Yad+wy+eSDugzPXXtnhvqEYSn+A=",
          "jobs": [
            {
              "jobTitle": "oRshSzCzSOClKXu7Yad+wy+eSDugzPXXtnhvqEYSn+A=",
              "company": "CsJikV+1C/oYq3A0rHRlyphEtiJPY4CMooWp3HquwiEA=",
              "company_url": "https://www.xing.com/companies/go?name=v22MAcGxUKZBS6+LQMo3Ar9z9MTLovR5/wlGpzd58ag=",
              "jobDates": "bis heute"
            }
          ]
        }
      ],
      "languages": [
        {
        }
      ]
    },
    {
      "profile": [
        {
          "sex": "m",
          "memberSince_Hits": "22. September 2008 / 706",
          "currJobDescr": "veoRUXRXs+MA98EA/0P26Bl4y68QBFB3Q24FDYqJy5g=",
          "jobs": [
            {
              "jobTitle": "veoRUXRXs+MA98EA/0P26Bl4y68QBFB3Q24FDYqJy5g=",
              "company": "MYq/IvfdcCtHntOj8g9n2+SUjQxEnDh4L/tELUKz5GWw=",
              "company_url": "https://www.xing.com/companies/go?name=b5aKUAjKqzar3WBdUYwrbFNQtFUGj18ASNdDPlwX1uE=",
              "jobDates": "1994 - 01/2017"
            }
          ]
        }
      ],
      "languages": [
        {
        }
      ],
      "education": [
        {
          "institution": "dK7l55/OKMyks5IC1tDKGVJsv3jqQfZM981gNLr19hY=",
          "url": "https://www.xing.com/search/members?keywords=7cVb1fV30I7Cs5QGpEB0/S7Jb01gBu4SHfH+WTVucWE=",
          "degree": "Homiletics"
        },
        {
          "institution": "VD1ZFuotF6HnhUP13dnlMvrom8ncz0GjZbAoGwcOWXQ=",
          "url": "https://www.xing.com/search/members?keywords=x0OFw3/uhqUl3pUDbiheP4e0IuTRjd54GdC9L3PZQ0M=",
          "degree": "Social Science, B.A."
        }
      ]
    }
  ]
}
