{
  "category": "Superintendent",
  "dominantSexXing": "m",
  "profiles": [
    {
      "profile": [
        {
          "sex": "f",
          "currJobDescr": "i158Hmg6n+LjtpyImg/auwT60xUT6gs0kom1lTme1u8="
        }
      ]
    },
    {
      "profile": [
        {
          "sex": "m",
          "memberSince_Hits": "12. August 2014 / 519",
          "currJobDescr": "IGIaIruK2bwR09MTSlZ5bIBU52lg9kDw6/yRjCIKa/I=",
          "jobs": [
            {
              "jobTitle": "IGIaIruK2bwR09MTSlZ5bIBU52lg9kDw6/yRjCIKa/I=",
              "company": "BCY+AxfbDNAyCrZAWBATfPrigoj/m6yXzqdWB2z3ELPY=",
              "company_url": "https://www.xing.com/companies/go?name=vGAuV5aUYOsNrDPnQINRjJ1ByUPTbr42XvBSbAcMyss=",
              "jobDates": "1999 - 01/2017"
            },
            {
              "jobTitle": "FRb++eo89eok/Infokzh2GMkT0412hV4vXWgmEDKGvM=",
              "company": "TfcjVlooJgdRulW5a30w2oOwRhpGgOlSWm7TBw/+aLK0=",
              "company_url": "https://www.xing.com/companies/go?name=apQ8HgV8SE6arqqT/tpYr9wvEcL4IiiswjZeHihxcls=",
              "jobDates": "2013 - 2016"
            },
            {
              "jobTitle": "t3iLc41JIT3lepcxyMFkF2H8nO5OI5UqWpXYugqtCxg=",
              "company": "SZ87epR7YQmNbZTVs+eKQmfPUw62bZptuyxbaAE+9XTg=",
              "company_url": "https://www.xing.com/companies/go?name=tzLWxSGPZAcDMlY8HrogEFC7cTZCZ+71NiuXTQR6K3M=",
              "jobDates": "2011 - 2013"
            },
            {
              "jobTitle": "t3iLc41JIT3lepcxyMFkF2H8nO5OI5UqWpXYugqtCxg=",
              "company": "WhqrAyu9b57uJnThmuzmSNuEJZW8mhxHChDH5nUF35eY=",
              "company_url": "https://www.xing.com/companies/go?name=1qEZs9kKGySTrye7TrQsNdY02/zIuol40CItOKY5iTQ=",
              "jobDates": "2009 - 2011"
            },
            {
              "jobTitle": "t3iLc41JIT3lepcxyMFkF2H8nO5OI5UqWpXYugqtCxg=",
              "company": "R/B/Fdd6H5/rR0oTWkGHNJx1swyEHxKM6Gj/YrvuSRes=",
              "company_url": "https://www.xing.com/companies/go?name=cE9LtAOBp+pbi0koPzZT52Luq9UMLYvjzneEgbelv4k=",
              "jobDates": "2005 - 2009"
            }
          ]
        }
      ],
      "languages": [
        {
        }
      ],
      "education": [
        {
          "institution": "dfOLEaFAMwOxEIKB4V/520qZHSuobDZqXraPc7Sp6PI=",
          "url": "https://www.xing.com/search/members?keywords=KSWtpFpjW5jpZ1rjbFxYbIS4uANhO24qOmGFz19xIQQ=",
          "degree": "Certificate of Post –Doctoral Studies Educational Leadership",
          "eduDuration": "2008 - 2012"
        },
        {
          "institution": "Is7Up7E6TXfWN3j2Y2eFul2NHBo4ckVuL096CtvvS24=",
          "url": "https://www.xing.com/search/members?keywords=E7AX8cJdo8sBAjy0qXxXEIKmg7/l85di4zedEuVNItw=",
          "degree": "Certification as a School Principal, Supervisor and Director",
          "eduDuration": "09/1997 - 08/1998"
        },
        {
          "institution": "naH5hzF199tcdkDz7hp4I/REM42b2IivKR7MWyRSBJI=",
          "url": "https://www.xing.com/search/members?keywords=zj2u12ti7DSxXPgXSKHOq2Qg8zehGKqk5LUVkTtlXwA=",
          "degree": "C. A. S - 3D Geometric Modeling and Scientific Visualization",
          "eduDuration": "09/1994 - 08/1995"
        },
        {
          "institution": "dOEJpHJ9mjeIueqbj58RCslhYwUlpjXlOpcixHRyG2c=",
          "url": "https://www.xing.com/search/members?keywords=8kuFtxl5Xxf7Z7j0uZK3FDiXyQkY6K12H0eh6AMOYIA=",
          "degree": "PhD - Math and Science Education with focus on Curriculum and Technology, PhD",
          "eduDuration": "09/1989 - 05/1992"
        },
        {
          "institution": "pQ+Aqj4ZClZd9ooiRkzp19keRXrFNsO1oQpgtidLhNQ=",
          "url": "https://www.xing.com/search/members?keywords=frnNSIax/BRA3PInpH8IkQaQDbBce2TFujiYO7PjAJ0=",
          "degree": "C.A.G.S - Leadership and Educational Administration",
          "eduDuration": "09/1985 - 05/1988"
        },
        {
          "institution": "pQ+Aqj4ZClZd9ooiRkzp19keRXrFNsO1oQpgtidLhNQ=",
          "url": "https://www.xing.com/search/members?keywords=frnNSIax/BRA3PInpH8IkQaQDbBce2TFujiYO7PjAJ0=",
          "degree": "MEd – Chemistry and Applied Mathematics, MEd",
          "eduDuration": "09/1982 - 05/1985"
        },
        {
          "institution": "pQ+Aqj4ZClZd9ooiRkzp19keRXrFNsO1oQpgtidLhNQ=",
          "url": "https://www.xing.com/search/members?keywords=frnNSIax/BRA3PInpH8IkQaQDbBce2TFujiYO7PjAJ0=",
          "degree": "B.S. - Chemistry and Mathematics, B.S.",
          "eduDuration": "09/1979 - 05/1982"
        }
      ],
      "awards": [
        {
        }
      ]
    },
    {
      "profile": [
        {
          "sex": "f",
          "memberSince_Hits": "28. Oktober 2011 / 3243",
          "currJobDescr": "jg3fbkYVCrJl1fx0h4fwkKj0Zs0ueMY+sPQ8BNhPJ7w=",
          "jobs": [
            {
              "jobTitle": "jg3fbkYVCrJl1fx0h4fwkKj0Zs0ueMY+sPQ8BNhPJ7w=",
              "company": "GZSMYvY8thBB7qgW9FxTi/maOF9SsoisyRMHzocpS8rY=",
              "company_url": "https://www.xing.com/companies/go?name=IenKaGrYJw9LOT+Y07FJckIwKyp/9xgSS8t+5RDsrzo=",
              "jobDates": "2009 - 01/2017"
            },
            {
              "jobTitle": "WGzcevApubR/mqnkmLyYBk+XrinsBlDAxs5p5viKx0g=",
              "company": "TNP9vsILYTqSBLCzLp+5jIBh3uNQTyqAjZQAucMej2xs=",
              "company_url": "https://www.xing.com/companies/go?name=K0Hoi0d75j+QzAolXYlm4ZP+qgOP9++lj1o++l3RZ2U=",
              "jobDuration": "5 Jahr, 10 Monat ",
              "jobDates": "04/2011 - 01/2017"
            },
            {
              "jobTitle": "RqnmulGkzHN7c0dTYgSc6vLd/KEodX1pTJdSv4Hj0b4=",
              "company": "IJrvfL5RaLBSZ9zRtNWRf4kBhzvhC6dxXRcPkjsilymQ=",
              "company_url": "https://www.xing.com/companies/go?name=1j2uxETx51laMoMXZ3i/8M8ufxzuU4yh23g8xTTE4lc=",
              "jobDuration": "6 Jahr, 3 Monat ",
              "jobDates": "11/2010 - 01/2017"
            },
            {
              "jobTitle": "cEeF1FMKAIQXADkLrBEBn+cRRNeLC+saIvKHq3C1NcI=",
              "company": "UcZUP0sKat6V4BCV792YDnBn4dchsoVkEUcAv0JzQqlo=",
              "company_url": "https://www.xing.com/companies/go?name=7xB68YWdDG01bJR+siOM446EkB/GeediDU6x7iZCVjM=",
              "jobDuration": "8 Jahr, 6 Monat ",
              "jobDates": "08/2008 - 01/2017"
            },
            {
              "jobTitle": "+H5OT90kQnUh2G+3xQJfFwLy8hqt1cG03BtmVW0Q/Bs=",
              "company": "TNP9vsILYTqSBLCzLp+5jIBh3uNQTyqAjZQAucMej2xs=",
              "company_url": "https://www.xing.com/companies/go?name=K0Hoi0d75j+QzAolXYlm4ZP+qgOP9++lj1o++l3RZ2U=",
              "jobDuration": "8 Jahr, 7 Monat ",
              "jobDates": "07/2008 - 01/2017"
            },
            {
              "jobTitle": "jGm5KlAPHUBWhEh28KTqfl5u8s/O7IkYC37b8SeBps8=",
              "company": "SluKr3FXc4GrdNUcOfkc5e9iSKKC65WQv0MDYCv5c6bk=",
              "company_url": "https://www.xing.com/companies/go?name=dFbwioLpWOmduMHUvwPHurfM9GHnPEh628Dst8pSWBA=",
              "jobDuration": "2 Jahr, 8 Monat ",
              "jobDates": "12/2005 - 07/2008"
            },
            {
              "jobTitle": "bNFTaHGueOh6j/OUt0d5/eb9wNrMwKnHB6SvJxgHT9U=",
              "company": "TNP9vsILYTqSBLCzLp+5jIBh3uNQTyqAjZQAucMej2xs=",
              "company_url": "https://www.xing.com/companies/go?name=K0Hoi0d75j+QzAolXYlm4ZP+qgOP9++lj1o++l3RZ2U=",
              "jobDuration": "8 Jahr, 3 Monat ",
              "jobDates": "05/2000 - 07/2008"
            },
            {
              "jobTitle": "d8PtFsl7q8eLcvtob9wU5I17krFNpUYZpfy3uXk4uQw=",
              "company": "CKj819MOXzoa6qvcaNjZ+H9e5FutwcnBBTWCWAdAekd0=",
              "company_url": "https://www.xing.com/companies/go?name=buEW1wdP3LBz7+XxAo8RMykY+QSVf7zZhQI7SKNamM8=",
              "jobDuration": "2 Jahr, 4 Monat ",
              "jobDates": "11/2002 - 02/2005"
            },
            {
              "jobTitle": "bumh/XtnWFVlnXplQ1Ikr0u+tdNnHxcFzczdTerMezE=",
              "company": "TNP9vsILYTqSBLCzLp+5jIBh3uNQTyqAjZQAucMej2xs=",
              "company_url": "https://www.xing.com/companies/go?name=K0Hoi0d75j+QzAolXYlm4ZP+qgOP9++lj1o++l3RZ2U=",
              "jobDuration": "3 Monat ",
              "jobDates": "09/2002 - 11/2002"
            },
            {
              "jobTitle": "ku74nB92q+yD2Abm4D5u1xrbK0ywsW3W8y8WzmVt/OA=",
              "company": "BrghwFa98645Ay/nE/y6RmwkT4L2PGBdIz+v9K4KuKhQ=",
              "company_url": "https://www.xing.com/companies/go?name=nxx04FNaqYyznhz4IS7LIP3R3DsiWDeYPTrG1gSBk/4=",
              "jobDuration": "1 Jahr",
              "jobDates": "10/2001 - 09/2002"
            },
            {
              "jobTitle": "6ry8RC+bL7G0RnVuKrhPoGmu9sEGp/KuSxYY4EAX7G4=",
              "company": "DvQy39XDaffL9vP+e+00+u8m5kjySbhk7YMSGiRUrDpg=",
              "company_url": "https://www.xing.com/companies/go?name=LsWJabXK3qC2Az3G5x+NfgA5WkoTsqhhNFezjMJDszE=",
              "jobDuration": "1 Jahr, 7 Monat ",
              "jobDates": "04/2000 - 10/2001"
            },
            {
              "jobTitle": "pPg3n6G5NCtAdL9GW8ESwTo50fokxoa6I6djJGRjpzE=",
              "company": "TNP9vsILYTqSBLCzLp+5jIBh3uNQTyqAjZQAucMej2xs=",
              "company_url": "https://www.xing.com/companies/go?name=K0Hoi0d75j+QzAolXYlm4ZP+qgOP9++lj1o++l3RZ2U=",
              "jobDuration": "2 Jahr, 7 Monat ",
              "jobDates": "10/1997 - 04/2000"
            },
            {
              "jobTitle": "4mVaeLGHID3l5VIhUGAjmccvVXY0WVdTSFNCyCPKKlk=",
              "company": "NFK1Riu/ctOhehkjjzw7FjnioEu3grUic5D5nnDVcbLM=",
              "company_url": "https://www.xing.com/companies/go?name=xzd1iPmucpr/8dQSWywPEbw+u3nSstg69U0oRlDcUpQ=",
              "jobDuration": "4 Monat ",
              "jobDates": "11/1999 - 02/2000"
            },
            {
              "jobTitle": "pPg3n6G5NCtAdL9GW8ESwTo50fokxoa6I6djJGRjpzE=",
              "company": "TNP9vsILYTqSBLCzLp+5jIBh3uNQTyqAjZQAucMej2xs=",
              "company_url": "https://www.xing.com/companies/go?name=K0Hoi0d75j+QzAolXYlm4ZP+qgOP9++lj1o++l3RZ2U=",
              "jobDuration": "3 Monat ",
              "jobDates": "07/1997 - 09/1997"
            },
            {
              "jobTitle": "dKj/gqcX4FhDuoMErwlAdVCCaT0FPmj7bkxHpNToNXY=",
              "company": "TNP9vsILYTqSBLCzLp+5jIBh3uNQTyqAjZQAucMej2xs=",
              "company_url": "https://www.xing.com/companies/go?name=K0Hoi0d75j+QzAolXYlm4ZP+qgOP9++lj1o++l3RZ2U=",
              "jobDuration": "4 Monat ",
              "jobDates": "04/1997 - 07/1997"
            },
            {
              "jobTitle": "6ry8RC+bL7G0RnVuKrhPoGmu9sEGp/KuSxYY4EAX7G4=",
              "company": "LQjoaMiIC4PZ+6/HmoWbWXw+ub4vlXU2E12bydDcVsQo=",
              "company_url": "https://www.xing.com/companies/go?name=iKJmwm8svJ3S3jHb2NnYBNFZeu/OQN1J8ANpzq/fKkQ=",
              "jobDuration": "3 Jahr, 1 Monat",
              "jobDates": "04/1994 - 04/1997"
            },
            {
              "jobTitle": "6ry8RC+bL7G0RnVuKrhPoGmu9sEGp/KuSxYY4EAX7G4=",
              "company": "TNP9vsILYTqSBLCzLp+5jIBh3uNQTyqAjZQAucMej2xs=",
              "company_url": "https://www.xing.com/companies/go?name=K0Hoi0d75j+QzAolXYlm4ZP+qgOP9++lj1o++l3RZ2U=",
              "jobDuration": "4 Monat ",
              "jobDates": "01/1994 - 04/1994"
            },
            {
              "jobTitle": "KZlIPwV1zGIR/z+u/eJE1KUTzWhkjasKJAjXIJVNmw0=",
              "company": "D6l75Qpi0bCj+q0GAcz8KdcNb7GiDcPO9lJXi92S9rMg=",
              "company_url": "https://www.xing.com/companies/go?name=8lcJNYWyrwD/W+VrWF6NzfqhVKeSLBmDEatUcjpd6dc=",
              "jobDuration": "5 Monat ",
              "jobDates": "08/1993 - 12/1993"
            },
            {
              "jobTitle": "bZYBSuD190aNS9m5CY+T6pPzH19IYdaxeL3W6Z6apSU=",
              "company": "AaQp3LEzht+6PVSfF1dAXc0JekedAXCeDjkJ+nvivb60=",
              "company_url": "https://www.xing.com/companies/go?name=ffkbClE2chfLxyyXCDhghYVGEg9Ag5dE/YfXYUPitRo=",
              "jobDuration": "3 Monat ",
              "jobDates": "06/1993 - 08/1993"
            },
            {
              "jobTitle": "lcWkGWJluJJtv0Y2NPU+VnVFpGShZLOtzOvw9bR3knQ=",
              "company": "SlOWM0BNFluODPxg78agtX1MSziTR/TrOCgRcCfS+gvE=",
              "company_url": "https://www.xing.com/companies/go?name=IpSi/Eo+SgG4sk/EzLWYr8wByXsULIhII5o5JIPUKJM=",
              "jobDuration": "1 Jahr, 1 Monat",
              "jobDates": "06/1992 - 06/1993"
            },
            {
              "jobTitle": "+LMyy+NW3DbTRMe0cyEgSq4GV36X7G7XTtg5kpIbNZQ=",
              "company": "PkLOv3IsH9tk9IhmhrZdNCXw/J1QGT5Lwp2qnQHDFX/M=",
              "company_url": "https://www.xing.com/companies/go?name=USNa0OQWT3VGYZLh51MTMIj97m9GbIIw5LQ4xcFGK1o=",
              "jobDuration": "8 Monat ",
              "jobDates": "10/1991 - 05/1992"
            },
            {
              "jobTitle": "FMDntAIh8DBRJR1pFfyJxV84bqCC8V7b3Zt11/zbKMA=",
              "company": "C1AHgvHgjfNYh443MlYPkPCcvOnzu0JStPBrfbEMP8BI=",
              "company_url": "https://www.xing.com/companies/go?name=ZHp+UBKcpoDJjh8zhdwsQN/sjvLGoA9bNxmy+fCKqfs=",
              "jobDuration": "8 Monat ",
              "jobDates": "10/1991 - 05/1992"
            },
            {
              "jobTitle": "Dd/5TdYYEQL45OyE0/7RncKLznZzVPEItqjzkraq7CY=",
              "company": "ULcF0q1TsSbawGmykjOwyy2k0dozYyGq6xgRurN7/Zvw=",
              "company_url": "https://www.xing.com/companies/go?name=n+PPuYk2mcnttxdtr0sLjzO0JZUJIZvWcTF5DkyX7EY=",
              "jobDuration": "3 Jahr, 5 Monat ",
              "jobDates": "06/1988 - 10/1991"
            }
          ]
        }
      ],
      "languages": [
        {
        }
      ],
      "education": [
        {
          "institution": "hiMG4iJrstqDKV5SB/naJGXMXtWjMC9GTGOsIwBJ0Lc=",
          "url": "https://www.xing.com/search/members?keywords=eJhicQqgsNuBudDN604X4LVWeYtqKisTjQlhyANO/sM=",
          "degree": "Civil Engineering, Bachelor of Science",
          "eduDuration": "05/1992 - 12/1993"
        },
        {
          "institution": "6t8BLvfo6rDZKPNLfqm2TlwgRHtPdoHuuZMzUJAoxOs=",
          "url": "https://www.xing.com/search/members?keywords=k03bCPzekm/iQ485Nc9pyV5LiYR8fP9IJokL82pBK9k=",
          "degree": "Civil Engineering/English Literature",
          "eduDuration": "06/1988 - 10/1991"
        }
      ],
      "awards": [
        {
        }
      ]
    },
    {
      "profile": [
        {
          "sex": "m",
          "memberSince_Hits": "31. März 2009 / 814",
          "currJobDescr": "gPkr9gSe+h1H4iU/qmj6ANPqPUJxIAXCqWy2zT/i+dU=",
          "jobs": [
            {
              "jobTitle": "gPkr9gSe+h1H4iU/qmj6ANPqPUJxIAXCqWy2zT/i+dU=",
              "company": "L1oLMBTWe3Hz4OmGnSOdLwJGTEInzAM5iPZQCX3kXNMU=",
              "company_url": "https://www.xing.com/companies/go?name=+NfHtgWkcGGS7/ehehMIzWaZ1MTkPHut8igmQ3rigWs=",
              "jobDates": "2005 - 01/2017"
            },
            {
              "jobTitle": "FNWjuRD4NESyrGH5Kb1G94vUzYfRVhFiSWDiwq1p5hg=",
              "company": "G27dyGpfYFYbhr3eWoaIhbY2Q1XZEOIAshn9UnY3N/i8=",
              "company_url": "https://www.xing.com/companies/go?name=/rs1DRcU1Ssy7HH9tYhaHIr9fZ9n0IJ6glYUFmqjV1k=",
              "jobDates": "2000 - 2003"
            },
            {
              "jobTitle": "gPkr9gSe+h1H4iU/qmj6ANPqPUJxIAXCqWy2zT/i+dU=",
              "company": "WcINtsABkEPHbk5t0bJ4TzOG5IrHgqwWdV8jvRPQBvtw=",
              "company_url": "https://www.xing.com/companies/go?name=RRjPm7Evd4OWy3dPGjm7HXCHlCEgVbAM6IrPQiXhoSw=",
              "jobDates": "1993 - 2000"
            }
          ]
        }
      ],
      "languages": [
        {
        }
      ],
      "education": [
        {
          "institution": "ZD0U/10dv/h92omT6vHa0hnp6O0PPqQPE2hcmmFUv0g=",
          "url": "https://www.xing.com/search/members?keywords=Oe7wiRxur5KseDVzI//KpZkjVi8p4NAEHd2aMsx12rM=",
          "degree": "Agronomy, 1 year of studies"
        },
        {
          "institution": "YEQkjPFIgTdsr8IAV7YlUjFY95ZSRHwic467lJOICNs=",
          "url": "https://www.xing.com/search/members?keywords=3Wzh2vmvtPQU4eV64rW3ND2iPXlqcSsVL5Ta0k/IR+U=",
          "degree": "Horticulture, 1 year of studies"
        }
      ],
      "awards": [
        {
        }
      ]
    },
    {
      "profile": [
        {
          "sex": "m",
          "memberSince_Hits": "11. September 2010 / 1309",
          "currJobDescr": "mg7+W6PzjHNq8Twm1kmhVMV6McRSZiAhbhAUGLSONOM=",
          "jobs": [
            {
              "jobTitle": "mg7+W6PzjHNq8Twm1kmhVMV6McRSZiAhbhAUGLSONOM=",
              "company": "SvCkOPNMjmw5q4xuLZ4Ig2KC5FR2wQkY38J7K5SKL6dA=",
              "company_url": "https://www.xing.com/companies/go?name=MykCOKUymJ+g1BRWDAJMRRHsWvd66IC62ahVR5KaEvU=",
              "jobDates": "bis heute"
            }
          ]
        }
      ],
      "languages": [
        {
        }
      ]
    },
    {
      "profile": [
        {
          "sex": "m",
          "memberSince_Hits": "6. Februar 2008 / 6729",
          "currJobDescr": "hED0HTnPyVcXFmyMBJMJPt89vqQ1wi5U6VfrSEWVUNI=",
          "jobs": [
            {
              "jobTitle": "hED0HTnPyVcXFmyMBJMJPt89vqQ1wi5U6VfrSEWVUNI=",
              "company": "CvdoOEX5+JUU+G1DYr4Qb76Kzl2cUshZ1QQtDw5WarpU=",
              "company_url": "https://www.xing.com/companies/go?name=MK6SxSyYL62UxXOIiFBEZzZkTZfD+/VAQqF4ZO1TXG0=",
              "jobDuration": "1 Jahr, 10 Monat ",
              "jobDates": "04/2015 - 01/2017"
            },
            {
              "jobTitle": "PVX5KJgPE7dQXtMeA4Qj+TsLgnP49hy7u6y6QqfRHeM=",
              "company": "ABpkG6qf1/a1p8n7Bi3aZcvIYYL3bq6n+BbOfTYrqrko=",
              "company_url": "https://www.xing.com/companies/go?name=lww9gUz+1yAU2zI2vgDgqetuMzuQzG5jm67UFi7cu/4=",
              "jobDuration": "2 Jahr, 11 Monat ",
              "jobDates": "05/2012 - 03/2015"
            },
            {
              "jobTitle": "rmCdD6w/r9OcaFuvfjkC2S5cpnIpqMEJT6fZqewEyHs=",
              "company": "ABpkG6qf1/a1p8n7Bi3aZcvIYYL3bq6n+BbOfTYrqrko=",
              "company_url": "https://www.xing.com/companies/go?name=lww9gUz+1yAU2zI2vgDgqetuMzuQzG5jm67UFi7cu/4=",
              "jobDuration": "1 Jahr, 1 Monat",
              "jobDates": "04/2011 - 04/2012"
            },
            {
              "jobTitle": "vNeVdaV1uzVUGIt3Gic1v4m3+Z0uQDhGp28mZqC5Hrg=",
              "company": "VXbaIe4KbQJq3+TbD3qfNCmb95iPKkOYK2uZT5lt84C8=",
              "company_url": "https://www.xing.com/companies/go?name=LtqPeE6kKFK77WgrGgE3YWgu4QQPUbXGxJOJ+CK6z0g=",
              "jobDuration": "2 Jahr, 8 Monat ",
              "jobDates": "08/2008 - 03/2011"
            },
            {
              "jobTitle": "ss4jODqhwGemDShFTKzJEQ2Ybp7IquGh4amOASG7BpQ=",
              "company": "HCmQaDEl0/k0wpp5IzjqOooxcORceR79hPBI4Ios6Dq0=",
              "company_url": "https://www.xing.com/companies/go?name=Y/3skAss2YF3+/WfOvOCN9rkvgz0g/Wo8zc1taFbhA4=",
              "jobDuration": "2 Jahr, 4 Monat ",
              "jobDates": "04/2006 - 07/2008"
            },
            {
              "jobTitle": "fAoY+48l02jvGpH3SHRNKT7Nasjj++QNbDU3Q+GAIJE=",
              "company": "HBagM4MWV4WCbQt32F2HP1Irh1m4jH9+8jGsGM9LBxZ0=",
              "company_url": "https://www.xing.com/companies/go?name=AKxTMqzG/g3EL36ShCwUv1mt9CGcGvZVYJEgJYu9qU4=",
              "jobDuration": "1 Jahr, 3 Monat ",
              "jobDates": "01/2005 - 03/2006"
            },
            {
              "jobTitle": "fAoY+48l02jvGpH3SHRNKT7Nasjj++QNbDU3Q+GAIJE=",
              "company": "GBWK95iYmesuCI3mlxW9k+j9phIiASQImikt1/zoRKPk=",
              "company_url": "https://www.xing.com/companies/go?name=z7srPuYc0QeJtrNzlSjkR1+Mx5xGk3RD1030V0b0FHA=",
              "jobDuration": "9 Monat ",
              "jobDates": "04/2004 - 12/2004"
            }
          ]
        }
      ],
      "languages": [
        {
        }
      ],
      "education": [
        {
          "institution": "hNzITYq2mXHb/r0LXF8TM8t2Vs4Sa6eXGn4vBGLrwuk=",
          "url": "https://www.xing.com/search/members?keywords=HqTih7sp7yo2ooRGTv+fs4AXkzwuInMVM5E0MMLXYvk=",
          "degree": "Diplom Ingenieur Nautik/Seeverkehr"
        }
      ],
      "awards": [
        {
        }
      ]
    },
    {
      "profile": [
        {
          "sex": "m",
          "memberSince_Hits": "4. Dezember 2015 / 189",
          "currJobDescr": "ndH29pK8UuZUnaJIdZD3bsFlRJpyb93gYN9VIgyoPm8=",
          "jobs": [
            {
              "jobTitle": "ndH29pK8UuZUnaJIdZD3bsFlRJpyb93gYN9VIgyoPm8=",
              "company": "Rg1L1uhO7h6QiAN47jxu1MT/XTsKBdWMW+GfSECx1WpA=",
              "company_url": "https://www.xing.com/companies/go?name=GxY0eiIoEJBzrdPOjWDDXTqUtGbGHN5G+XlRPa+jPGQ=",
              "jobDuration": "4 Monat ",
              "jobDates": "07/2015 - 10/2015"
            }
          ]
        }
      ],
      "education": [
        {
          "institution": "GoY4HCLIQKUhs8TLcGxnUtM1kz+ly42RHoozgN6bHOg=",
          "url": "https://www.xing.com/search/members?keywords=zDiFkQ8hxxUVF7Lz0ipuK8smDXxzr6FqquHOWx3JDiA=",
          "degree": "Educational Leadership and Administration, Doctorate",
          "eduDuration": "08/2004 - 12/2007"
        },
        {
          "institution": "T7Q66175CtKnzU4/budgQeXSaz5dIETgLfIbatMscKk=",
          "url": "https://www.xing.com/search/members?keywords=U4iBxXGf0dzDbyWNzB1p7MDtxHfls8IcNgLhLvZQBFw=",
          "degree": "Education, Masters of Education",
          "eduDuration": "01/1983 - 12/1989"
        },
        {
          "institution": "T7Q66175CtKnzU4/budgQeXSaz5dIETgLfIbatMscKk=",
          "url": "https://www.xing.com/search/members?keywords=U4iBxXGf0dzDbyWNzB1p7MDtxHfls8IcNgLhLvZQBFw=",
          "degree": "Health education",
          "eduDuration": "09/1977 - 06/1982"
        }
      ],
      "awards": [
        {
        }
      ]
    },
    {
      "profile": [
        {
          "sex": "m",
          "memberSince_Hits": "22. November 2012 / 1422",
          "currJobDescr": "grAU4gOiBVbdz1cDnbeUV8fImpqlcjKoX/Cea19ApaA=",
          "jobs": [
            {
              "jobTitle": "grAU4gOiBVbdz1cDnbeUV8fImpqlcjKoX/Cea19ApaA=",
              "company": "HuHbOBM/C/lu9ESiFldN2JuXut77FTKI+giBmF6bqNpM=",
              "company_url": "https://www.xing.com/companies/go?name=qLqLM2UvXjuFwzSdIYTzdJDM5zHqGi+V7mGmVy0CvaI=",
              "jobDuration": "1 Jahr, 1 Monat",
              "jobDates": "01/2016 - 01/2017"
            },
            {
              "jobTitle": "fv9Z5zoRvusV0SPCf6ixcXr4o8bwPkdp96Hg27s8C+M=",
              "company": "CJxyUhbjHKgB2J3stsYH820j0PRga4aIslNlvHPgntx4=",
              "company_url": "https://www.xing.com/companies/go?name=tWb7badFdve3o443PFpopxVjUocGPJYmtIS8WfZZVPo=",
              "jobDuration": "1 Jahr, 6 Monat ",
              "jobDates": "07/2014 - 12/2015"
            },
            {
              "jobTitle": "yOAlc+NHD+AsgsZh3zuqP2Z75PtFs4Rqe/itIEhez9M=",
              "company": "AVcRnU/ItDE4wtKTGAKCq4+CD4NxaAI+xbRwxhtC5+nA=",
              "company_url": "https://www.xing.com/companies/go?name=LTLxcKc0SOxi4/d2rfKVzZDwue5fzK5xfL5cyZsYwZg=",
              "jobDuration": "5 Monat ",
              "jobDates": "02/2014 - 06/2014"
            },
            {
              "jobTitle": "SrrDiLxDhCUcygqx2BCcUYnOZt6kkpPJSznP81vhR70=",
              "company": "AROfDK8zF0iNoiqRFSmvBUuEwpijBX77wwLRe5MgUYfE=",
              "company_url": "https://www.xing.com/companies/go?name=xHOhadwDWp2/fVm9CmmnAOb8Itw3hmmt4XB7ic8biJM=",
              "jobDuration": "1 Jahr, 9 Monat ",
              "jobDates": "05/2012 - 01/2014"
            },
            {
              "jobTitle": "XjSxGECpz/UImhPcC4pBGfcax67Uy3N4b1Dj5pRK6yI=",
              "company": "AVcRnU/ItDE4wtKTGAKCq4+CD4NxaAI+xbRwxhtC5+nA=",
              "company_url": "https://www.xing.com/companies/go?name=LTLxcKc0SOxi4/d2rfKVzZDwue5fzK5xfL5cyZsYwZg=",
              "jobDuration": "8 Monat ",
              "jobDates": "09/2011 - 04/2012"
            },
            {
              "jobTitle": "BnsZB/HM1ZCFF61gzrIGm90cJIt/G8umAjxUnslhgto=",
              "company": "AVcRnU/ItDE4wtKTGAKCq4+CD4NxaAI+xbRwxhtC5+nA=",
              "company_url": "https://www.xing.com/companies/go?name=LTLxcKc0SOxi4/d2rfKVzZDwue5fzK5xfL5cyZsYwZg=",
              "jobDuration": "1 Jahr",
              "jobDates": "09/2010 - 08/2011"
            }
          ]
        }
      ],
      "languages": [
        {
        }
      ],
      "education": [
        {
          "institution": "ny+Wxu9BUQR3z5Qp9dMh0LtL4fLtXvH2y9K16Il0LaU=",
          "url": "https://www.xing.com/search/members?keywords=ny+Wxu9BUQR3z5Qp9dMh0LtL4fLtXvH2y9K16Il0LaU=",
          "degree": "Nautik, B.Sc",
          "eduDuration": "09/2006 - 06/2010"
        }
      ]
    },
    {
      "profile": [
        {
          "sex": "m",
          "memberSince_Hits": "21. November 2012 / 2154",
          "currJobDescr": "f7UXVcQww7tGnknYI6+GyYRKsGq1haRwa3jlhk0kBNs=",
          "jobs": [
            {
              "jobTitle": "f7UXVcQww7tGnknYI6+GyYRKsGq1haRwa3jlhk0kBNs=",
              "company": "AR5/y3V09DM7PqwgPFX6rPCCZC27QgCwVebg4B+GIkU4=",
              "company_url": "https://www.xing.com/companies/go?name=saso+OgiZ6q6oXjjYHGO+2QmPuFh/EyBU7QAtWX5Xes=",
              "jobDuration": "2 Jahr, 7 Monat ",
              "jobDates": "07/2014 - 01/2017"
            },
            {
              "jobTitle": "i7OYBlX4IlXRuZ9eVs5MXdZvJcKbSGo3+hJYDWB5U6Q=",
              "company": "A9ZS2R2mJ6lmP7FSAbtl7eVr/pO4eVAras7pfL+qd5i4=",
              "company_url": "https://www.xing.com/companies/go?name=QMcmgx0FNMU8ncZ1UmJ9ak/zeFfIoMkXd/cJSmiCY0c=",
              "jobDuration": "1 Jahr, 1 Monat",
              "jobDates": "07/2013 - 07/2014"
            },
            {
              "jobTitle": "Qqck+DnCu3rEZwZAEcibU/Fy/PRPKBFRUH8jM+QGgQA=",
              "company": "C70l2IPX7GfJxiVRfCVZX1g+TWuVq4F0scqzwyVNS1xo=",
              "company_url": "https://www.xing.com/companies/go?name=w9+BC0x6Si0XTagQlW/l4AIGcNKaN5BZSrAcNYqCgJQ=",
              "jobDuration": "1 Jahr, 8 Monat ",
              "jobDates": "11/2011 - 06/2013"
            },
            {
              "jobTitle": "2DtupvraDh3uw0LFmJiv2v5TXiXoxEY8nVl2ZDCswUs=",
              "company": "R+QMqUQdjIiaoSsL30FNketQ+947a0jQ/dRIEO/Gohfk=",
              "company_url": "https://www.xing.com/companies/go?name=NHmon8NyLRmvjia1wEeZOWNOun8owMFtxUrkB39pJ7k=",
              "jobDuration": "2 Jahr, 1 Monat",
              "jobDates": "11/2009 - 11/2011"
            },
            {
              "jobTitle": "QEZya+dIxlQ+0c8n4V4mD1ilrvg32G2UKbhdgIBYFo0=",
              "company": "OkwoO44210JFlLWmCvm5LlHwNRmaRomSLrmmWk14dR98=",
              "company_url": "https://www.xing.com/companies/go?name=aMMFIx2bLfjmRkeeiihaEfCe+YyOcq+uqZafOvh9BYc=",
              "jobDuration": "1 Jahr, 11 Monat ",
              "jobDates": "01/2008 - 11/2009"
            },
            {
              "jobTitle": "QEZya+dIxlQ+0c8n4V4mD1ilrvg32G2UKbhdgIBYFo0=",
              "company": "Jf+iPUgxQS1Ir5F9C39LgipksxNyf1eLzPq1dGKnG14E=",
              "company_url": "https://www.xing.com/companies/go?name=GlBVir6GfhzFMVuWUs3raDH0S+zM/FWILxeeR2Jkunc=",
              "jobDuration": "2 Jahr, 7 Monat ",
              "jobDates": "07/2005 - 01/2008"
            }
          ]
        }
      ],
      "languages": [
        {
        }
      ],
      "education": [
        {
          "institution": "O4sXWO0n2iyWYTrpLH6/ccgEaS7vgH0H3nw9289zHEA=",
          "url": "https://www.xing.com/search/members?keywords=SUsrIUWyyzBvhuSv8xMoXWKw1zRu3MfdE+HcLBdO2/4=",
          "degree": "Nautik, Diplomingenieur für Seeferkehr",
          "eduDuration": "2002 - 2005"
        }
      ]
    },
    {
      "profile": [
        {
          "sex": "m",
          "memberSince_Hits": "31. Oktober 2008 / 1716",
          "currJobDescr": "nyqep+RTrQ+y2CabWLswiLj8Rah0xfr4hUiuD++CYrw=",
          "jobs": [
            {
              "jobTitle": "nyqep+RTrQ+y2CabWLswiLj8Rah0xfr4hUiuD++CYrw=",
              "company": "TvZw4wDK9JWk1WK0xECM6c9yxL5/wgeuUpE2AwizX+iU=",
              "company_url": "https://www.xing.com/companies/go?name=jDi3MzxeDFBlmrSwba5YLaEPYfmPrfn1o2RhSUtyQvc=",
              "jobDates": "2007 - 01/2017"
            }
          ]
        }
      ],
      "languages": [
        {
        }
      ],
      "education": [
        {
          "institution": "qoUc+DoBh/YNcNpHRelGrCNuAdQVT6QCbGe3HytFQAg=",
          "url": "https://www.xing.com/search/members?keywords=J7jBz61/Y6vRPW5GO9YS6NIQFEBCryqnXGdhFw41S48=",
          "degree": "Business",
          "eduDuration": "2008 - 2014"
        },
        {
          "institution": "cXkTpYVJJzST5XXil6n7eKAyRW9i3a3kFbwBCryh+/w=",
          "url": "https://www.xing.com/search/members?keywords=5F4rutn5+8DVcoHdWtXL7ZgF+Erv2dg24jIaxrJTIQk=",
          "degree": "Turf Management",
          "eduDuration": "1991 - 1991"
        },
        {
          "institution": "AfHFI1VPpY+EW6cG83PPPQWZNTkoDlzwRp8lGsCK9zk=",
          "url": "https://www.xing.com/search/members?keywords=RrjAAz3bOKrnHW1UdWmYdXr5zj+PMWK96j5Mi4RXLj8=",
          "degree": "Turf Management",
          "eduDuration": "1987 - 1987"
        },
        {
          "institution": "0QFogNviB1fkgwFOAzaPLXK28Zxe8teRPYlSN/FACFY=",
          "url": "https://www.xing.com/search/members?keywords=XdB0tdxuJJmyWFCIutnDKgqJ2uYV4fMSxAEa+AQaqAY=",
          "degree": "Political Science, BA",
          "eduDuration": "1979 - 1982"
        }
      ],
      "awards": [
        {
        }
      ]
    },
    {
      "profile": [
        {
          "sex": "m",
          "memberSince_Hits": "21. September 2012 / 714",
          "currJobDescr": "hKKhJgKp3yyf3U2184bW915jYc+YLG3MD1pypEnue60=",
          "jobs": [
            {
              "jobTitle": "hKKhJgKp3yyf3U2184bW915jYc+YLG3MD1pypEnue60=",
              "company": "LmAygxw5NXJ+tv3ECXU4jx2ALyqwHTCLYZ8kTNJ0VPZc=",
              "company_url": "https://www.xing.com/companies/go?name=TlhMY5jX/aT9FGc9k8sFG+zzeI8Dme+hI2xsxZ+xOr0=",
              "jobDuration": "4 Jahr, 10 Monat ",
              "jobDates": "04/2012 - 01/2017"
            }
          ]
        }
      ],
      "languages": [
        {
        }
      ]
    },
    {
      "profile": [
        {
          "sex": "m",
          "memberSince_Hits": "15. Oktober 2009 / 7436",
          "currJobDescr": "0ecCv0NSYIgHbJVqlIpsTPi9sY85leFAmKINSdfFVZE=",
          "jobs": [
            {
              "jobTitle": "0ecCv0NSYIgHbJVqlIpsTPi9sY85leFAmKINSdfFVZE=",
              "company": "TGJlxZvu1jJETlfITrAS7hIMo+K/NZwoPAC8ml9H2DwQ=",
              "company_url": "https://www.xing.com/companies/go?name=0DPrXwDqgCQtEvwlEsc/PB3i9Fa6F3Bckfb46d4mMkU=",
              "jobDuration": "5 Jahr, 1 Monat",
              "jobDates": "01/2012 - 01/2017"
            },
            {
              "jobTitle": "joAN7C7hoasdvdDBp4lEvbLKDy6pmBlLFTwwbT4FFIo=",
              "company": "DfjhxyxSqrFZmHcG10a7G5MUymrBdwWO8Nf/vBkthKTg=",
              "company_url": "https://www.xing.com/companies/go?name=PKM1QQUbYpZk3F1Ai/YxbpGfd8nOuj0skbjSlnh1YQ8=",
              "jobDuration": "4 Jahre",
              "jobDates": "02/2013 - 01/2017"
            },
            {
              "jobTitle": "c5MCjLChFUdgzT3XLrSRkLo6ONTwqylQ/oMmgG57e3U=",
              "company": "TGJlxZvu1jJETlfITrAS7hIMo+K/NZwoPAC8ml9H2DwQ=",
              "company_url": "https://www.xing.com/companies/go?name=0DPrXwDqgCQtEvwlEsc/PB3i9Fa6F3Bckfb46d4mMkU=",
              "jobDuration": "3 Jahr, 8 Monat ",
              "jobDates": "06/2008 - 01/2012"
            },
            {
              "jobTitle": "uGGA/dgmd32nJMNQUqr/dKloT/6/zP/ZkTqrdKOTVy8=",
              "company": "ROz6zXJIQ85HZ1N8y+UKyBgeHb7do+xsiqSa8VbCuwSQ=",
              "company_url": "https://www.xing.com/companies/go?name=a2TlLiplb18Py97HsxUIO2z87ubzJrZiiSd1NtXFhXM=",
              "jobDuration": "11 Monat ",
              "jobDates": "07/2007 - 05/2008"
            },
            {
              "jobTitle": "QR2Ljo8eMS2TVum0SmQ/tumZv0oUNMYWVEL+mPpowdU=",
              "company": "Rs90CCS8A0Chac7624bDNjzj34TQoSDcdSsJyyRrrl4Y=",
              "company_url": "https://www.xing.com/companies/go?name=n2pzFU9SMfrJlyiiE6nWw7ApOW63j/+llHns/jIJv/o=",
              "jobDuration": "2 Jahr, 11 Monat ",
              "jobDates": "08/2004 - 06/2007"
            },
            {
              "jobTitle": "Qd0+htAVJk+ewzTBnnk5PfbUN0jSTMBiN6O+FvywBkU=",
              "company": "NUo/4M3KWHEu16vvBkIlbPdTULdI46gpCyQ8wu4bjKyk=",
              "company_url": "https://www.xing.com/companies/go?name=lYpdG3tPSHhKYWKger5wuHoZ7tQkxmoTwL8qsFyLR60=",
              "jobDuration": "3 Jahr, 3 Monat ",
              "jobDates": "06/2001 - 08/2004"
            }
          ]
        }
      ],
      "languages": [
        {
        }
      ]
    },
    {
      "profile": [
        {
          "sex": "m",
          "currJobDescr": "uXWHJ0kHyQvl2CF/5xmYQvGbWoeBemkqONC55AWsqNg="
        }
      ]
    },
    {
      "profile": [
        {
          "sex": "m",
          "memberSince_Hits": "28. November 2010 / 813",
          "currJobDescr": "+RvG8CfQUtdSlLlEt7ypo5gcngakFrzs2xYkpMgD9PI=",
          "jobs": [
            {
              "jobTitle": "+RvG8CfQUtdSlLlEt7ypo5gcngakFrzs2xYkpMgD9PI=",
              "company": "TvsB3zoRGUThla3hWqDyRix96/txsjhGHRmhh9HdMOP0=",
              "company_url": "https://www.xing.com/companies/go?name=BCzMdvwdky35PXMdaVU4E/rMXqaRY/VrJ3XEIvRgBlw=",
              "jobDuration": "6 Jahr, 2 Monat ",
              "jobDates": "06/2000 - 07/2006"
            },
            {
              "jobTitle": "jGm5KlAPHUBWhEh28KTqfl5u8s/O7IkYC37b8SeBps8=",
              "company": "HaVzGeXf1eoKoyabEVoRHrbqOYvsPKNsWh/4VmOitXm8=",
              "company_url": "https://www.xing.com/companies/go?name=OGDod2mlX1JihbB7PSdiVyg8k83lLm8kwKR6F4LNahM=",
              "jobDuration": "11 Monat ",
              "jobDates": "09/2008 - 07/2009"
            },
            {
              "jobTitle": "+lidfM9XrOBLkDIsfF0Fsu09jPWUMGjLJmo9iceKfHI=",
              "company": "MTMnbVmF/ohSAc67TIt3AoRGoEFSWaQa4pkxt5o3gHs0=",
              "company_url": "https://www.xing.com/companies/go?name=B3nv2Od4sYomyrmV0TvKV1aDBzbWZWEaj1yOeaRjWEs=",
              "jobDuration": "1 Jahr, 1 Monat",
              "jobDates": "08/2007 - 08/2008"
            },
            {
              "jobTitle": "+lidfM9XrOBLkDIsfF0Fsu09jPWUMGjLJmo9iceKfHI=",
              "company": "T+y80q43kA0ju/6anm3cU0Y3NCo7M5/x3X72ne0E8Zmk=",
              "company_url": "https://www.xing.com/companies/go?name=QFgkiKG3pPORcnXaNWc3LdWqif8brgP2rHANSwHVfEQ=",
              "jobDuration": "1 Jahr",
              "jobDates": "08/2006 - 07/2007"
            }
          ]
        }
      ],
      "languages": [
        {
        }
      ],
      "education": [
        {
          "institution": "pagKoZSflRHUYcpoQH++AJ5NmDq74meXvdGF/ZujLws=",
          "url": "https://www.xing.com/search/members?keywords=uCQ7kOMBth+1Ngr+lHitjwnuwGV+84DH/mjUCJKD90U=",
          "degree": "Construction Project Management, Masters",
          "eduDuration": "01/1990 - 04/1992"
        }
      ]
    },
    {
      "profile": [
        {
          "sex": "f",
          "memberSince_Hits": "14. November 2006 / 13273",
          "currJobDescr": "BuX0FBeJOqlNXpVDSoQSfAgrurqDSQJWyfFPEt1DsL4=",
          "jobs": [
            {
              "jobTitle": "BuX0FBeJOqlNXpVDSoQSfAgrurqDSQJWyfFPEt1DsL4=",
              "company": "C7quFRGEPDFWZEIiErYeOHZCNeVlGjO4fv4SovqcxWg8=",
              "company_url": "https://www.xing.com/companies/go?name=COMMGI1bQjEoAwx1KYE6PwVcyT29tTcVZ3aQCKxiTnU=",
              "jobDuration": "6 Jahr, 1 Monat",
              "jobDates": "01/2011 - 01/2017"
            },
            {
              "jobTitle": "PuXfDTsFfmIQUW6FuBhdUG2MdDt5Uwfs8uScpomCtW8=",
              "company": "XMJnCnIc4Uso/FAUljFBrpvJ21nCXWne9CGftpMQ8WSc=",
              "company_url": "https://www.xing.com/companies/go?name=JHLCQFFM0umGsjIfZdgzznXY4m6nAQBMhHHSgE3sLlM=",
              "jobDuration": "9 Jahr, 7 Monat ",
              "jobDates": "07/2007 - 01/2017"
            },
            {
              "jobTitle": "PuXfDTsFfmIQUW6FuBhdUG2MdDt5Uwfs8uScpomCtW8=",
              "company": "XMJnCnIc4Uso/FAUljFBrpvJ21nCXWne9CGftpMQ8WSc=",
              "company_url": "https://www.xing.com/companies/go?name=JHLCQFFM0umGsjIfZdgzznXY4m6nAQBMhHHSgE3sLlM=",
              "jobDuration": "1 Jahr, 9 Monat ",
              "jobDates": "04/2008 - 12/2009"
            },
            {
              "jobTitle": "sE32QD7W/0XO0pFbXpe2G7J3p0pjrvq2fp2W4CEPRV4=",
              "company": "XMJnCnIc4Uso/FAUljFBrpvJ21nCXWne9CGftpMQ8WSc=",
              "company_url": "https://www.xing.com/companies/go?name=JHLCQFFM0umGsjIfZdgzznXY4m6nAQBMhHHSgE3sLlM=",
              "jobDuration": "2 Jahr, 1 Monat",
              "jobDates": "07/2005 - 07/2007"
            },
            {
              "jobTitle": "Nc5eRvIJ9KWe1NlpmA8SgGD1IqMwyUJJopt4KSNtx2k=",
              "company": "UgHizgzt/szGlF7hnXDhQ/Qdef75buG6cAqCIZDGb+lQ=",
              "company_url": "https://www.xing.com/companies/go?name=2mlbZG99mIgXcLalmyH9AsjnmOtaeYmFoZWOEgbAnQI=",
              "jobDuration": "9 Monat ",
              "jobDates": "01/2002 - 09/2002"
            },
            {
              "jobTitle": "ot41nQEc5nz5LkciqGokw2BdhftiKlkMOLYq+CO/yuk=",
              "company": "C/kEgaPb/TzSNVMXMyjZef0gWS3Iy2xzOQBplDpmIbco=",
              "company_url": "https://www.xing.com/companies/go?name=4TSFMc3P5zSvR4hP4dlKMjH0SWtQbRhyLCDCB9ScsjM=",
              "jobDuration": "1 Jahr",
              "jobDates": "01/2000 - 12/2000"
            },
            {
              "jobTitle": "qOWc0XGbSj/A1uUcKQokxtIVR1cGxJRef24NXzrP5F4=",
              "company": "Tg6KDrelev5r1MtHtSIRD+znFrwO0v9dTSFY3SbaSlwM=",
              "company_url": "https://www.xing.com/companies/go?name=4J0pRGvxlj34zIvO+FZWrlK7Ru6+bY7HsWfwCH+ofw0=",
              "jobDuration": "3 Jahr, 1 Monat",
              "jobDates": "12/1996 - 12/1999"
            }
          ]
        }
      ],
      "languages": [
        {
        }
      ],
      "education": [
        {
          "institution": "1EMNBFAXCjtOa3h/iTNy9sCTmgVKJKuPUUq1txL2sGM=",
          "url": "https://www.xing.com/search/members?keywords=OaF0d/EYvBNLULVn+C5NZketz3/y4TqQylTXyLtqh1g=",
          "degree": "Art Direction, Graphic Design, Web Design, Interative Media, Packing Design, Communications Designer",
          "eduDuration": "04/2005 - 03/2009"
        },
        {
          "institution": "q9bqDJOZlVqt9JHJ07LJDmaZaRqBnocyTXw5lBuMLh8=",
          "url": "https://www.xing.com/search/members?keywords=Bn18wiT3YM2kq9IaH18TPVJXUqcE3rqJ7hdD+34wnns=",
          "degree": "International Trading, Master Business of Administration",
          "eduDuration": "01/2001 - 01/2002"
        }
      ],
      "awards": [
        {
        }
      ]
    },
    {
      "profile": [
        {
          "sex": "m",
          "memberSince_Hits": "13. Juni 2010 / 1779",
          "currJobDescr": "kgGdpSTEebdSphqvwOPDUGzUyspNWkJoruOL9su3RqI=",
          "jobs": [
            {
              "jobTitle": "kgGdpSTEebdSphqvwOPDUGzUyspNWkJoruOL9su3RqI=",
              "company": "KXqtHcoitIKOm54q5qLwz7CtlPxdXFUvgmtFKzCPHi8U=",
              "company_url": "https://www.xing.com/companies/go?name=FTmN4vXsVI23uTV+8JL9HuGYekFED/X/9WSMyPyr/o0=",
              "jobDuration": "7 Jahr, 2 Monat ",
              "jobDates": "12/2009 - 01/2017"
            },
            {
              "jobTitle": "8Fq/kqT2E4QzHwCqmrm6HS7Gkv4oc5TaTAoln0yuHoM=",
              "company": "m+UxqDySvJ9/E4OztFGY+Hwfm+qY7I0nuJ9XfCSMjTIs=",
              "company_url": "https://www.xing.com/companies/go?name=sTWG00x4WJb3rzCno1azrkHOa6t3ZAf2ivq//+XUxXE=",
              "jobDuration": "1 Jahr, 3 Monat ",
              "jobDates": "09/2008 - 11/2009"
            },
            {
              "jobTitle": "2DLXVoLB/uS4xCJEl75aoJM0SDGKQ/5w3o+kxGNiXAY=",
              "company": "CnNFqNInZyEcaIqaaXpB1TAVso0/mH6bRk7IgaZ/jPfM=",
              "company_url": "https://www.xing.com/companies/go?name=RkLsPxwQp4YiPYukT59euUaeAwFas2QXvWWlzHh49n8=",
              "jobDuration": "4 Jahr, 1 Monat",
              "jobDates": "09/2004 - 09/2008"
            },
            {
              "jobTitle": "H0IK5yRQgg18umyPXvMh20pwLzONgweQznxcC8RhkJA=",
              "company": "Io7YoJBhGsy5m+lPnN10Hu6KXmTkcBnOpSz8M+mVtAKA=",
              "company_url": "https://www.xing.com/companies/go?name=U+GlVRgqVRrnDmBIbm74TxJqX7bVECMEMDPBh/U7hTY=",
              "jobDuration": "1 Jahr, 4 Monat ",
              "jobDates": "06/2003 - 09/2004"
            }
          ]
        }
      ],
      "languages": [
        {
        }
      ],
      "education": [
        {
          "institution": "w+E2O8eANaXxuKE714UGzuoD4nysDqOirBBfssyZzg8=",
          "url": "https://www.xing.com/search/members?keywords=vBWjod8uskQAvTmE7EqS9OpKQsGsR3UwFSmGWILFyXk=",
          "degree": "maritime faculty, Gemi Yönetimi Mühendisi",
          "eduDuration": "09/1998 - 06/2003"
        }
      ]
    },
    {
      "profile": [
        {
          "sex": "m",
          "currJobDescr": "O9MbUmbgNhGxSo7XIEsj9SiqdQW71AINhpXtIPMLw5s="
        }
      ]
    },
    {
      "profile": [
        {
          "sex": "m",
          "memberSince_Hits": "25. März 2008 / 3642",
          "currJobDescr": "HVH3TRMad+0a2oXRVAAHAzh/fd17J9WgA2ZN6yr7bZQ=",
          "jobs": [
            {
              "jobTitle": "HVH3TRMad+0a2oXRVAAHAzh/fd17J9WgA2ZN6yr7bZQ=",
              "company": "SB/+Ym4d39rge9QQOGInsEo9KGWdQUlFADywHSQJBTgk=",
              "company_url": "https://www.xing.com/companies/go?name=QdBhn86QgGBjCeNfUghVfScntP4x7rzYbNqRwNLHiPc=",
              "jobDuration": "4 Jahr, 10 Monat ",
              "jobDates": "04/2012 - 01/2017"
            },
            {
              "jobTitle": "dVrwf/j3pgyQp0qfWbKyxqUYn1h1PzOdW82m95fl8Ek=",
              "company": "SXPp6QNBQPrlwCgD6HuPJGTyilFr3DydaF+hy5rvR/RQ=",
              "company_url": "https://www.xing.com/companies/go?name=tGqldHhCdZpX9mJH12N/2GMamiMwmuVDY1P6YrvZukk=",
              "jobDates": "bis heute"
            },
            {
              "jobTitle": "+lidfM9XrOBLkDIsfF0Fsu09jPWUMGjLJmo9iceKfHI=",
              "company": "SDCUAV5cnxUUw+6X1Ach4dpLF7vlSOTRqs9F3SDV4e9U=",
              "company_url": "https://www.xing.com/companies/go?name=1FW6WzMVO0QAOf3muu2lCXNVC1XurwQYn47+cRZcJ9o=",
              "jobDuration": "9 Monat ",
              "jobDates": "08/2011 - 04/2012"
            },
            {
              "jobTitle": "Qqck+DnCu3rEZwZAEcibU/Fy/PRPKBFRUH8jM+QGgQA=",
              "company": "M95k+fcXkUO6GSveXmG3tuyvP8oz7qWcPivIQGxPG9m4=",
              "company_url": "https://www.xing.com/companies/go?name=8dPUzGEBr0+Y+FaHD59TcsvwFPRTlZskjE/Z0TctUSQ=",
              "jobDuration": "3 Jahr, 9 Monat ",
              "jobDates": "04/2004 - 12/2007"
            }
          ]
        }
      ],
      "languages": [
        {
        }
      ],
      "education": [
        {
          "institution": "NhAzbkiHHBW8geZKs7DMy1fcZLpqnRJgT/oKssKgGQ8=",
          "url": "https://www.xing.com/search/members?keywords=mdzTHu2aZCgh+C45Md/mzTrFUgHw16HyrjS3ZVik7wo=",
          "degree": "Engineering, part of chief Eng study",
          "eduDuration": "06/1999 - 02/2000"
        },
        {
          "institution": "NhiBw8CCPZLs9oHnK5iUWqNkLGFfSnR6by3QEu0RyJE=",
          "url": "https://www.xing.com/search/members?keywords=cO5YCIrTCdjYIUV6QBkCh7BmaqCcgcRRJ86DP0LJVa0=",
          "degree": "Marine Engineering, FH - Chief Eng licence",
          "eduDuration": "06/1996 - 06/1999"
        },
        {
          "institution": "3ue6ljQ7vYWkFy1qoIJXb4pVY+74rNXzJegNts0lZoM=",
          "url": "https://www.xing.com/search/members?keywords=dQ+a0l6FGhmOw3y01jn+XOtH4uoLzxxfjkL3JPjba0E=",
          "degree": "Nautic, nautical officer / 2nd mate course",
          "eduDuration": "06/1995 - 03/1996"
        },
        {
          "institution": "ohd6KD9AmjgkXsLrTyq8MPuq1Xz0dchvkW2b6q2jBHY=",
          "url": "https://www.xing.com/search/members?keywords=nBpjvhvP6o4SEbxo/ozGFdjNU/hg36Vy5Gkm5LXq6zc=",
          "degree": "Nautic, Kapitaen auf Grosser Fahrt, FH",
          "eduDuration": "06/1994 - 06/1997"
        }
      ]
    },
    {
      "profile": [
        {
          "sex": "m",
          "memberSince_Hits": "7. März 2010 / 2505",
          "currJobDescr": "Qqck+DnCu3rEZwZAEcibU/Fy/PRPKBFRUH8jM+QGgQA=",
          "jobs": [
            {
              "jobTitle": "Qqck+DnCu3rEZwZAEcibU/Fy/PRPKBFRUH8jM+QGgQA=",
              "company": "LhanRRQRG3jjCaetEFGjDc4pOaOIMP17N72iMN5H0Tbg=",
              "company_url": "https://www.xing.com/companies/go?name=Iu+4iFauBXAerd0cvXZx4qifL9Bn1A9VrxQeHXeTrMg=",
              "jobDuration": "4 Jahr, 10 Monat ",
              "jobDates": "04/2012 - 01/2017"
            },
            {
              "jobTitle": "7l1G2DFd6RnIuZnDLjRnQivCokEBLfg2xdYNIU77XZQ=",
              "company": "Sw5GD6u/fYH4olxFnzz9tpGryua1waIztd4JFqDaDt58=",
              "company_url": "https://www.xing.com/companies/go?name=c8vED9TvkP77BPOBNYcUTpEG0VCEn0FoIMKHvPfG+iM=",
              "jobDuration": "3 Jahre",
              "jobDates": "01/2010 - 12/2012"
            },
            {
              "jobTitle": "G/Z8Y4oDzbGeYXXWuaIDYItw023F9q7c5h0PPz2Q3kY=",
              "company": "EfPIX4HfqjDVGDSRs71983wicDXiiTt/sohkH9jD5Jeg=",
              "company_url": "https://www.xing.com/companies/go?name=nmzvD3aGzK2DkFe7VBa6g/yOofkyBFE46z5O8vWYDx4=",
              "jobDuration": "6 Jahr, 11 Monat ",
              "jobDates": "06/2005 - 04/2012"
            },
            {
              "jobTitle": "rSYLF9dUX7KIlrYiAUl2d5353BMGe3u44blafcO1fj0=",
              "company": "Cg45ur2sDcdORTRHy4EKiTBjoVX2rABq1t67GRJTxnAI=",
              "company_url": "https://www.xing.com/companies/go?name=Lz0d5usXXpmmLfuLywzJep8AfDryNev+9ogLKdIntZI=",
              "jobDuration": "1 Jahr, 5 Monat ",
              "jobDates": "01/2004 - 05/2005"
            },
            {
              "jobTitle": "5jbGBG8xeWjwVnO0UmhXNXRImDJW36OFWHVzY2R17Jk=",
              "company": "T69Wy0K328aSYjFJuW1HqnGJmIbAy9pLuffU8Ebkg6+w=",
              "company_url": "https://www.xing.com/companies/go?name=DBSE2UTXIv/COKzQRdPHX1Cpm0VMbF/mratJ1kisyCk=",
              "jobDuration": "2 Jahr, 7 Monat ",
              "jobDates": "06/2001 - 12/2003"
            },
            {
              "jobTitle": "ZnUt/RPwPWf6ybx9jg6ka5fjettaLYZLlfKkJONJDMg=",
              "company": "RPM199iOyrEEQjJGjwjcrBFj9BuBKIntxFPm39LsJIq4=",
              "company_url": "https://www.xing.com/companies/go?name=YDdVDBg+YCgRvAjidvVGP3SRNH7Mv8fJFn0xqnOREls=",
              "jobDuration": "1 Jahr, 11 Monat ",
              "jobDates": "07/1999 - 05/2001"
            },
            {
              "jobTitle": "9pA8b4gb7XNQ9bHs7/Rn4caMfH/eylONANd6ENu9bBg=",
              "company": "RPM199iOyrEEQjJGjwjcrBFj9BuBKIntxFPm39LsJIq4=",
              "company_url": "https://www.xing.com/companies/go?name=YDdVDBg+YCgRvAjidvVGP3SRNH7Mv8fJFn0xqnOREls=",
              "jobDuration": "1 Jahr, 1 Monat",
              "jobDates": "09/1996 - 09/1997"
            }
          ]
        }
      ],
      "languages": [
        {
        }
      ]
    },
    {
      "profile": [
        {
          "sex": "m",
          "memberSince_Hits": "14. April 2009 / 1739",
          "currJobDescr": "1ZfoQPp9OR1VinTVZ/11fQmKC3+gY4zzINrpZG0Q7rc=",
          "jobs": [
            {
              "jobTitle": "1ZfoQPp9OR1VinTVZ/11fQmKC3+gY4zzINrpZG0Q7rc=",
              "company": "C70l2IPX7GfJxiVRfCVZX1g+TWuVq4F0scqzwyVNS1xo=",
              "company_url": "https://www.xing.com/companies/go?name=w9+BC0x6Si0XTagQlW/l4AIGcNKaN5BZSrAcNYqCgJQ=",
              "jobDuration": "1 Jahr, 9 Monat ",
              "jobDates": "05/2015 - 01/2017"
            },
            {
              "jobTitle": "1ZfoQPp9OR1VinTVZ/11fQmKC3+gY4zzINrpZG0Q7rc=",
              "company": "SnLKr6ZIaijpHpEQ6ozgMs/JvYt5CjQD5/9yFynAN3eI=",
              "company_url": "https://www.xing.com/companies/go?name=AUz1M1tloSZOFYnqcKNv5JbIbtDzFycuQ7wUzNi7IIs=",
              "jobDuration": "4 Jahr, 3 Monat ",
              "jobDates": "02/2011 - 04/2015"
            },
            {
              "jobTitle": "1ZfoQPp9OR1VinTVZ/11fQmKC3+gY4zzINrpZG0Q7rc=",
              "company": "T3BdGTRV9h9pFonRYb6daE96L2s80d1TBqRmFcHx/XMg=",
              "company_url": "https://www.xing.com/companies/go?name=e1JTJ76WtkL4Pu/Q4DYMgajh+9nMF8ZsSIiyjg4ozsk=",
              "jobDuration": "1 Jahr, 8 Monat ",
              "jobDates": "06/2009 - 01/2011"
            },
            {
              "jobTitle": "1ZfoQPp9OR1VinTVZ/11fQmKC3+gY4zzINrpZG0Q7rc=",
              "company": "JBro2SRcn5vATLhtSR2fpfsxoJxcwfMMoJf3SjLwKlnE=",
              "company_url": "https://www.xing.com/companies/go?name=5AZtZWZLeM/Van8qbbRwvRK2+ovUM8JTwnO+k5UB75I=",
              "jobDuration": "2 Jahr, 2 Monat ",
              "jobDates": "02/2007 - 03/2009"
            }
          ]
        }
      ],
      "languages": [
        {
        }
      ],
      "education": [
        {
          "institution": "HP8Slw9DvlD+kcyM/MWXEEBRp2pnQv2/usAKzK+8S5Q=",
          "url": "https://www.xing.com/search/members?keywords=lsQaFlj7I7K641YumCy3ZJWX5VgvC78OaM4LRDr0cek=",
          "degree": "Exploatation of ship's power plants, engineer",
          "eduDuration": "09/1978 - 03/1987"
        }
      ]
    },
    {
      "profile": [
        {
          "sex": "f",
          "currJobDescr": "1mGFf2hRFB8KT4+fNxFgC+FAMatwuQd9uHA2wjnezxI="
        }
      ]
    },
    {
      "profile": [
        {
          "sex": "m",
          "memberSince_Hits": "12. September 2012 / 391",
          "currJobDescr": "3TLhgzPqX1Z8MsDNbbFMMo6uMEMwP1Go35nHEUmo8kY=",
          "jobs": [
            {
              "jobTitle": "3TLhgzPqX1Z8MsDNbbFMMo6uMEMwP1Go35nHEUmo8kY=",
              "company": "VJ9/Uwt3m6bygDo1HBlJ5pOD+AY1OWl/GAve8tXfSadc=",
              "company_url": "https://www.xing.com/companies/go?name=Ucdh1b38IxcMxFuH2Pz3QpaHv6h7H9GhbbLXk/W9Wxg=",
              "jobDates": "bis heute"
            },
            {
              "jobTitle": "oVqjbBSxS8Fva2WByMRZXZur8MTbSsXfgs0tBk0mf/s=",
              "company": "RX3lyWi/JudnBaxzs0QxIR+mUIC03aTg6drPrEXvDshQ=",
              "company_url": "https://www.xing.com/companies/go?name=abk8reoD6aF4Q440FQ/Xs9mnfEjfwvVSi7Kl3VWVkAo=",
              "jobDuration": "6 Jahre",
              "jobDates": "01/2008 - 12/2013"
            },
            {
              "jobTitle": "gO3U3g8EzancFwnmYPqGudpFRCY8yiYppmiZ5/SnqUo=",
              "company": "GM2XmqAYqJcPkjBfFGfQtEnK515QpAPAwOD/XdRT1qqA=",
              "company_url": "https://www.xing.com/companies/go?name=wysel9BAY+klFP7FpPiv+E3UdDaMed2HnmECe2tM5Uc=",
              "jobDates": "2007 - 2008"
            },
            {
              "jobTitle": "w94jzs8oM8Ldv6vRlEGi7Eu70wfl4kPatRXH3gWH2/I=",
              "company": "Nej5TH3cX48D8qexlMbZrGJX27wwMm8Q6MJml1pCeuCU=",
              "company_url": "https://www.xing.com/companies/go?name=X/ju/KjRHjfdIJL+o6yeyV7HVvopNKOxm4229Tkmmeo=",
              "jobDuration": "7 Jahr, 1 Monat",
              "jobDates": "01/2000 - 01/2007"
            }
          ]
        }
      ],
      "languages": [
        {
        }
      ]
    },
    {
      "profile": [
        {
          "sex": "m",
          "currJobDescr": "uXWHJ0kHyQvl2CF/5xmYQvGbWoeBemkqONC55AWsqNg="
        }
      ]
    },
    {
      "profile": [
        {
          "sex": "f",
          "memberSince_Hits": "17. November 2015 / 236",
          "currJobDescr": "wYDn5rg84ScWBAwGytrEX2J+AiHKKBHQ7+xB4hGUXsU=",
          "jobs": [
            {
              "jobTitle": "wYDn5rg84ScWBAwGytrEX2J+AiHKKBHQ7+xB4hGUXsU=",
              "company": "MNQPJt/MCKzSSykA9TXGH1RoPwceIwFnESPTWH82MeaM=",
              "company_url": "https://www.xing.com/companies/go?name=hpqZs5XItuLzi3YMnbIbTujg9Z1c8QbSS7ENg2oVoiw=",
              "jobDates": "bis heute"
            }
          ]
        }
      ],
      "education": [
        {
          "institution": "G6ii1V2Zw5F7ET4CFa6icK/IAP+5Kc0WAX4FpJY9vyw=",
          "url": "https://www.xing.com/search/members?keywords=pna+0xbEXamMZ1TJmdlBuB7tyygG1MNPwnd1snYEy30=",
          "degree": "Law LLB",
          "eduDuration": "09/2005 - 04/2009"
        }
      ]
    },
    {
      "profile": [
        {
          "sex": "m",
          "memberSince_Hits": "26. Juli 2011 / 974",
          "currJobDescr": "WL6PRYulPkgx3fXtx5lndEy+YrCBgDLz3Pt2uZAUG7s=",
          "jobs": [
            {
              "jobTitle": "WL6PRYulPkgx3fXtx5lndEy+YrCBgDLz3Pt2uZAUG7s=",
              "company": "VoXmkKzi2PpXHNxK1HnLMNsPsM+/dG0WEfXr+5ZscEwE=",
              "company_url": "https://www.xing.com/companies/go?name=kQ+FftaxRtZh/OLG1638Lexy+Zww95ddfl+srkzI5N4=",
              "jobDuration": "4 Jahr, 7 Monat ",
              "jobDates": "07/2012 - 01/2017"
            },
            {
              "jobTitle": "AjelaEoixRXFU3W+xcXwhX+NpF1CtXm/fc1StyToLIo=",
              "company": "-7iGgXMH4Udmk0O880dH8PMVDivwTL3EGHyWOjHQr8MU=",
              "company_url": "https://www.xing.com/companies/go?name=5633dMTDq6GDiX8T3PzAQyCL0cwuFLA3+FmZW9AM5lU=",
              "jobDates": "2007 - 01/2017"
            },
            {
              "jobTitle": "n2PKxUP9X2iyf+13ofX/d7qu5cmhO42yiMrXKYkdu3c=",
              "company": "RCapEm4KNY7Rujnyzeu3XZGt9mEQuXJ2N3XZeEs4zVio=",
              "company_url": "https://www.xing.com/companies/go?name=EjxkqatPUd3dC6Wu7juqRFraLDtEm+v7KxOJJw27bwY=",
              "jobDuration": "3 Jahr, 8 Monat ",
              "jobDates": "11/2008 - 06/2012"
            },
            {
              "jobTitle": "n2PKxUP9X2iyf+13ofX/d7qu5cmhO42yiMrXKYkdu3c=",
              "company": "BOa/TknLdwbjnrVM3thTV3LFhsXoXb5NTCrH3e9ktwfY=",
              "company_url": "https://www.xing.com/companies/go?name=cAwMjERsedv6IUXIO6VQyoge2Az9fzQ+yT+Tp6u7SW4=",
              "jobDuration": "1 Jahr, 1 Monat",
              "jobDates": "10/2007 - 10/2008"
            }
          ]
        }
      ],
      "languages": [
        {
        }
      ],
      "education": [
        {
          "institution": "rDuLvNX3u7Lp1JtAHDsxH0YojVdFENDNsBG5KC2uv1M=",
          "url": "https://www.xing.com/search/members?keywords=voo6Q2Vkewwt9oEij+SDM4YTFR8ho9blEi5mPaHqBhQ=",
          "degree": "nautical",
          "eduDuration": "1991 - 1998"
        }
      ]
    },
    {
      "profile": [
        {
          "sex": "f",
          "currJobDescr": "uXWHJ0kHyQvl2CF/5xmYQvGbWoeBemkqONC55AWsqNg="
        }
      ]
    },
    {
      "profile": [
        {
          "sex": "f",
          "memberSince_Hits": "14. Dezember 2012 / 1882",
          "currJobDescr": "u38LrjiiV4hGLYQ9evqDuDLhlUp3LOYIuBJLYO27x4I=",
          "jobs": [
            {
              "jobTitle": "u38LrjiiV4hGLYQ9evqDuDLhlUp3LOYIuBJLYO27x4I=",
              "company": "AmcCmeMtStHMkT63Ciml2JJFJHPqCTsb38FhV5or10xo=",
              "company_url": "https://www.xing.com/companies/go?name=F4CsDx9g0Aof+S/7iw2CGhJlDkPo79knZDSXur+CRRk=",
              "jobDuration": "4 Monat ",
              "jobDates": "10/2016 - 01/2017"
            },
            {
              "jobTitle": "zjCTy6MUknoisJPp9nMx3q6aArq1sFV11kc/6t/u9VM=",
              "company": "ClMM41pDYyBDi4z7/QyqtJwg6d2l9ED3lPum4dQC+m1o=",
              "company_url": "https://www.xing.com/companies/go?name=mW91jC8431NVTcVe2v5zZoYU8ZwETL1LsuLCKVjYK8E=",
              "jobDuration": "2 Monat ",
              "jobDates": "08/2016 - 09/2016"
            },
            {
              "jobTitle": "N25Umx7kU+u6UuKELya8HKqEOghUyzWO2p86KC0aR+w=",
              "company": "N/Dshpto7Xu5x+VIt6LQDMbNfZI23bkAhdJRpSa7XxlQ=",
              "company_url": "https://www.xing.com/companies/go?name=JvxRrGDX6N2al/F+r6iRHQGpksejmekFad5O3ctXuJI=",
              "jobDuration": "1 Jahr, 5 Monat ",
              "jobDates": "03/2015 - 07/2016"
            },
            {
              "jobTitle": "+/hhRhb+AyXI8lbq1Y/bIGp/aJFnvgknpFL/OWcNwek=",
              "company": "N/Dshpto7Xu5x+VIt6LQDMbNfZI23bkAhdJRpSa7XxlQ=",
              "company_url": "https://www.xing.com/companies/go?name=JvxRrGDX6N2al/F+r6iRHQGpksejmekFad5O3ctXuJI=",
              "jobDuration": "1 Jahr",
              "jobDates": "04/2014 - 03/2015"
            },
            {
              "jobTitle": "rpPMJ+ZLRowUPMjk4Dq2X/cXfWUtJ30C75u7owGCnfA=",
              "company": "N/Dshpto7Xu5x+VIt6LQDMbNfZI23bkAhdJRpSa7XxlQ=",
              "company_url": "https://www.xing.com/companies/go?name=JvxRrGDX6N2al/F+r6iRHQGpksejmekFad5O3ctXuJI=",
              "jobDuration": "10 Monat ",
              "jobDates": "07/2013 - 04/2014"
            },
            {
              "jobTitle": "g7yeEEP/+g52TCbh3ruzt/FPAcHFIz25UU0veMagMpo=",
              "company": "N/Dshpto7Xu5x+VIt6LQDMbNfZI23bkAhdJRpSa7XxlQ=",
              "company_url": "https://www.xing.com/companies/go?name=JvxRrGDX6N2al/F+r6iRHQGpksejmekFad5O3ctXuJI=",
              "jobDuration": "2 Jahre",
              "jobDates": "07/2011 - 06/2013"
            },
            {
              "jobTitle": "8IljMsn9S+0vP/Wzm8qdieGfoxFRELZ8bM+JQPY26mg=",
              "company": "Sz4nyevvuXj3113Ett/yokhWzaSiyAb1rhyvkqTZVI7Q=",
              "company_url": "https://www.xing.com/companies/go?name=a2jMte6qrQ8/LLvxrSdOrz4zZC2eT1IgjY8Ds2JuRfE=",
              "jobDuration": "1 Jahr, 1 Monat",
              "jobDates": "06/2010 - 06/2011"
            },
            {
              "jobTitle": "oWaI04tQNRcXa4qsLkcO4BQ6SCCG4VLRI8VzDYlTKWA=",
              "company": "B64gVInGFONJbh96MZCa9g0qUk+giaxVcsNj+MpNKjK0=",
              "company_url": "https://www.xing.com/companies/go?name=1IAa6k4kuVls18wnCSHuPJ8DUcwxSovPs43WZ1l+vl8=",
              "jobDuration": "1 Jahr",
              "jobDates": "04/2009 - 03/2010"
            }
          ]
        }
      ],
      "languages": [
        {
        }
      ],
      "education": [
        {
          "institution": "gG+UU1a2QNAYLkPVrxl73tFq04M9gwk43ZQ+1Vpmiug=",
          "url": "https://www.xing.com/search/members?keywords=Ym9LRWkq50Xab8acz1ZUyoe7OuLbJazFBqBb+mQSDv4=",
          "degree": "Nautical Science",
          "eduDuration": "08/2006 - 03/2007"
        },
        {
          "institution": "zY96T5Lv/FxwGev5ienkgISr0yk+m1PrKwKgTQpl1jQ=",
          "url": "https://www.xing.com/search/members?keywords=IbW/s96AIiqvfoydeNGBPGFir4Pt0eMmIUKhhrWAWkA=",
          "degree": "Nautik, Diplom-Ingenieur (FH)",
          "eduDuration": "09/2004 - 02/2009"
        }
      ]
    },
    {
      "profile": [
        {
          "sex": "m",
          "memberSince_Hits": "12. März 2012 / 1366",
          "currJobDescr": "4ksLOf0IbSCZVDn57L6g/+3wUfjc/HJiSJ9/keRsfVo=",
          "jobs": [
            {
              "jobTitle": "4ksLOf0IbSCZVDn57L6g/+3wUfjc/HJiSJ9/keRsfVo=",
              "company": "Eto376E4ai2KxxGML7mh+eNU/Vq8BaoXLDwu/Y3jDGyI=",
              "company_url": "https://www.xing.com/companies/go?name=5hqIw/Ew/BVSMBSugLr2L13lEozLVeWcfhyHb5YkDe8=",
              "jobDuration": "4 Jahr, 1 Monat",
              "jobDates": "01/2013 - 01/2017"
            },
            {
              "jobTitle": "LRUSEkGpqzAcyvc9Igbow4ciJ4sUN8piy/B8fpo8pPo=",
              "company": "A6TL78pWVtg1d2bnXJzDGvI4yVvU/BnJhRxS3TJSN2+s=",
              "company_url": "https://www.xing.com/companies/go?name=qAJp7yW3kRKFLxrV6OaiF+l73oDrZDbyVez+caWB9OA=",
              "jobDuration": "2 Jahre",
              "jobDates": "09/2010 - 08/2012"
            },
            {
              "jobTitle": "PPQW4dkG3U6GoIes11nUjbvq9U5+vhWOtdENsgBAa1Y=",
              "company": "AVcRnU/ItDE4wtKTGAKCq4+CD4NxaAI+xbRwxhtC5+nA=",
              "company_url": "https://www.xing.com/companies/go?name=LTLxcKc0SOxi4/d2rfKVzZDwue5fzK5xfL5cyZsYwZg=",
              "jobDuration": "5 Monat ",
              "jobDates": "04/2010 - 08/2010"
            },
            {
              "jobTitle": "/tb3u9WO1UroeOfOzW86RsURedVDd4/CLIpLSAZuugo=",
              "company": "A9ZS2R2mJ6lmP7FSAbtl7eVr/pO4eVAras7pfL+qd5i4=",
              "company_url": "https://www.xing.com/companies/go?name=QMcmgx0FNMU8ncZ1UmJ9ak/zeFfIoMkXd/cJSmiCY0c=",
              "jobDuration": "7 Monat ",
              "jobDates": "09/2009 - 03/2010"
            },
            {
              "jobTitle": "PPQW4dkG3U6GoIes11nUjbvq9U5+vhWOtdENsgBAa1Y=",
              "company": "A9ZS2R2mJ6lmP7FSAbtl7eVr/pO4eVAras7pfL+qd5i4=",
              "company_url": "https://www.xing.com/companies/go?name=QMcmgx0FNMU8ncZ1UmJ9ak/zeFfIoMkXd/cJSmiCY0c=",
              "jobDuration": "3 Jahr, 9 Monat ",
              "jobDates": "01/2006 - 09/2009"
            },
            {
              "jobTitle": "USHOf5TE48jD9e3Q+/yFpM/SwoeL2qv0jnvmlxpYlw4=",
              "company": "A9ZS2R2mJ6lmP7FSAbtl7eVr/pO4eVAras7pfL+qd5i4=",
              "company_url": "https://www.xing.com/companies/go?name=QMcmgx0FNMU8ncZ1UmJ9ak/zeFfIoMkXd/cJSmiCY0c=",
              "jobDuration": "3 Jahr, 9 Monat ",
              "jobDates": "05/2002 - 01/2006"
            },
            {
              "jobTitle": "oUZ0b2uUGRR2x6TKaZi1eEHyqYVDbh37dFd4yq7eeGU=",
              "company": "A9ZS2R2mJ6lmP7FSAbtl7eVr/pO4eVAras7pfL+qd5i4=",
              "company_url": "https://www.xing.com/companies/go?name=QMcmgx0FNMU8ncZ1UmJ9ak/zeFfIoMkXd/cJSmiCY0c=",
              "jobDuration": "2 Jahre",
              "jobDates": "06/2000 - 05/2002"
            },
            {
              "jobTitle": "yOy9QECzwyUwh1CmjdFIaT+N/CLBMTwIin0cFr3O4kI=",
              "company": "Z6cLcSQj8ZIPHBfd0WJLaqzbD5yrSuEDc4qqq4NN1otk=",
              "company_url": "https://www.xing.com/companies/go?name=eV1WkG4iCnvlYL98wrhJ8VKlj6LowzQNWAVyogKfTqI=",
              "jobDuration": "6 Monat ",
              "jobDates": "05/1999 - 10/1999"
            },
            {
              "jobTitle": "yOy9QECzwyUwh1CmjdFIaT+N/CLBMTwIin0cFr3O4kI=",
              "company": "N0tcf/feY88bsbaKm5JiCTVYBezXOyVsyQ4B4+pTO6Q0=",
              "company_url": "https://www.xing.com/companies/go?name=7uz/4jdbEsxhQ+MfEBCQqa9949zIvdksaRoORWaLlws=",
              "jobDuration": "1 Jahr, 1 Monat",
              "jobDates": "02/1998 - 02/1999"
            },
            {
              "jobTitle": "RULs6cut5oDlKoft1Iiz8fCkaA06mCOO44YgC2Npo2s=",
              "company": "N0tcf/feY88bsbaKm5JiCTVYBezXOyVsyQ4B4+pTO6Q0=",
              "company_url": "https://www.xing.com/companies/go?name=7uz/4jdbEsxhQ+MfEBCQqa9949zIvdksaRoORWaLlws=",
              "jobDuration": "5 Jahr, 5 Monat ",
              "jobDates": "09/1992 - 01/1998"
            }
          ]
        }
      ],
      "languages": [
        {
        }
      ],
      "education": [
        {
          "institution": "vv7lsUIzCFfihzybpINChIEl8gvAnXRtlGu9FdossZQ=",
          "url": "https://www.xing.com/search/members?keywords=SSgx7GJ97kx78mzeZtOhI8lyunkxWoTzxWbIf8HpznM=",
          "degree": "Engineer Navigator, Master of Science",
          "eduDuration": "09/1993 - 05/1997"
        },
        {
          "institution": "vnFo7/Ev6A1KFgh/0INJTIbV3ttdbx8P0SJI/Mr//sA=",
          "url": "https://www.xing.com/search/members?keywords=HX6sfzy7vqaLBtvOi7S9aNmC3MwGTjNWGR3gQcsM8Sk=",
          "degree": "Ship-power-plant engineer, Master of Science",
          "eduDuration": "09/1987 - 08/1992"
        }
      ]
    },
    {
      "profile": [
        {
          "sex": "m",
          "memberSince_Hits": "29. Januar 2012 / 690",
          "currJobDescr": "YVUCgN13D5GpATcUzAYslk8MQBkp/ygJvVY/rkDigic=",
          "jobs": [
            {
              "jobTitle": "YVUCgN13D5GpATcUzAYslk8MQBkp/ygJvVY/rkDigic=",
              "company": "Jz+3UImd/7PbGHcT84RE4ZzilUr77HD70SbruuFF7Xt0=",
              "company_url": "https://www.xing.com/companies/go?name=EKvMpHlbV887S+tWpF4Ya7iSBoKpj4c4UZkHBvolhIo=",
              "jobDuration": "3 Jahr, 11 Monat ",
              "jobDates": "03/2013 - 01/2017"
            },
            {
              "jobTitle": "kd3OPNPGlGxRrWyvXROe2E8iwQYPQ1kUONORZiDGiCo=",
              "company": "GIZbk5+gtoqv/W/W8lX+ycf3bbs4kaMRonQV3zQQkwVo=",
              "company_url": "https://www.xing.com/companies/go?name=57N7hYpJCIqwvuBXkVshTvz9wk8vxKGGqVK0idt5APc=",
              "jobDuration": "8 Monat ",
              "jobDates": "06/2012 - 01/2013"
            },
            {
              "jobTitle": "i3V1Croyo+m4X2pc9SkzRLZJc4uiLeRcewcEtXbBZhU=",
              "company": "GIZbk5+gtoqv/W/W8lX+ycf3bbs4kaMRonQV3zQQkwVo=",
              "company_url": "https://www.xing.com/companies/go?name=57N7hYpJCIqwvuBXkVshTvz9wk8vxKGGqVK0idt5APc=",
              "jobDuration": "2 Monat ",
              "jobDates": "05/2012 - 06/2012"
            },
            {
              "jobTitle": "jha7WviUMpBrS4nOJ1+0plzkrcYDP5h+WWBlCCZT1Kk=",
              "company": "GIZbk5+gtoqv/W/W8lX+ycf3bbs4kaMRonQV3zQQkwVo=",
              "company_url": "https://www.xing.com/companies/go?name=57N7hYpJCIqwvuBXkVshTvz9wk8vxKGGqVK0idt5APc=",
              "jobDuration": "1 Jahr, 11 Monat ",
              "jobDates": "08/2010 - 06/2012"
            },
            {
              "jobTitle": "jha7WviUMpBrS4nOJ1+0plzkrcYDP5h+WWBlCCZT1Kk=",
              "company": "Ju82AC6LdKOVE45KjjL97LZiuRtwdBpNiKozNKEcXyhQ=",
              "company_url": "https://www.xing.com/companies/go?name=+C1TY6gFdN/fOBTKoSYc2TTqPjl5s5xvUjoSP5f/XLk=",
              "jobDuration": "2 Jahr, 1 Monat",
              "jobDates": "02/2008 - 02/2010"
            },
            {
              "jobTitle": "TTZkGOTm46x6KhH+9RDbX1EN2EHk9KQrD5xWiswKTM0=",
              "company": "Ju82AC6LdKOVE45KjjL97LZiuRtwdBpNiKozNKEcXyhQ=",
              "company_url": "https://www.xing.com/companies/go?name=+C1TY6gFdN/fOBTKoSYc2TTqPjl5s5xvUjoSP5f/XLk=",
              "jobDuration": "4 Jahr, 1 Monat",
              "jobDates": "02/2004 - 02/2008"
            },
            {
              "jobTitle": "TTZkGOTm46x6KhH+9RDbX1EN2EHk9KQrD5xWiswKTM0=",
              "company": "S9FeHSaHQmUvFROgt2sD0eUkinIeQavTbpYEd/5bXzHg=",
              "company_url": "https://www.xing.com/companies/go?name=PB/nxp/oJNdF5tBpc1cPMQBOJ5Rv0m0oOWuTDZExQUs=",
              "jobDuration": "3 Jahr, 2 Monat ",
              "jobDates": "10/2000 - 11/2003"
            },
            {
              "jobTitle": "F5M3XNrj4fWzO7mi89SKG6mwBWTSPozkG67tBT8/5zo=",
              "company": "TC68GYh3rGejdc3kf3XnjXWbRFRDmSZqV56Htg3AUWvs=",
              "company_url": "https://www.xing.com/companies/go?name=+eyVt+ngOidPWy0+2i5VHhjgRJjhGt7XUOdFMDZvIn0=",
              "jobDuration": "4 Jahr, 3 Monat ",
              "jobDates": "05/1996 - 07/2000"
            },
            {
              "jobTitle": "kd3OPNPGlGxRrWyvXROe2E8iwQYPQ1kUONORZiDGiCo=",
              "company": "GIZbk5+gtoqv/W/W8lX+ycf3bbs4kaMRonQV3zQQkwVo=",
              "company_url": "https://www.xing.com/companies/go?name=12XtSeWnjL0hQClt4rnh/EHi51MLKJ2DVKHPEz7O9cg="
            }
          ]
        }
      ],
      "languages": [
        {
        }
      ],
      "education": [
        {
          "institution": "vHQk6CzikDGT8oaGD5N0f3Dod+PMUYrD5555buvAWHo=",
          "url": "https://www.xing.com/search/members?keywords=8nN22ql+5E5LiLMgVqq2c5PgBHjOW1RK/YerdbhmbqU=",
          "degree": "Marine Engineering, Master's Degree",
          "eduDuration": "11/1991 - 10/1995"
        },
        {
          "institution": "5VvwamYn43d5kRJ1vzAwvnKIIpUKZeRDIfHL9meGLMs=",
          "url": "https://www.xing.com/search/members?keywords=8rypZYU7TsiTg5xyqISInpQiVSuZ9AdojHNVDu3E9f4=",
          "degree": "Marine Engineering and Electrical Engineering",
          "eduDuration": "07/1990 - 05/1991"
        },
        {
          "institution": "eEfVZ2mF6PvenWcECuF26eRp74nhehm+3lh9a0dYQfs=",
          "url": "https://www.xing.com/search/members?keywords=LiklttohObojMOv8t9f/WJBGMyMHwb+2uf53OpmZGdM=",
          "degree": "Technical",
          "eduDuration": "09/1988 - 07/1990"
        }
      ]
    },
    {
      "profile": [
        {
          "sex": "m",
          "memberSince_Hits": "15. Februar 2010 / 3179",
          "currJobDescr": "1ZfoQPp9OR1VinTVZ/11fQmKC3+gY4zzINrpZG0Q7rc=",
          "jobs": [
            {
              "jobTitle": "1ZfoQPp9OR1VinTVZ/11fQmKC3+gY4zzINrpZG0Q7rc=",
              "company": "BsIFOd9XK/GfZw3DMbj4+j10Av76CIBKQNdFhnaWTK2I=",
              "company_url": "https://www.xing.com/companies/go?name=CRyNLD2i/TtWeeaFjQC4Zr32xuOiM9oJCXSaLO2PO/I=",
              "jobDuration": "1 Jahr, 8 Monat ",
              "jobDates": "06/2015 - 01/2017"
            },
            {
              "jobTitle": "+lidfM9XrOBLkDIsfF0Fsu09jPWUMGjLJmo9iceKfHI=",
              "company": "AkFYSQxnFisEJMjbfvqXCDOW+x/VgKbFvfRFWWkBpZYQ=",
              "company_url": "https://www.xing.com/companies/go?name=qIyp3XQXHW7XOIuo8C1N+TOfMUrNYshxW31nFxK1ppw=",
              "jobDuration": "5 Monat ",
              "jobDates": "01/2015 - 05/2015"
            },
            {
              "jobTitle": "mvnoCBPbCtveO+cFgzF6CsJxgPiNbTsX9+H2lCU50dI=",
              "company": "HzPeeuelBdKUvB1qOeD2DA9VX5Mj+PbFK3b1xBWlvKUw=",
              "company_url": "https://www.xing.com/companies/go?name=mZvbEzMuwJ96QR8noiOb0rqTnQeb7H+5t686qtObnFA=",
              "jobDuration": "4 Jahr, 1 Monat",
              "jobDates": "12/2010 - 12/2014"
            },
            {
              "jobTitle": "Caf+RJqAxh4+0iTc+7dqbym2zlAIUpeFwi+SMYe3oSs=",
              "company": "RKdk7Rm9zZzd4vDvBoJH9J/y7IwJGsDWDjgc6rNr/xL0=",
              "company_url": "https://www.xing.com/companies/go?name=K66kdHVKNgco9M/wMFC9FuyYcqJMJ+o5Gk0Bp257bd4=",
              "jobDuration": "5 Monat ",
              "jobDates": "07/2010 - 11/2010"
            },
            {
              "jobTitle": "Caf+RJqAxh4+0iTc+7dqbym2zlAIUpeFwi+SMYe3oSs=",
              "company": "Rh3PxoGgUbu+wDMTHed2daW7pyFImm4iPXBOJMPWcYIo=",
              "company_url": "https://www.xing.com/companies/go?name=v0j50H+Cq1zWsNEltCAERt3eSwYbH+tuyqEMBIbLWDM=",
              "jobDuration": "3 Jahr, 9 Monat ",
              "jobDates": "10/2006 - 06/2010"
            },
            {
              "jobTitle": "ZnUt/RPwPWf6ybx9jg6ka5fjettaLYZLlfKkJONJDMg=",
              "company": "Rh3PxoGgUbu+wDMTHed2daW7pyFImm4iPXBOJMPWcYIo=",
              "company_url": "https://www.xing.com/companies/go?name=v0j50H+Cq1zWsNEltCAERt3eSwYbH+tuyqEMBIbLWDM=",
              "jobDuration": "1 Jahr, 1 Monat",
              "jobDates": "10/2005 - 10/2006"
            },
            {
              "jobTitle": "oWaI04tQNRcXa4qsLkcO4BQ6SCCG4VLRI8VzDYlTKWA=",
              "company": "Rh3PxoGgUbu+wDMTHed2daW7pyFImm4iPXBOJMPWcYIo=",
              "company_url": "https://www.xing.com/companies/go?name=v0j50H+Cq1zWsNEltCAERt3eSwYbH+tuyqEMBIbLWDM=",
              "jobDuration": "3 Jahr, 2 Monat ",
              "jobDates": "09/2002 - 10/2005"
            }
          ]
        }
      ],
      "languages": [
        {
        }
      ],
      "education": [
        {
          "institution": "bsZUIIzxDXLw66gCjgpKAdMPOGFvBmN85dlzbaYHT1k=",
          "url": "https://www.xing.com/search/members?keywords=Yk+2ftG5gusOIlAVcWTrR1fHj5JWcG1MR1LHQSB3v/c=",
          "degree": "Nautik, Nautischer Schiffsoffizier",
          "eduDuration": "09/2000 - 07/2002"
        }
      ]
    },
    {
      "profile": [
        {
          "sex": "m",
          "memberSince_Hits": "6. August 2009 / 1109",
          "currJobDescr": "Ul2HG5wwZ4ydE+jK9Evl9k9VE9pKCkST5xmD9z3ICOg=",
          "jobs": [
            {
              "jobTitle": "Ul2HG5wwZ4ydE+jK9Evl9k9VE9pKCkST5xmD9z3ICOg=",
              "company": "tcJYsJZsqWz20ZIBFGUffMMdunChpDZS69s+l3iTDL/M=",
              "company_url": "https://www.xing.com/companies/go?name=I7Ow8xK3VMPWqQUidDMV/Lt3J4xlKFGcsklzWAjEF94=",
              "jobDuration": "9 Jahr, 4 Monat ",
              "jobDates": "10/2007 - 01/2017"
            }
          ]
        }
      ],
      "languages": [
        {
        }
      ],
      "education": [
        {
          "institution": "lKP45sGjFeUJTMfXofkHd9T0veLi+9liOpr56a14Y70=",
          "url": "https://www.xing.com/search/members?keywords=jQYZDXST3ffCeXDXXyaSJpeWnpovUd/z2QvZ12FI5XA="
        }
      ]
    },
    {
      "profile": [
        {
          "sex": "m",
          "memberSince_Hits": "7. Dezember 2006 / 5696",
          "currJobDescr": "1cm/YA3zKrWSRKU+054qKT0bikzjKtIAs/oHx1oRrVI=",
          "jobs": [
            {
              "jobTitle": "1cm/YA3zKrWSRKU+054qKT0bikzjKtIAs/oHx1oRrVI=",
              "company": "CvdoOEX5+JUU+G1DYr4Qb76Kzl2cUshZ1QQtDw5WarpU=",
              "company_url": "https://www.xing.com/companies/go?name=MK6SxSyYL62UxXOIiFBEZzZkTZfD+/VAQqF4ZO1TXG0=",
              "jobDuration": "2 Monat ",
              "jobDates": "12/2016 - 01/2017"
            },
            {
              "jobTitle": "GXIw84OgzO8h8HqRgN5Qlpiyi30fDGifvN3mZYTuq18=",
              "company": "ChbPo/UBVvxdHxWJD33qithS+HjFiAxtf9k4xke2NAaM=",
              "company_url": "https://www.xing.com/companies/go?name=/iqmPUIoOGsBZB1SQQkV79avRaxhVDTEipyMstTcoPc=",
              "jobDuration": "1 Jahr, 1 Monat",
              "jobDates": "01/2016 - 01/2017"
            },
            {
              "jobTitle": "OE9K/IzcbXAZoJVFnqBMk7eDPFibDxPQzb5X9vQtZK4=",
              "company": "Af6oEntxSZ0D9S7BBvhzyJ5hNyKZB37iAHSxavEzFf/U=",
              "company_url": "https://www.xing.com/companies/go?name=6Y01IUJcOpdcjGWvQb9vZD/UD0p9bn25oVUJ4pV3thU=",
              "jobDuration": "2 Jahr, 8 Monat ",
              "jobDates": "05/2013 - 12/2015"
            },
            {
              "jobTitle": "r+s2SzvBPHvnYorAL+jm01aaUuCr86PVY21mi/B0C/w=",
              "company": "Af6oEntxSZ0D9S7BBvhzyJ5hNyKZB37iAHSxavEzFf/U=",
              "company_url": "https://www.xing.com/companies/go?name=6Y01IUJcOpdcjGWvQb9vZD/UD0p9bn25oVUJ4pV3thU=",
              "jobDuration": "6 Jahr, 1 Monat",
              "jobDates": "04/2007 - 04/2013"
            },
            {
              "jobTitle": "ZNQTiPxNMcdYe90ZV8ABha9toLtGRf3pNySKiEnTOLc=",
              "company": "GO7RVhpeYp6g+z74ZC+xKIvUxTWjvoOhqrdaZEtnviac=",
              "company_url": "https://www.xing.com/companies/go?name=oaaINIMJ/d4Ii5wnummI9pJF/KLjQ+HLbnGKJYFMoBc=",
              "jobDuration": "3 Jahre",
              "jobDates": "04/2004 - 03/2007"
            }
          ]
        }
      ],
      "languages": [
        {
        }
      ],
      "awards": [
        {
        }
      ]
    },
    {
      "profile": [
        {
          "sex": "m",
          "memberSince_Hits": "15. April 2011 / 888",
          "currJobDescr": "1ZfoQPp9OR1VinTVZ/11fQmKC3+gY4zzINrpZG0Q7rc=",
          "jobs": [
            {
              "jobTitle": "1ZfoQPp9OR1VinTVZ/11fQmKC3+gY4zzINrpZG0Q7rc=",
              "company": "VacM4pv+UWibcxGOhC34bjoatEsFca1SzFZeoJLN4wj4=",
              "company_url": "https://www.xing.com/companies/go?name=+r+mukQB94z2PsGrWhNRxZubx2yuT6VWoUcx74Y+rRw=",
              "jobDuration": "4 Jahr, 3 Monat ",
              "jobDates": "09/2011 - 11/2015"
            },
            {
              "jobTitle": "jha7WviUMpBrS4nOJ1+0plzkrcYDP5h+WWBlCCZT1Kk=",
              "company": "B+eMb/uzK7dbLfruYEg/m+5uNpNUqlF7gMqv2RvNGMq0=",
              "company_url": "https://www.xing.com/companies/go?name=TZmiDhmJHjc+PLj55P26AuC6XDTknPuyyEa7drIcM+s=",
              "jobDuration": "5 Jahr, 8 Monat ",
              "jobDates": "09/2005 - 04/2011"
            },
            {
              "jobTitle": "jha7WviUMpBrS4nOJ1+0plzkrcYDP5h+WWBlCCZT1Kk=",
              "company": "I5DH35CT6F7usYKnBkaaXw/BfprtYviKqcfdUhJ2qNAs=",
              "company_url": "https://www.xing.com/companies/go?name=HZsSMWPGUJLikcmLvJP4pAtohraRzUNxUfAQxyv6CHs=",
              "jobDuration": "1 Jahr, 5 Monat ",
              "jobDates": "02/2004 - 06/2005"
            },
            {
              "jobTitle": "TTZkGOTm46x6KhH+9RDbX1EN2EHk9KQrD5xWiswKTM0=",
              "company": "QSm74ctpEmlbU1sYkr32WDqKXHmfADD155bHGCZz6rXs=",
              "company_url": "https://www.xing.com/companies/go?name=LM1htPguMyrMkhGtH0BTZ/9yOiIQD26YDBaUt95vzRk=",
              "jobDuration": "1 Jahr, 4 Monat ",
              "jobDates": "07/2002 - 10/2003"
            },
            {
              "jobTitle": "TTZkGOTm46x6KhH+9RDbX1EN2EHk9KQrD5xWiswKTM0=",
              "company": "LVuVL1pnE//laLjbl2xr/ntlRrNtb38U2k6EL5/TJELo=",
              "company_url": "https://www.xing.com/companies/go?name=DIs3dBK//SGfq7LFMRfplbdpruhUEBx/yz35ggVYl+U=",
              "jobDuration": "19 Jahr, 9 Monat ",
              "jobDates": "01/1983 - 09/2002"
            }
          ]
        }
      ],
      "languages": [
        {
        }
      ],
      "education": [
        {
          "institution": "leu5wdQ+oXjcI072EP+/Zd8LF2aDaMMGMH/xwSAuLbE=",
          "url": "https://www.xing.com/search/members?keywords=7Rnvi+4vrMzoRHB+NobkQkwt4P4lxW3mZAMkm4TVjbs=",
          "degree": "Ships engineering, Ships engineer officer",
          "eduDuration": "09/1979 - 11/1982"
        }
      ]
    },
    {
      "profile": [
        {
          "sex": "f",
          "memberSince_Hits": "9. April 2007 / 4890",
          "currJobDescr": "oVqjbBSxS8Fva2WByMRZXZur8MTbSsXfgs0tBk0mf/s=",
          "jobs": [
            {
              "jobTitle": "oVqjbBSxS8Fva2WByMRZXZur8MTbSsXfgs0tBk0mf/s=",
              "company": "N/Dshpto7Xu5x+VIt6LQDMbNfZI23bkAhdJRpSa7XxlQ=",
              "company_url": "https://www.xing.com/companies/go?name=JvxRrGDX6N2al/F+r6iRHQGpksejmekFad5O3ctXuJI=",
              "jobDuration": "7 Jahr, 10 Monat ",
              "jobDates": "04/2009 - 01/2017"
            },
            {
              "jobTitle": "5BJozx0XxGfKZ4tjPIsKNbArEc0rMMnZY57Ei5K8QSM=",
              "company": "N/YZ/7A6kNrKEK2aSI5CYYYzMGR22xCJWTPVBJKLj7WU=",
              "company_url": "https://www.xing.com/companies/go?name=E79oVAF6ibrW9hzEeKIxh8sTKFnji/lqHHiAM8j2CQw=",
              "jobDuration": "9 Jahr, 9 Monat ",
              "jobDates": "05/2007 - 01/2017"
            },
            {
              "jobTitle": "RLLW7uUCVwYoNV9UVPnwIXpafs/XLTT/Jgspmvgph2o=",
              "company": "NdZZjPTKTm1gWpju3pKlJewZA9VkM65EkrNJWbQgT03I=",
              "company_url": "https://www.xing.com/companies/go?name=1hxZo97Y/yayCKki0QeTh8/gFAldic3hBd3Ed10ptQ0=",
              "jobDuration": "1 Jahr, 10 Monat ",
              "jobDates": "07/2005 - 04/2007"
            },
            {
              "jobTitle": "9pA8b4gb7XNQ9bHs7/Rn4caMfH/eylONANd6ENu9bBg=",
              "company": "NOi3Gm2x1O+PJBrgcbdp+xaiG6WKRMV4ionzI/cMCcMQ=",
              "company_url": "https://www.xing.com/companies/go?name=3/JneBpJf+0hmXynYheON5+SkkpfTtuJ8InNcRbPozA=",
              "jobDuration": "4 Jahr, 1 Monat",
              "jobDates": "08/1999 - 08/2003"
            }
          ]
        }
      ],
      "languages": [
        {
        }
      ],
      "education": [
        {
          "institution": "A5gfagHh6UbiHUuzkUrnMq80H/JxDrVW7+OKKEDxzVY=",
          "url": "https://www.xing.com/search/members?keywords=J+DiX7lMTIi/4tRzuGGvQmW5ctU0FKInhLU673USTN4=",
          "degree": "Schiffsbetriebstechnik"
        }
      ]
    },
    {
      "profile": [
        {
          "sex": "m",
          "memberSince_Hits": "21. Juli 2010 / 2552",
          "currJobDescr": "mQWDGpGp8RemNwhi1X+2snRgFaTW/oOr/rRpa4JBLxQ=",
          "jobs": [
            {
              "jobTitle": "mQWDGpGp8RemNwhi1X+2snRgFaTW/oOr/rRpa4JBLxQ=",
              "company": "tDjF7nB28dg2+66BEkXbmXiI/ihrgmlq6Em1pRzMJGEw=",
              "company_url": "https://www.xing.com/companies/go?name=Nw+g6YW+PsmpwBYYJ9GjLg+zZyc6w9cRw3owOFFjvYw=",
              "jobDuration": "3 Monat ",
              "jobDates": "11/2016 - 01/2017"
            },
            {
              "jobTitle": "8PsytU46X6oHGQUn2VjnBYRBDoqn+s+IzG2Az68M2ug=",
              "company": "LLbUnxjHbZFcqdhteLGtfRfseZgurS2ayc2E75+HyCdY=",
              "company_url": "https://www.xing.com/companies/go?name=5m1Oac1AMCoXfYM9hTamaE37z0/7Gj87f0Y6Ztp1L8g=",
              "jobDuration": "1 Jahr, 1 Monat",
              "jobDates": "02/2015 - 02/2016"
            },
            {
              "jobTitle": "bslRNbONIPfG4PM0FuQ0TaBf5AZBK471A4VyOV9M0RA=",
              "company": "ADowhEsbqPrK8Q/hPFb6AM4jwhQWafYLEbYqs0GkFHGM=",
              "company_url": "https://www.xing.com/companies/go?name=mtfojtGW+5T4ZzatQ7iry4d2ASMloOET/qHTAMkklKM=",
              "jobDuration": "2 Jahr, 5 Monat ",
              "jobDates": "08/2012 - 12/2014"
            },
            {
              "jobTitle": "NFeU25/3TtifrVAEC/Q6Yc7I0eZCpUB+ZonRf//kdqE=",
              "company": "Nz60ijn+DHtmqoNald+NdBZgiHJjLAxqsJFORncLs3lQ=",
              "company_url": "https://www.xing.com/companies/go?name=j4XnG5I5lmitdD6JaQGqoA1q1b7czSzT2IkO2TIalQI=",
              "jobDuration": "1 Jahr",
              "jobDates": "08/2011 - 07/2012"
            },
            {
              "jobTitle": "NFeU25/3TtifrVAEC/Q6Yc7I0eZCpUB+ZonRf//kdqE=",
              "company": "BISQ86+ABJ/KKaAH/+oPOk6Wwl0AMWp+8CWJGZhx6YIo=",
              "company_url": "https://www.xing.com/companies/go?name=2EeJaTs6AaxG4ofT37YX9/NhBnIdZLoogHC3Cpb3GXo=",
              "jobDuration": "2 Jahr, 11 Monat ",
              "jobDates": "09/2008 - 07/2011"
            },
            {
              "jobTitle": "F1DTXz3ET5XUAOz2/l3WQmondTwuUpH64kPWUHLKERE=",
              "company": "S+vNhUcRY5wF4cpKOpE00esVxv9WKFoZ8tRIxxwrsLlU=",
              "company_url": "https://www.xing.com/companies/go?name=MSxEJ0+6luSHW3Pj1jN/VsPR81Re4TABfQDesAgrTjI="
            }
          ]
        }
      ],
      "languages": [
        {
        }
      ],
      "education": [
        {
          "institution": "+UDx9fIziLp+V4hU5ZOvCnsK5Fhqpm8qeDZzAzGXlF4=",
          "url": "https://www.xing.com/search/members?keywords=nN6WWE/y3kFYw0wh2Rlfwp7t8XW2e9BLOTnNJjszsgw=",
          "degree": "Maschinenbau, Diplom Ingenieur",
          "eduDuration": "10/2004 - 06/2008"
        }
      ]
    },
    {
      "profile": [
        {
          "sex": "m",
          "memberSince_Hits": "21. Februar 2010 / 4054",
          "currJobDescr": "9rTq/ESV8EVg61TbidfrWknCiwT3KH39YFFGz/Ld1tk=",
          "jobs": [
            {
              "jobTitle": "9rTq/ESV8EVg61TbidfrWknCiwT3KH39YFFGz/Ld1tk=",
              "company": "CvdoOEX5+JUU+G1DYr4Qb76Kzl2cUshZ1QQtDw5WarpU=",
              "company_url": "https://www.xing.com/companies/go?name=MK6SxSyYL62UxXOIiFBEZzZkTZfD+/VAQqF4ZO1TXG0=",
              "jobDuration": "10 Monat ",
              "jobDates": "04/2016 - 01/2017"
            },
            {
              "jobTitle": "TaKifDCetO5XxYF19nQDuhrcEy0Iav0Zl1YS/nfikns=",
              "company": "CvdoOEX5+JUU+G1DYr4Qb76Kzl2cUshZ1QQtDw5WarpU=",
              "company_url": "https://www.xing.com/companies/go?name=MK6SxSyYL62UxXOIiFBEZzZkTZfD+/VAQqF4ZO1TXG0=",
              "jobDuration": "1 Jahr",
              "jobDates": "04/2015 - 03/2016"
            },
            {
              "jobTitle": "lfEL4e0vfOBe7ze7Hlt/Uf5+5H+2ooTqNo4+npTyZbg=",
              "company": "ADYsTW80Or8sR5Tdet/GI8tmkDCiV9QYEPSBnh8qWVEU=",
              "company_url": "https://www.xing.com/companies/go?name=mdbteJbySEDTQS++vBEnNrjmVnzh/9h6pPTGzvVhZ4A=",
              "jobDuration": "1 Jahr, 6 Monat ",
              "jobDates": "11/2013 - 04/2015"
            },
            {
              "jobTitle": "zZFdm6soytuGtVb8IjKH8JTwzcw6yWlDLnxZJVn5zDo=",
              "company": "AzgCAfmFSUwQ1y+0y44wsEBHOZSJA8IMz0RFE0zVa/mk=",
              "company_url": "https://www.xing.com/companies/go?name=5F9oxnX6HodhkfHID9tQqjzTe71vPtVSAAcGbsG799w=",
              "jobDuration": "11 Monat ",
              "jobDates": "02/2013 - 12/2013"
            },
            {
              "jobTitle": "m0NBEQK0o1ZrJcodA0TxmcpcLs7bjTP9IyOQFdbzbGI=",
              "company": "ABpkG6qf1/a1p8n7Bi3aZcvIYYL3bq6n+BbOfTYrqrko=",
              "company_url": "https://www.xing.com/companies/go?name=lww9gUz+1yAU2zI2vgDgqetuMzuQzG5jm67UFi7cu/4=",
              "jobDuration": "1 Jahr, 8 Monat ",
              "jobDates": "07/2011 - 02/2013"
            },
            {
              "jobTitle": "ciEvWzEGroV6jyDyGPnsgVLv3iF32ewqX5XN6bPbrqE=",
              "company": "ABpkG6qf1/a1p8n7Bi3aZcvIYYL3bq6n+BbOfTYrqrko=",
              "company_url": "https://www.xing.com/companies/go?name=lww9gUz+1yAU2zI2vgDgqetuMzuQzG5jm67UFi7cu/4=",
              "jobDuration": "3 Jahre",
              "jobDates": "07/2008 - 06/2011"
            },
            {
              "jobTitle": "XwDxlI4yR6D9un48+KvDJqAvy1kZLmlBaz2zIkX/h98=",
              "company": "ABpkG6qf1/a1p8n7Bi3aZcvIYYL3bq6n+BbOfTYrqrko=",
              "company_url": "https://www.xing.com/companies/go?name=lww9gUz+1yAU2zI2vgDgqetuMzuQzG5jm67UFi7cu/4=",
              "jobDuration": "5 Monat ",
              "jobDates": "03/2008 - 07/2008"
            },
            {
              "jobTitle": "jG0uavhpiS9TxzrCpAHEIThrLOVDRPDQMZ/rsZpjnAk=",
              "company": "MmidpGSwJX8WThzhjIS4WaLyIV5pMV0G+4BbAT9N3Q6Y=",
              "company_url": "https://www.xing.com/companies/go?name=Lg+JqoLTjZueChRsFVePjYH7PbjDzVv9vMX/4AIL20k=",
              "jobDuration": "3 Jahr, 8 Monat ",
              "jobDates": "08/2004 - 03/2008"
            }
          ]
        }
      ],
      "languages": [
        {
        }
      ],
      "education": [
        {
          "institution": "UeX6ZnjIehspBKYu21Wh8Jl4QoPNvGUgjD61UKRD7gc=",
          "url": "https://www.xing.com/search/members?keywords=xeGd8kkVtzSiV2G34oz/zufW3j1Z30q1KxKFb3HL0jk=",
          "degree": "Fachbereich Seefahrt Warnemünde, Dip.-Ing."
        }
      ]
    },
    {
      "profile": [
        {
          "sex": "m",
          "memberSince_Hits": "1. September 2016 / 18",
          "currJobDescr": "vBfpKfseA2WEjP1HeJdGIqfsqvu2sZUASGNLwul/6fI=",
          "jobs": [
            {
              "jobTitle": "vBfpKfseA2WEjP1HeJdGIqfsqvu2sZUASGNLwul/6fI=",
              "company": "CGZcdCH0ftvlWLbcRlE2jJDL3JxV/P2kfnWUgst9maMs=",
              "company_url": "https://www.xing.com/companies/go?name=xjn7U/Bij5eqcxIkx5TbFkKwyZz5sj2bhSH1S2UqNnY=",
              "jobDuration": "3 Jahr, 1 Monat",
              "jobDates": "01/2014 - 01/2017"
            },
            {
              "jobTitle": "fc4wuLVxQ5zQhnRhWYcEzerM+jFE3Ha8l0Z3I6iVaQg=",
              "company": "EQgnrd+W7ViRK7r6C5WPM1/9K583zKW0t4p/Ti2kU0Oo=",
              "company_url": "https://www.xing.com/companies/go?name=bMjvbx+IXyD1/lOIXVGiCFoC4b8D3WPvrfaKOVDVv1U="
            }
          ]
        }
      ],
      "languages": [
        {
        }
      ],
      "education": [
        {
          "institution": "n9ZaeeRySddi9AKGGACvxje+ZCvo8x2uWss/xQHayGw=",
          "url": "https://www.xing.com/search/members?keywords=KwXW8zOMWgAQHALhFP0opvWrGmFEh6nIolmdYgmHWuA=",
          "degree": "Mechanical Engineering, N/A",
          "eduDuration": "06/1969 - 06/1974"
        }
      ]
    },
    {
      "profile": [
        {
          "sex": "f",
          "memberSince_Hits": "9. Februar 2016 / 95",
          "jobs": [
            {
              "jobTitle": "/KUytEuGQQcYzZiUai2Pw8gX2hIZxGJmMv5kYkjmBSY=",
              "company": "C9B+K4DvjShbV11tWMT0F0fw/+gfigG8mIKhSPK64NOs=",
              "company_url": "https://www.xing.com/companies/go?name=eqelDZ3gN1ZS0iIwFUJUn6v2QAiWDzS5QuaazZwB1hY=",
              "jobDuration": "7 Jahr, 2 Monat ",
              "jobDates": "03/2006 - 04/2013"
            }
          ]
        }
      ],
      "languages": [
        {
        }
      ],
      "education": [
        {
          "institution": "2hxKf1AgpsLuqte6ZL24zPUrXh1QeJAnd8oYphQPg+Y=",
          "url": "https://www.xing.com/search/members?keywords=BrBBVYlu5BJpGEQFy8ClD0tEKwydKdSkf8DoGgFDspI=",
          "degree": "Master of Business Administration (MBA), MBA",
          "eduDuration": "07/2013 - 08/2014"
        },
        {
          "institution": "2hxKf1AgpsLuqte6ZL24zPUrXh1QeJAnd8oYphQPg+Y=",
          "url": "https://www.xing.com/search/members?keywords=BrBBVYlu5BJpGEQFy8ClD0tEKwydKdSkf8DoGgFDspI=",
          "degree": "Master of Advanced Studies (MAS) in Hospitality Management, MAS",
          "eduDuration": "07/2013 - 06/2015"
        },
        {
          "institution": "DU50D+fIPfkrW8xQmT3ftKpZmE3/+32v9SNsMum3vMs=",
          "url": "https://www.xing.com/search/members?keywords=C1dz08tBa38V6km3UHbxdFzk2/fCIZrqkbx6HAQZYXE=",
          "degree": "Law, Degree in Law",
          "eduDuration": "08/1994 - 06/1999"
        }
      ]
    },
    {
      "profile": [
        {
          "sex": "m",
          "memberSince_Hits": "6. Mai 2013 / 1236",
          "currJobDescr": "1PQC+rpD7eqEMt192GGPlIej/VmuNaJWHu+LS+KQbq8=",
          "jobs": [
            {
              "jobTitle": "1PQC+rpD7eqEMt192GGPlIej/VmuNaJWHu+LS+KQbq8=",
              "company": "ORyfEKByu8RgkapFoV2eeKTfRYhq2hts/S6K7YwivTxE=",
              "company_url": "https://www.xing.com/companies/go?name=8KeXleEj+PN3v8NPs0QlIbMapToiD2u+/rkc0T3amW8=",
              "jobDuration": "4 Jahr, 10 Monat ",
              "jobDates": "04/2012 - 01/2017"
            },
            {
              "jobTitle": "ZrjrEByp+bTqPH6kjyy5TUB2XrtdKJE3MeEcN5h0jYI=",
              "company": "-7iGgXMH4Udmk0O880dH8PMVDivwTL3EGHyWOjHQr8MU=",
              "company_url": "https://www.xing.com/companies/go?name=5633dMTDq6GDiX8T3PzAQyCL0cwuFLA3+FmZW9AM5lU=",
              "jobDuration": "6 Jahr, 8 Monat ",
              "jobDates": "06/2010 - 01/2017"
            },
            {
              "jobTitle": "KMpKF9eMV9FqYlfJfnbvMUOcfoSEj7b0oKSeBfEBuq8=",
              "company": "DAzJi5Zm0SS05zfDM+0gC5ZmJuVtFuiFp/MTLUwazCx8=",
              "company_url": "https://www.xing.com/companies/go?name=BP+98OD0h0EtgVgSLHF0SbNHxjsoaaJEpxfa3Hi8MUo=",
              "jobDuration": "8 Jahre",
              "jobDates": "10/2000 - 09/2008"
            }
          ]
        }
      ],
      "languages": [
        {
        }
      ],
      "education": [
        {
          "institution": "3G37vnrRpOgdp19uLxYXXCp845Aq6+jenJqC0AWfutU=",
          "url": "https://www.xing.com/search/members?keywords=z9zPCuyPtqLCKq2uIapwzGlg/4zPiIZpYF28HKr6F2k=",
          "degree": "Nautik, Dipl. Wirtschaftsingenieur für Seeverkehr (FH)",
          "eduDuration": "09/2010 - 06/2012"
        },
        {
          "institution": "tJptsqCTOkz66acMrHOrZei+OGGk9VEEYA7627bclP0=",
          "url": "https://www.xing.com/search/members?keywords=hVFfsLhTbOGCa91q86QfMZIXqFVKmNJgZmLDy5O7Zk0=",
          "degree": "Nautik, staatl. geprüfter Nautiker",
          "eduDuration": "09/2008 - 06/2010"
        },
        {
          "institution": "eGWTZ2i2cRG4bRCuLC0DLoXt0U9wMoMfGnM++wQnSbs=",
          "url": "https://www.xing.com/search/members?keywords=TqSIirmYfSGstsJjWFHsqr3Ax4z7JqUpoOShbaOp54E=",
          "degree": "Informationstechnik, Informatikkaufmann",
          "eduDuration": "04/2000 - 12/2002"
        }
      ]
    },
    {
      "profile": [
        {
          "sex": "m",
          "memberSince_Hits": "4. Februar 2013 / 697",
          "currJobDescr": "1ZfoQPp9OR1VinTVZ/11fQmKC3+gY4zzINrpZG0Q7rc=",
          "jobs": [
            {
              "jobTitle": "1ZfoQPp9OR1VinTVZ/11fQmKC3+gY4zzINrpZG0Q7rc=",
              "company": "WeiH4jEKokz3ghhdyaXATVTvtTnHhW0GFbudTsylaKWw=",
              "company_url": "https://www.xing.com/companies/go?name=UFfqtMy6+0G30RDMwkJgldSeyCMNP1ciNMEkizEMEVc=",
              "jobDuration": "3 Jahr, 2 Monat ",
              "jobDates": "12/2013 - 01/2017"
            },
            {
              "jobTitle": "FGmnHTaKjw+cd7MzC+x5OPEw4BGTzbGoFnK01EfvxsY=",
              "company": "WEcQ39Z45OvxDae6eP7CjZT9Aq72QrNO022vD1m0lk20=",
              "company_url": "https://www.xing.com/companies/go?name=Gl0n57PDUe6Aa6g++3ScakDy2+qZkbQ2u4lcbKDM1lQ=",
              "jobDuration": "5 Jahr, 3 Monat ",
              "jobDates": "05/2008 - 07/2013"
            },
            {
              "jobTitle": "YIdjPFlV5wXgFtAPsmFn9YGsMkZAn3gT6spLbA1UP1o=",
              "company": "OPbPan9PDyR56iBLqTqmHRj3MmdH7dfMDgXGlqH/ZrwE=",
              "company_url": "https://www.xing.com/companies/go?name=FUDfo6n8lNBqr02drPXMiWP2JEqrzwu/dcLHWGYnAwo=",
              "jobDuration": "2 Jahr, 5 Monat ",
              "jobDates": "05/2005 - 09/2007"
            }
          ]
        }
      ],
      "languages": [
        {
        }
      ],
      "education": [
        {
          "institution": "drY64ZgSplr72kD+yPzm3eUvw3FlBew+lq1PEu8aFRs=",
          "url": "https://www.xing.com/search/members?keywords=gdO+8Ll+oDGBWnX5g2V9TUlh95wgwD0uBH/E+v8qWgk=",
          "degree": "Machinen and production economy, bacheloret",
          "eduDuration": "09/2004 - 12/2008"
        }
      ]
    }
  ]
}
