{
  "category": "Construction Engineer",
  "dominantSexXing": "m",
  "profiles": [
    {
      "profile": [
        {
          "sex": "m",
          "memberSince_Hits": "28. März 2009 / 1201",
          "currJobDescr": "DlD8Ai3S8R2jmDZuvpv62leywXB3iDXsAQDtoOgqmbY=",
          "jobs": [
            {
              "jobTitle": "DlD8Ai3S8R2jmDZuvpv62leywXB3iDXsAQDtoOgqmbY=",
              "company": "CCWDzuf3v4h2jd23JPTsc7JnhMrw2p4WUdUypRbb2vE0=",
              "company_url": "https://www.xing.com/companies/go?name=MK5bk2IVO/SckOSc+6d4fMUgCQQk1Jc9v0CRk5NpLQ8=",
              "jobDuration": "7 Jahr, 10 Monat ",
              "jobDates": "04/2009 - 01/2017"
            },
            {
              "jobTitle": "vBfpKfseA2WEjP1HeJdGIqfsqvu2sZUASGNLwul/6fI=",
              "company": "SA1dOuGOD3rd8umaS3zTDhyS5xJpxbpH8cdU+OOk37os=",
              "company_url": "https://www.xing.com/companies/go?name=hBFdyADtCUBZPf7C2hyLKotFBz/nGfGWlZTCINBHYWU=",
              "jobDuration": "7 Jahr, 7 Monat ",
              "jobDates": "07/2009 - 01/2017"
            },
            {
              "jobTitle": "c3IJ+gpMT8z2jjQWvQOXzuSJbdlzU20O/1XkViy3O7w=",
              "company": "MM7N24pOqCsrhueEn4Ry21zE2A3tKCugV9OaXj9Zkg0s=",
              "company_url": "https://www.xing.com/companies/go?name=Rf/5OjYxXIuBK03RuyJNV/nFcf2bUz8iaUb/DRR2tVA=",
              "jobDuration": "11 Jahr, 7 Monat ",
              "jobDates": "07/2005 - 01/2017"
            },
            {
              "jobTitle": "sbGiobMa9OU5Z1UjZusOcXfqbb4DQne9OwysaAd/RaI=",
              "company": "CCWDzuf3v4h2jd23JPTsc7JnhMrw2p4WUdUypRbb2vE0=",
              "company_url": "https://www.xing.com/companies/go?name=MK5bk2IVO/SckOSc+6d4fMUgCQQk1Jc9v0CRk5NpLQ8=",
              "jobDuration": "8 Monat ",
              "jobDates": "08/2008 - 03/2009"
            },
            {
              "jobTitle": "vVswkpt9A/lEq4C5a5FsF5/x3/IJvPeNABTGI+ilZUo=",
              "company": "CCWDzuf3v4h2jd23JPTsc7JnhMrw2p4WUdUypRbb2vE0=",
              "company_url": "https://www.xing.com/companies/go?name=MK5bk2IVO/SckOSc+6d4fMUgCQQk1Jc9v0CRk5NpLQ8=",
              "jobDuration": "9 Monat ",
              "jobDates": "11/2007 - 07/2008"
            },
            {
              "jobTitle": "oTJ8OfU3/z8ByOoDYI41KdNdNTU65xD0ZJ63LfQTkhY=",
              "company": "Py6y4FxlXNMsssRJbJF7bUVXhwgzKrjPwKyVWXlDH43c=",
              "company_url": "https://www.xing.com/companies/go?name=XMKeTq7nWocowtx5x1LCuS1KQK6sDChw6pdv38/Usbc=",
              "jobDuration": "3 Jahr, 1 Monat",
              "jobDates": "10/2004 - 10/2007"
            },
            {
              "jobTitle": "vVswkpt9A/lEq4C5a5FsF5/x3/IJvPeNABTGI+ilZUo=",
              "company": "MvKMxnyhprsTJ1/HaDbICy8b/Trg+e9c5GZAfC4jNZVM=",
              "company_url": "https://www.xing.com/companies/go?name=lo/KoU028wB9m8l0PDBhCj14F6gMofZyTVZukzz9X9Y=",
              "jobDuration": "1 Jahr",
              "jobDates": "10/2003 - 09/2004"
            }
          ]
        }
      ],
      "languages": [
        {
        }
      ],
      "education": [
        {
          "institution": "ty2WhPY/KP0oOiHGSLJQihhb+1xfuOyoxXS01qVd6Hs=",
          "url": "https://www.xing.com/search/members?keywords=j3UAcNzlBDZCu3qalYiIaZmV8ahrSIKFhjetpEtspgA=",
          "degree": "Civil Engneering, Bachelor",
          "eduDuration": "2004 - 01/2017"
        }
      ],
      "awards": [
        {
        }
      ]
    },
    {
      "profile": [
        {
          "sex": "m",
          "memberSince_Hits": "16. Oktober 2010 / 1967",
          "currJobDescr": "9jKph0a5dJRK8LeOC/brsjgPguAYOPb+MHg+MkeQT/g=",
          "jobs": [
            {
              "jobTitle": "9jKph0a5dJRK8LeOC/brsjgPguAYOPb+MHg+MkeQT/g=",
              "company": "O3aD/s/QwRmHDmRMDcpO8CHWAWdhfMod9F2KEJ5nDOzs=",
              "company_url": "https://www.xing.com/companies/go?name=jYq/0dM6aZZJo0m6+JhhAmw8nGzgwkhHg6fu+3Pa630=",
              "jobDuration": "1 Jahr",
              "jobDates": "02/2016 - 01/2017"
            },
            {
              "jobTitle": "c4qu/Y6U6PdRoz+pt9QhIvRYcOE3Uoj9zmxuURtmnCg=",
              "company": "O3aD/s/QwRmHDmRMDcpO8CHWAWdhfMod9F2KEJ5nDOzs=",
              "company_url": "https://www.xing.com/companies/go?name=jYq/0dM6aZZJo0m6+JhhAmw8nGzgwkhHg6fu+3Pa630=",
              "jobDuration": "2 Jahr, 5 Monat ",
              "jobDates": "09/2013 - 01/2016"
            },
            {
              "jobTitle": "9jKph0a5dJRK8LeOC/brsjgPguAYOPb+MHg+MkeQT/g=",
              "company": "OqwhU0valdMNgfCqIgmbf7nFz+MAByS0vpZXqQomZaz4=",
              "company_url": "https://www.xing.com/companies/go?name=b63GZhzq5iT2xe4G1ut6+CsIRnvP87UE2bJ+WFz1otM=",
              "jobDuration": "5 Monat ",
              "jobDates": "04/2013 - 08/2013"
            },
            {
              "jobTitle": "Yu1HCVEYgMehfIcBEtOwngrultsbngHIyaHV2g9MuuA=",
              "company": "AyLlfc6hda43EwV7o00xW6PZFTCIAtE5i+2GQW8KzVlA=",
              "company_url": "https://www.xing.com/companies/go?name=8UOq+qHoMFbvxV1e9vyVs6ip8kbct9lLqQjsvgu3HoE=",
              "jobDuration": "2 Jahr, 3 Monat ",
              "jobDates": "01/2011 - 03/2013"
            },
            {
              "jobTitle": "lQaiATxJSL1aWZEl7LiiXu69ts7AdXYIUK0ygvQKCxQ=",
              "company": "LXiuNh6pDn6xU2izeyApFjoQg4DTkFVyu/CNfPFoVMCU=",
              "company_url": "https://www.xing.com/companies/go?name=ijcJu2lT6OmJQPqhSpa79oJUqcsjRyCLR9mD78ksZ/c=",
              "jobDuration": "1 Jahr, 5 Monat ",
              "jobDates": "08/2009 - 12/2010"
            },
            {
              "jobTitle": "U0UBuJV/+1XhLM1pwzaH5OUrIMB84ZXvynLRFoOjP9A=",
              "company": "LXiuNh6pDn6xU2izeyApFjoQg4DTkFVyu/CNfPFoVMCU=",
              "company_url": "https://www.xing.com/companies/go?name=ijcJu2lT6OmJQPqhSpa79oJUqcsjRyCLR9mD78ksZ/c=",
              "jobDuration": "1 Jahr, 6 Monat ",
              "jobDates": "02/2008 - 07/2009"
            },
            {
              "jobTitle": "7TwYnOUC8T6rirfbXKi6ImJsiMopyNsGIt560ChAIGg=",
              "company": "IFa5OyCjVFmcztdJexJJxMrNcCxCwdjsPRktzBK+pVR4=",
              "company_url": "https://www.xing.com/companies/go?name=LAzaAKjbpwKqywcJWqX1nEAEzOgsAZCc+swROF9twZ4=",
              "jobDuration": "1 Jahr, 3 Monat ",
              "jobDates": "11/2006 - 01/2008"
            },
            {
              "jobTitle": "5o9qWD2T7XIaXbImr5pl94zcnsY5cuJEjvemihoHiPI=",
              "company": "IFa5OyCjVFmcztdJexJJxMrNcCxCwdjsPRktzBK+pVR4=",
              "company_url": "https://www.xing.com/companies/go?name=LAzaAKjbpwKqywcJWqX1nEAEzOgsAZCc+swROF9twZ4=",
              "jobDuration": "4 Monat ",
              "jobDates": "07/2006 - 10/2006"
            },
            {
              "jobTitle": "5o9qWD2T7XIaXbImr5pl94zcnsY5cuJEjvemihoHiPI=",
              "company": "IF3FOz462OeOPaHlRFwpaHlV2E1rSE6hRgSaQwgug8Gs=",
              "company_url": "https://www.xing.com/companies/go?name=U4ZEbxR4fxGjU3QTwmoC/IWRn8kzyPB8UgWA0h4rnMQ=",
              "jobDuration": "4 Jahr, 4 Monat ",
              "jobDates": "01/2002 - 04/2006"
            },
            {
              "jobTitle": "5o9qWD2T7XIaXbImr5pl94zcnsY5cuJEjvemihoHiPI=",
              "company": "DcQLvDi5iAwZ54LSkWUhQ2ZvPZz1rzyJ/vXwcHSJjGFY=",
              "company_url": "https://www.xing.com/companies/go?name=db+UrHkKvjwr56d6j8bzDGPWcx/gR6r+jmiHOa/UWqg=",
              "jobDuration": "1 Jahr, 10 Monat ",
              "jobDates": "02/2001 - 11/2002"
            }
          ]
        }
      ],
      "languages": [
        {
        }
      ],
      "education": [
        {
          "institution": "hGkq+rOhZ02gJl4+4FLGiMb7RBINK0fqRapsbhgGjKQ=",
          "url": "https://www.xing.com/search/members?keywords=QMP+Ts2Jk+Qu+x9LsVRPbBzvyQKsl00S4KZGgXSZyAM=",
          "degree": "Bauingenieurwesen, Dipl. -Ing. (FH)",
          "eduDuration": "09/2000 - 11/2006"
        }
      ]
    },
    {
      "profile": [
        {
          "sex": "m",
          "memberSince_Hits": "16. Oktober 2010 / 1143",
          "currJobDescr": "MnpVux5RTYZ30qn9kq/eV5BAw6z7oJu1yMj33OsOOi0=",
          "jobs": [
            {
              "jobTitle": "MnpVux5RTYZ30qn9kq/eV5BAw6z7oJu1yMj33OsOOi0=",
              "company": "L6fISg/joO7NDscY9oXy8bmpLtlzeJzlAfqmk6Xe4sgU=",
              "company_url": "https://www.xing.com/companies/go?name=xDymLKS6r/7Iq+2XgibxbnzAFqASM2B7LpkF01qk/bw=",
              "jobDuration": "1 Jahr, 5 Monat ",
              "jobDates": "09/2015 - 01/2017"
            },
            {
              "jobTitle": "k4dzgKgwJxlx7as5X5IQwqey6FjqWECwhMAYeJiKaCI=",
              "company": "Ld7Eb4dGWapou8HMnugGtd2bAngMQZT+xY6yFc3O3Ofs=",
              "company_url": "https://www.xing.com/companies/go?name=ZSk7TBgcaI9hJM553QB5Rg2bS75697vb+vwdW03kZ5Q=",
              "jobDuration": "6 Monat ",
              "jobDates": "03/2015 - 08/2015"
            },
            {
              "jobTitle": "k4dzgKgwJxlx7as5X5IQwqey6FjqWECwhMAYeJiKaCI=",
              "company": "LKVPX20NmFtoTDaKw1h7CFeV4cV1FSTREXlVEBGSDFSA=",
              "company_url": "https://www.xing.com/companies/go?name=Qk4veIqqki56WDNOTJvYzIQvvEL3sjZHXObEKkMGAwc=",
              "jobDuration": "2 Monat ",
              "jobDates": "01/2015 - 02/2015"
            },
            {
              "jobTitle": "k4dzgKgwJxlx7as5X5IQwqey6FjqWECwhMAYeJiKaCI=",
              "company": "L00pIEJ32DP23anbFfWWTlFRyuwP6PESn5uVMXnyqV3s=",
              "company_url": "https://www.xing.com/companies/go?name=4mT30+iaTUo1wVv77dsLB1LO1RToTijRWJyeZ/BQKYE=",
              "jobDuration": "11 Monat ",
              "jobDates": "02/2014 - 12/2014"
            },
            {
              "jobTitle": "k4dzgKgwJxlx7as5X5IQwqey6FjqWECwhMAYeJiKaCI=",
              "company": "LqHZnsKB/Cuh40Knt67u8TRV5ZjYlaAcfFoE6Bh/hemY=",
              "company_url": "https://www.xing.com/companies/go?name=UFWen5N9gDXmr5ixyEcmDLTlWjdi524oeaZKNUrFsHI=",
              "jobDuration": "1 Jahr, 6 Monat ",
              "jobDates": "08/2012 - 01/2014"
            },
            {
              "jobTitle": "kJkGnfiW6V5vXJnagUurLd9EnteLudwWvcJYILz14bI=",
              "company": "LoPZOdfGZF80anIKFBGg5quAr5EnkXEUwqMmoPKQUc0o=",
              "company_url": "https://www.xing.com/companies/go?name=b6o7zhFT0QHs5abpBwieuU+Ph5i9L2woN0hi9UWyCL8=",
              "jobDuration": "4 Monat ",
              "jobDates": "04/2012 - 07/2012"
            },
            {
              "jobTitle": "Wq21My5HomRglwHt8jZfSH9Ac4pTcDi//Eq2GAtpVdg=",
              "company": "UB0+6KqfmgTwYuFhpzwnnc3zhH3kzGY5coKiCBPetV38=",
              "company_url": "https://www.xing.com/companies/go?name=Dnrxr5rlh1i61EB8GzR/w24aLZS6siSia8t7OD8eyTQ=",
              "jobDuration": "10 Monat ",
              "jobDates": "06/2011 - 03/2012"
            },
            {
              "jobTitle": "qkkbHTL979FM8P+ooBBnzRLda42He7qQICXc2wkfjSc=",
              "company": "UA1TRJ5/MOPvVDE4yq/f65swnFDZPpXQ+jjEV2DPRTz0=",
              "company_url": "https://www.xing.com/companies/go?name=suilpfC+bVMgxZr1DdCQFjaLY06AfXJiHIrgAK38FjU=",
              "jobDuration": "1 Jahr, 2 Monat ",
              "jobDates": "04/2010 - 05/2011"
            },
            {
              "jobTitle": "3gNewcm7bJ7+54cszv2lvlfojGlw2IHjxEJQeuN/WVw=",
              "company": "EWWGcagBzzwC+UTwABs68Uk2+4Gf4vzSqulea8kyb2S0=",
              "company_url": "https://www.xing.com/companies/go?name=Rjd8cuVItcHlAQIm+zySI+tC9MQ1jP8alS1gT5OlH88=",
              "jobDuration": "3 Monat ",
              "jobDates": "12/2009 - 02/2010"
            },
            {
              "jobTitle": "YOZmbMPbigAIfkvXMouek88yLYxXaDUJ+uaKjRfd8pk=",
              "company": "P0LigMiOiIDra04PsuplLiwTcPzQn9TucFcyUruv5Jyg=",
              "company_url": "https://www.xing.com/companies/go?name=UKXgBDmQJvPUC6f4O7p5olnup6ZdIiEUcImWTiojpzo=",
              "jobDuration": "10 Monat ",
              "jobDates": "09/2007 - 06/2008"
            },
            {
              "jobTitle": "jy50inFd2UFWbC0JXayHATOnxD4Ct/jcFVMg2YgyvV0=",
              "company": "ErOWhNRIvRyxtKnW2isUwkAQz1ibgtD3vjTpq2R0Tsa0=",
              "company_url": "https://www.xing.com/companies/go?name=9ftZ0xWt4excGs92mtama8n8SzdJhI61o6OvWOXWsso=",
              "jobDuration": "3 Jahre",
              "jobDates": "08/2002 - 07/2005"
            }
          ]
        }
      ],
      "languages": [
        {
        }
      ],
      "education": [
        {
          "institution": "JBrqk95KZzknWXWwk/wj7he3ymp61906jARhoGgTv2M=",
          "url": "https://www.xing.com/search/members?keywords=5Q6quxs7LQsxK/ZA4A1H7NL+RzxleV1nQFZCBMo2L0I=",
          "degree": "Wirtschaftsingenieur, Master of Science",
          "eduDuration": "08/2009 - 08/2012"
        },
        {
          "institution": "EJvnsJzunySrGfAQv6qTCkWzgNekDSogjgMNVzF0O4o=",
          "url": "https://www.xing.com/search/members?keywords=EJvnsJzunySrGfAQv6qTCkWzgNekDSogjgMNVzF0O4o=",
          "degree": "Elektrotechnik, Diplom (FH)",
          "eduDuration": "09/2005 - 08/2009"
        }
      ]
    },
    {
      "profile": [
        {
          "sex": "m",
          "memberSince_Hits": "25. Juni 2016 / 95",
          "currJobDescr": "9jKph0a5dJRK8LeOC/brsjgPguAYOPb+MHg+MkeQT/g=",
          "jobs": [
            {
              "jobTitle": "9jKph0a5dJRK8LeOC/brsjgPguAYOPb+MHg+MkeQT/g=",
              "company": "SSTLCUxUk9ev3kpwM/wSNsk8SC0oU0etIxCKBHgDyepc=",
              "company_url": "https://www.xing.com/companies/go?name=dJmwnjNQ0rzFcWWgwMilXkcm0ybpJcBJcxPDZESe5AE=",
              "jobDuration": "6 Monat ",
              "jobDates": "08/2016 - 01/2017"
            },
            {
              "jobTitle": "SBH4LDzQr2QRg8v0PNXd9r4CFfaV8wQf2nWTiD9m3KE=",
              "company": "ZRqlW1MWFkAiA81JnNTKaVOk8XHEm+zCZRGhFVpFbu/Q=",
              "company_url": "https://www.xing.com/companies/go?name=Wx8sdTG+NYqknIsBEDSyLILar36Z9RY6YmLavSCF+mY=",
              "jobDuration": "3 Monat ",
              "jobDates": "07/2016 - 09/2016"
            },
            {
              "jobTitle": "9jKph0a5dJRK8LeOC/brsjgPguAYOPb+MHg+MkeQT/g=",
              "company": "FOkvuRtmZXh4FnGERC7Gm8wvAjoSxzpq0YjY8bH4b7bA=",
              "company_url": "https://www.xing.com/companies/go?name=kcrTFEdk1TFf9iBAi2ZXFJqCZFrD0DkSQjje40FJW44=",
              "jobDuration": "1 Jahr, 1 Monat",
              "jobDates": "03/2015 - 03/2016"
            },
            {
              "jobTitle": "BXzqG06QW+uZnb2cv5O6fZ1jOCw4ZcnAC+XS6Oh2kFk=",
              "company": "SGnSr6mVyNzdn63DVYIdRW9pcHSRoYNkjnLDgavwsFnQ=",
              "company_url": "https://www.xing.com/companies/go?name=9CJMsrmZ0uILaZSOWfOcRXizILfU3PKz+qSvhJJYI44=",
              "jobDuration": "8 Monat ",
              "jobDates": "04/2014 - 11/2014"
            },
            {
              "jobTitle": "JF/4eJtAPQ5AEFKWbE+dJFkx7NmqksHvUrx3IgDNri8=",
              "company": "A69dJPaRpxIJe/QPzfTGGC0eU7uWOvSitv1nrWfuDcOo=",
              "company_url": "https://www.xing.com/companies/go?name=50qF+QtWq6CFloEJaQyYnzrHNqxSljo0nN+cuqNAeKU=",
              "jobDuration": "6 Monat ",
              "jobDates": "08/2010 - 01/2011"
            }
          ]
        }
      ],
      "languages": [
        {
        }
      ],
      "education": [
        {
          "institution": "eU/nS5lhd/8GF7XJ+TajF+/A7sE6vFxvKvYMcP7sTfc=",
          "url": "https://www.xing.com/search/members?keywords=aFtBZGUBKFeHgfQremnYW8WRU5ITphmruv1A+73YCqs=",
          "degree": "Mechanical Engineering, Master of Engineering",
          "eduDuration": "09/2008 - 10/2014"
        }
      ],
      "awards": [
        {
        }
      ]
    },
    {
      "profile": [
        {
          "sex": "m",
          "memberSince_Hits": "21. September 2016 / 76",
          "currJobDescr": "9jKph0a5dJRK8LeOC/brsjgPguAYOPb+MHg+MkeQT/g=",
          "jobs": [
            {
              "jobTitle": "9jKph0a5dJRK8LeOC/brsjgPguAYOPb+MHg+MkeQT/g=",
              "company": "CCvyUnq3HDGR8antcvkW6Gl7QYpW95mcJAeX9lskBxqE=",
              "company_url": "https://www.xing.com/companies/go?name=PmgnnVAeTxPn22OrzoWBnqeR2dFgOnOy6Lh7XwsB5xg=",
              "jobDates": "bis heute"
            },
            {
              "jobTitle": "2Sd/PvV00Ofsq3NDv0A3HUTJF5o5MzaWAxw1kAfc66M=",
              "company": "A6q2PeYFsuZuK7048vDUcagjYPG5bc7etqQPxRwJo/aY=",
              "company_url": "https://www.xing.com/companies/go?name=A9//m7DA5vW4gjHv3AZDgYEMTotQtSNdUw+GXiZU57Y=",
              "jobDuration": "10 Jahr, 5 Monat ",
              "jobDates": "11/1989 - 03/2000"
            }
          ]
        }
      ],
      "languages": [
        {
        }
      ],
      "education": [
        {
          "institution": "8EC63+ky7NuE1tnY9J85PL5FfX+EBDOVvJap60rr1TI=",
          "url": "https://www.xing.com/search/members?keywords=cz5uOs/2v5rsG/ovTbAcscINtUP/+YZrwJwh2jUvs9w=",
          "degree": "Construction management"
        }
      ]
    },
    {
      "profile": [
        {
          "sex": "m",
          "memberSince_Hits": "8. Mai 2014 / 326",
          "currJobDescr": "9jKph0a5dJRK8LeOC/brsjgPguAYOPb+MHg+MkeQT/g=",
          "jobs": [
            {
              "jobTitle": "9jKph0a5dJRK8LeOC/brsjgPguAYOPb+MHg+MkeQT/g=",
              "company": "Bj1KiQi+D22tzsFuOYSLoXC/PSPqFAVIxwl3gYpf6Hn4=",
              "company_url": "https://www.xing.com/companies/go?name=5kmPx0Pn0CvHRjLxB+V60dY3rPYyW2YXxMejRi85XHw=",
              "jobDuration": "2 Jahre",
              "jobDates": "02/2015 - 01/2017"
            },
            {
              "jobTitle": "GFFFe9qYd5AZXvxieKA97KPf1+6sP7BbSsSUvFAE/KI=",
              "company": "PcjEKPMjV+FyiCs4Mu06pFg0w9wNT9agPN0OX7b+hhgc=",
              "company_url": "https://www.xing.com/companies/go?name=mz6WmFo7VMYIyVHIPKPjjOxw2grt3p/4ZE+v31HuXP0=",
              "jobDuration": "1 Jahr, 3 Monat ",
              "jobDates": "10/2013 - 12/2014"
            },
            {
              "jobTitle": "gAR6fGJ1zTU5EO6pWhZAhO9746OI/dO0heXw6oGL47c=",
              "company": "SYuuo3WixnJnX7jrmmJDmWIWa0Q8yfTQm68amo8Mo7IM=",
              "company_url": "https://www.xing.com/companies/go?name=B0QRb9cClqpHGbvxpuG56/PaYDod5oPeTIIjmDAXTn0=",
              "jobDuration": "1 Jahr, 1 Monat",
              "jobDates": "08/2011 - 08/2012"
            },
            {
              "jobTitle": "lOUBPwvrHb5kfIhpzFUvDTecCoZTOxMw1A3cE/v3cZo=",
              "company": "WPy6S6W7fqqkfBLwPfDBIl2XwaZGPtlwhjyd4vCH3tRU=",
              "company_url": "https://www.xing.com/companies/go?name=qHEs8qEgHWgvIm7eDTBuCK50A62diiW0SY04Or7LE8Q=",
              "jobDuration": "3 Jahr, 1 Monat",
              "jobDates": "08/2008 - 08/2011"
            }
          ]
        }
      ],
      "languages": [
        {
        }
      ],
      "education": [
        {
          "institution": "cFOiM75aXgHLo3QdEleCky8tD0WyDreKskR7v8K8jRM=",
          "url": "https://www.xing.com/search/members?keywords=bwBwy98zf90QSj7d2O7pEeWfQ8oaVPLcKOgh7m5zb2w=",
          "degree": "Business Administration, Masters of Business Administration",
          "eduDuration": "09/2012 - 08/2013"
        },
        {
          "institution": "A13T+82fusuGK5iwV99SvVPN6n2OxJ9yelTyJefqf88=",
          "url": "https://www.xing.com/search/members?keywords=raxbdeW14IeJbbNSoqXlvCtnywtRiIXe1qwAFyJyfs4=",
          "degree": "Construction Management, Bachelors of Science",
          "eduDuration": "08/2003 - 05/2008"
        }
      ]
    },
    {
      "profile": [
        {
          "sex": "m",
          "memberSince_Hits": "19. Juni 2005 / 5164",
          "currJobDescr": "9jKph0a5dJRK8LeOC/brsjgPguAYOPb+MHg+MkeQT/g=",
          "jobs": [
            {
              "jobTitle": "9jKph0a5dJRK8LeOC/brsjgPguAYOPb+MHg+MkeQT/g=",
              "company": "HRnm5B0aG0JksuXcpi93mfApGgszjO2Pfad0kz+U4gIk=",
              "company_url": "https://www.xing.com/companies/go?name=tXEhOiMShxtUUC0m/E+X0odjlcB731xgOAG6BzgF6y0=",
              "jobDuration": "1 Jahr, 3 Monat ",
              "jobDates": "11/2015 - 01/2017"
            },
            {
              "jobTitle": "9jKph0a5dJRK8LeOC/brsjgPguAYOPb+MHg+MkeQT/g=",
              "company": "GTqumBO6+dt+KKx7PcU92RNzqR1bi4Orjd7HkuqZIN7c=",
              "company_url": "https://www.xing.com/companies/go?name=AGbB1Ve8S0vl+AORNCkBkj66y2eQhAn0jFzob/pFMW4=",
              "jobDuration": "3 Jahr, 4 Monat ",
              "jobDates": "03/2012 - 06/2015"
            },
            {
              "jobTitle": "9jKph0a5dJRK8LeOC/brsjgPguAYOPb+MHg+MkeQT/g=",
              "company": "EqGEyi/+HckmyFgfXD8CJi3g7ZA0cgP0T2x0ULXtzoXs=",
              "company_url": "https://www.xing.com/companies/go?name=NcxBs8xhGEo0qVt0vg9u87XH2/fyn4bLhIdxEyp7PAg=",
              "jobDuration": "1 Jahr, 8 Monat ",
              "jobDates": "07/2010 - 02/2012"
            },
            {
              "jobTitle": "ZrbCW3WX+Dey0Df1BDQJEmeykj6uqVFpfQFzzVWxfak=",
              "company": "G7kdKpcZChA3kdYk3FWDofGFq6F7YkqRVckp7E2YxrFs=",
              "company_url": "https://www.xing.com/companies/go?name=y02EqpKDLjo5u0JPaGCjVfgseB1DScTR43ehZnvR3Ho=",
              "jobDuration": "4 Monat ",
              "jobDates": "08/2009 - 11/2009"
            },
            {
              "jobTitle": "KGkzGWEPzCMLCBvFYeCtrKPumcJcpGoQe7JrthHKvP0=",
              "company": "BHvlhfcKEK1z896a28Ae/YACOMUrJT7hYn/Y7GrZC+1E=",
              "company_url": "https://www.xing.com/companies/go?name=D27sSIWpRkRp1/TD39PBClwEUqOQ1P081+e4kuu8OXs=",
              "jobDuration": "1 Jahr, 1 Monat",
              "jobDates": "04/2008 - 04/2009"
            },
            {
              "jobTitle": "yobRwD4vbpAAAlMLmaykdNhJJoA00bDBgM2fOR4yJUM=",
              "company": "ATXSAPUnF+gIDk7pf8Gh6Nvy7n9hocskek/gs3T7uAuA=",
              "company_url": "https://www.xing.com/companies/go?name=CbabORhp7MmhO8w0Rvg1HXf64s7nVnir+iwKzdAEqxg=",
              "jobDuration": "7 Monat ",
              "jobDates": "09/2007 - 03/2008"
            }
          ]
        }
      ],
      "languages": [
        {
        }
      ],
      "education": [
        {
          "institution": "eU/nS5lhd/8GF7XJ+TajF+/A7sE6vFxvKvYMcP7sTfc=",
          "url": "https://www.xing.com/search/members?keywords=aFtBZGUBKFeHgfQremnYW8WRU5ITphmruv1A+73YCqs=",
          "degree": "Bauingenieurwesen, Dipl.-Ing. (FH)",
          "eduDuration": "06/2007 - 03/2008"
        },
        {
          "institution": "ajnDI3MjBXFlnHd6d2Glqe7kUeGrCfZOAcBbQu5QJBU=",
          "url": "https://www.xing.com/search/members?keywords=YlxLZGUn41UM+Kjfj7vgL7Hae1KGW7/xTCKrjYxM8p4=",
          "degree": "Civil Engineering, Bachelor of Science",
          "eduDuration": "09/2006 - 05/2007"
        },
        {
          "institution": "eU/nS5lhd/8GF7XJ+TajF+/A7sE6vFxvKvYMcP7sTfc=",
          "url": "https://www.xing.com/search/members?keywords=aFtBZGUBKFeHgfQremnYW8WRU5ITphmruv1A+73YCqs=",
          "degree": "Bauingenieurwesen",
          "eduDuration": "09/2002 - 08/2006"
        },
        {
          "institution": "/LglgVKOCeXPQkphabf4/dCqO4pPqdM/c6W8koTO+XM=",
          "url": "https://www.xing.com/search/members?keywords=Tj6IbxZxHb4XZqRSphFhJnNnBoCvnUaTbpg6jbYRVT0=",
          "eduDuration": "04/2000 - 08/2002"
        },
        {
          "institution": "/LglgVKOCeXPQkphabf4/dCqO4pPqdM/c6W8koTO+XM=",
          "url": "https://www.xing.com/search/members?keywords=Tj6IbxZxHb4XZqRSphFhJnNnBoCvnUaTbpg6jbYRVT0=",
          "eduDuration": "10/1999 - 03/2000"
        }
      ],
      "awards": [
        {
        }
      ]
    },
    {
      "profile": [
        {
          "sex": "m",
          "memberSince_Hits": "29. Oktober 2008 / 591",
          "currJobDescr": "9jKph0a5dJRK8LeOC/brsjgPguAYOPb+MHg+MkeQT/g=",
          "jobs": [
            {
              "jobTitle": "9jKph0a5dJRK8LeOC/brsjgPguAYOPb+MHg+MkeQT/g=",
              "company": "BZKyabyE7x1NT8CqgN4WVLN+yn8HBiQ9rVaTsmHXOw9w=",
              "company_url": "https://www.xing.com/companies/go?name=0NF0bmsIKFmUXE1dHdoAPl8goiMYwouOdN3Z6CFFVw0=",
              "jobDates": "bis heute"
            }
          ]
        }
      ],
      "languages": [
        {
        }
      ],
      "education": [
        {
          "institution": "FQOGcPeAhahbeZfdKRei0O3yAV+3SM6iz7H8OUEcz+w=",
          "url": "https://www.xing.com/search/members?keywords=qEHEd9nvQEE7D472L4xEb9Xw3FX6qexd8MHqwm4yrgI=",
          "degree": "Mechanical Engineering, Bachelors Degree",
          "eduDuration": "09/1998 - 06/2002"
        }
      ]
    },
    {
      "profile": [
        {
          "sex": "m",
          "memberSince_Hits": "26. Juni 2006 / 2870",
          "currJobDescr": "EyFG9tvtO1TkbjxxctmNRLI3Z4g0TUjKQPwMbOFXwsU=",
          "jobs": [
            {
              "jobTitle": "EyFG9tvtO1TkbjxxctmNRLI3Z4g0TUjKQPwMbOFXwsU=",
              "company": "HAe6Ll79AYBdK6mnAh3YH9I7QAONuV0ipbPxq/WZAN5Y=",
              "company_url": "https://www.xing.com/companies/go?name=Szs5SPAUbN44xlTieGVm1SjCAbyD7G/xrQMEB1kBcqQ=",
              "jobDuration": "15 Jahr, 5 Monat ",
              "jobDates": "09/2001 - 01/2017"
            },
            {
              "jobTitle": "p/N2mrQZbffsaokQ2cWwCwNsWJNgOp7MGXRCi0xskYg=",
              "company": "TEz9zdSaykvBWTwnmW0j3iqdGZ0CenUaiCS4uUz8+SX8=",
              "company_url": "https://www.xing.com/companies/go?name=BsCaCQdN+xoTYi11w2Vn4RxyOjbQOGbxpCi+nOw0acY=",
              "jobDates": "2000 - 2001"
            },
            {
              "jobTitle": "h+XuYlZtP9RQqKqXCQZI9vqvuO330gW5aCGvD7VMm9o=",
              "company": "TEz9zdSaykvBWTwnmW0j3iqdGZ0CenUaiCS4uUz8+SX8=",
              "company_url": "https://www.xing.com/companies/go?name=BsCaCQdN+xoTYi11w2Vn4RxyOjbQOGbxpCi+nOw0acY=",
              "jobDates": "1999 - 2000"
            },
            {
              "jobTitle": "aT5gSkzojyyWbv/Md8Ht1Av0y8Pl4hOQhouboGb6tmo=",
              "company": "U03UuliEpJw98i3Lf+t+kq/ADI8ctzNyUYfSGiscCpBA=",
              "company_url": "https://www.xing.com/companies/go?name=8LmlfSo/EYL9S1o7sRscHdMGj8Q4SjSbvbp1TpDubbQ=",
              "jobDates": "1999 - 1999"
            }
          ]
        }
      ],
      "languages": [
        {
        }
      ],
      "education": [
        {
          "institution": "mE7t/U/bF97Wx5Aephsi4mlzXbuySyhtlu0R/dvrZeg=",
          "url": "https://www.xing.com/search/members?keywords=dAc0w7x7lfNNF8+gZffQkJi8YvJUUlfBVP1mZWA7xtw=",
          "degree": "Baumeister",
          "eduDuration": "2008 - 2009"
        },
        {
          "institution": "oPa45ckpIYb+RCdP/oz0ISwsxWzrNJ202ZiWyrUSdkA=",
          "url": "https://www.xing.com/search/members?keywords=oPa45ckpIYb+RCdP/oz0ISwsxWzrNJ202ZiWyrUSdkA=",
          "degree": "Management College (BWL)",
          "eduDuration": "02/2006 - 06/2007"
        },
        {
          "institution": "H/QZj8jJBzJVP4zh/waI7xaLYaKjGBALKDrP68+onFo=",
          "url": "https://www.xing.com/search/members?keywords=xybqIMopo/opgbkJn89gj+DJeOWqjCOKPZta+h0gmEY=",
          "degree": "Rechtswissenschaften, x x x",
          "eduDuration": "10/1999 - 03/2000"
        },
        {
          "institution": "D/A33IWkyN7zdWL7uYjFi/uoMFdmAyqHX1XpQkzHBt8=",
          "url": "https://www.xing.com/search/members?keywords=IVUtL1NID97PmRYTIsYaZd+qhyoTT3stb7vSaEC93s0=",
          "degree": "Wirtschaftsingenieur, x x x",
          "eduDuration": "10/1998 - 03/1999"
        },
        {
          "institution": "pHyZwWorCb69BawDTvtr0bkQtQQnhv22pWl3IW/SGIg=",
          "url": "https://www.xing.com/search/members?keywords=bezx0QFbATp296YX14zarvke7nv+NEBRu5g2tw9NOo8=",
          "degree": "Geotechnik, Dr.",
          "eduDuration": "07/1998 - 06/2000"
        },
        {
          "institution": "pHyZwWorCb69BawDTvtr0bkQtQQnhv22pWl3IW/SGIg=",
          "url": "https://www.xing.com/search/members?keywords=bezx0QFbATp296YX14zarvke7nv+NEBRu5g2tw9NOo8=",
          "degree": "Kulturtechnik & Wasserwirtschaft, Dipl.-Ing.",
          "eduDuration": "10/1991 - 06/1998"
        },
        {
          "institution": "1v9rlA6oJaxYmVVKoG/2pkql0z+jzIGGUN/QAnryrpE=",
          "url": "https://www.xing.com/search/members?keywords=clP5eSQBC8S72WZeM9GVRmA3tVxt90UvxYFGUYO2lM8=",
          "degree": "Maschinenbau, Ing.",
          "eduDuration": "09/1984 - 06/1990"
        },
        {
          "institution": "mE7t/U/bF97Wx5Aephsi4mlzXbuySyhtlu0R/dvrZeg=",
          "url": "https://www.xing.com/search/members?keywords=dAc0w7x7lfNNF8+gZffQkJi8YvJUUlfBVP1mZWA7xtw=",
          "degree": "Bautechnik, Baumeister"
        }
      ]
    },
    {
      "profile": [
        {
          "sex": "m",
          "memberSince_Hits": "24. August 2015 / 953",
          "currJobDescr": "9jKph0a5dJRK8LeOC/brsjgPguAYOPb+MHg+MkeQT/g=",
          "jobs": [
            {
              "jobTitle": "9jKph0a5dJRK8LeOC/brsjgPguAYOPb+MHg+MkeQT/g=",
              "company": "SBHdYySLhKcGZ3Obf2PrLxfsBlPGahXYm1IiNr1gh4OM=",
              "company_url": "https://www.xing.com/companies/go?name=9GSSIfmXd7OWdzj5iehvsct+ztW9Dh5CzKOM7SYobw8=",
              "jobDuration": "1 Jahr, 3 Monat ",
              "jobDates": "11/2015 - 01/2017"
            },
            {
              "jobTitle": "EVFjDQq8hUMIU0rQPuq/nVMEUU1HlSuRpEbha8RDj48=",
              "company": "SBHdYySLhKcGZ3Obf2PrLxfsBlPGahXYm1IiNr1gh4OM=",
              "company_url": "https://www.xing.com/companies/go?name=9GSSIfmXd7OWdzj5iehvsct+ztW9Dh5CzKOM7SYobw8=",
              "jobDuration": "1 Jahr, 8 Monat ",
              "jobDates": "06/2015 - 01/2017"
            },
            {
              "jobTitle": "9jKph0a5dJRK8LeOC/brsjgPguAYOPb+MHg+MkeQT/g=",
              "company": "SBHdYySLhKcGZ3Obf2PrLxfsBlPGahXYm1IiNr1gh4OM=",
              "company_url": "https://www.xing.com/companies/go?name=9GSSIfmXd7OWdzj5iehvsct+ztW9Dh5CzKOM7SYobw8=",
              "jobDuration": "5 Monat ",
              "jobDates": "01/2015 - 05/2015"
            },
            {
              "jobTitle": "UTE+Lbj9GRTjHtBv/Qn/Pzj1BjNk7TCzVCaz6hFZtus=",
              "company": "SBHdYySLhKcGZ3Obf2PrLxfsBlPGahXYm1IiNr1gh4OM=",
              "company_url": "https://www.xing.com/companies/go?name=9GSSIfmXd7OWdzj5iehvsct+ztW9Dh5CzKOM7SYobw8=",
              "jobDuration": "5 Jahre",
              "jobDates": "01/2010 - 12/2014"
            },
            {
              "jobTitle": "hVUw2PAbJspHumX4y+8fJeHfr8zBUlyjFRQkUfsZ5/A=",
              "company": "SQjCuou6hHrMzsna4vzA4GSWHNJ/HE7/zHKLwnaXwdBI=",
              "company_url": "https://www.xing.com/companies/go?name=ML5hl0q6k0qdYJSgNWG2h/v8ijpO28O/IPBT+kG+CdE=",
              "jobDuration": "7 Monat ",
              "jobDates": "03/2009 - 09/2009"
            },
            {
              "jobTitle": "NztTmElYPYktBy+aoJxzDhUGNlLbn0SSsg8RXq9mmJI=",
              "company": "DmAJ6nwDQNrGHe8wBEX/jAtsgsY4ddRlx7teHyAL7Np0=",
              "company_url": "https://www.xing.com/companies/go?name=FmJ4q9Z9LpZY2e/vISqj9jKzS0HRpdJ4OSIC4R45O6k=",
              "jobDuration": "6 Monat ",
              "jobDates": "10/2008 - 03/2009"
            },
            {
              "jobTitle": "BtBzx/gEcf/cooNa5gwCaJI+w+1C0aJ0R2gZfYDEEzQ=",
              "company": "SBHdYySLhKcGZ3Obf2PrLxfsBlPGahXYm1IiNr1gh4OM=",
              "company_url": "https://www.xing.com/companies/go?name=9GSSIfmXd7OWdzj5iehvsct+ztW9Dh5CzKOM7SYobw8=",
              "jobDuration": "7 Monat ",
              "jobDates": "03/2008 - 09/2008"
            },
            {
              "jobTitle": "BtBzx/gEcf/cooNa5gwCaJI+w+1C0aJ0R2gZfYDEEzQ=",
              "company": "Szi/FxxrHug4pmv1rx4RCF4ziBNp3NPLxCfLYjHf9VO8=",
              "company_url": "https://www.xing.com/companies/go?name=TiQxSpEgb/sDxpvCBAtC+EJbA1anqcl4n4ZlDl423xQ=",
              "jobDuration": "6 Monat ",
              "jobDates": "09/2006 - 02/2007"
            },
            {
              "jobTitle": "NztTmElYPYktBy+aoJxzDhUGNlLbn0SSsg8RXq9mmJI=",
              "company": "Szi/FxxrHug4pmv1rx4RCF4ziBNp3NPLxCfLYjHf9VO8=",
              "company_url": "https://www.xing.com/companies/go?name=TiQxSpEgb/sDxpvCBAtC+EJbA1anqcl4n4ZlDl423xQ=",
              "jobDuration": "7 Monat ",
              "jobDates": "03/2005 - 09/2005"
            },
            {
              "jobTitle": "9jKph0a5dJRK8LeOC/brsjgPguAYOPb+MHg+MkeQT/g=",
              "company": "SQcVKfSm35P75LPUPJXSYqUoevO2J66HIp/bvUL2KViM=",
              "company_url": "https://www.xing.com/companies/go?name=SnTFY/zw/QUh1izITzBga2lcn83cJkKXXos6hMuzhH0="
            }
          ]
        }
      ],
      "languages": [
        {
        }
      ],
      "education": [
        {
          "institution": "K/Qv0+MSUzMXnNCxekqCcD9VgTCyUNT3IcGdXMYNYjA=",
          "url": "https://www.xing.com/search/members?keywords=tQ6jpOFCv9yJvvhQD+aJCdPa7dPEsm73XSEpHqotQ4w=",
          "degree": "Medical Engineering",
          "eduDuration": "10/2005 - 09/2009"
        },
        {
          "institution": "ip/jDfMjim5c0QuoROTw2yUbSrTokaXVZ9rj8YDmB/w=",
          "url": "https://www.xing.com/search/members?keywords=H+0WYPFCgGifDCXjivQbeYg8+WM986lk9hItXzOPnPo=",
          "degree": "Wirtschaftsphysik",
          "eduDuration": "10/2004 - 02/2005"
        }
      ]
    },
    {
      "profile": [
        {
          "sex": "m",
          "memberSince_Hits": "13. September 2016 / 50",
          "currJobDescr": "9jKph0a5dJRK8LeOC/brsjgPguAYOPb+MHg+MkeQT/g=",
          "jobs": [
            {
              "jobTitle": "9jKph0a5dJRK8LeOC/brsjgPguAYOPb+MHg+MkeQT/g=",
              "company": "s0XRRNwjR7p9tf9OV/2XOUNLANIM8sonaOGSRc6ME1No=",
              "company_url": "https://www.xing.com/companies/go?name=oxqh0vIitA0SJq01y73lHBZySwyQpXV7J9DdFEHKhic=",
              "jobDates": "bis heute"
            }
          ]
        }
      ],
      "languages": [
        {
        }
      ],
      "education": [
        {
          "institution": "nFsFfDcNSa8CwAi0XjH9B82/YZp9dPGgg8VBcJpi8bA=",
          "url": "https://www.xing.com/search/members?keywords=UECH6fSfheb2jkB1HJLJAbPaW6N3a27RzNjWn14fZA8=",
          "degree": "Construction engineering"
        }
      ]
    },
    {
      "profile": [
        {
          "sex": "m",
          "memberSince_Hits": "4. Februar 2016 / 165",
          "currJobDescr": "9jKph0a5dJRK8LeOC/brsjgPguAYOPb+MHg+MkeQT/g=",
          "jobs": [
            {
              "jobTitle": "9jKph0a5dJRK8LeOC/brsjgPguAYOPb+MHg+MkeQT/g=",
              "company": "AMe9irL0sq9BwGK70yOV1kdAbBsHS+wEaZksbOZAl328=",
              "company_url": "https://www.xing.com/companies/go?name=vqZ8/BjqrqzjFWihHFhL9DdYJ/ybRVifA/oesxM8WPQ=",
              "jobDates": "bis heute"
            }
          ]
        }
      ],
      "languages": [
        {
        }
      ],
      "education": [
        {
          "institution": "aZ+8j1BnpPkqInxi/JSyreLRzIV8ubWJy2lw94V7ZMc=",
          "url": "https://www.xing.com/search/members?keywords=qUX539Zu8DVGR/PDLc3bZcsRYxc3PsOulil+RrRz0DE=",
          "degree": "Civil Engineering, Master",
          "eduDuration": "10/2007 - 02/2014"
        }
      ]
    },
    {
      "profile": [
        {
          "sex": "m",
          "memberSince_Hits": "1. Dezember 2008 / 7247",
          "currJobDescr": "/pCD6uhVZATopQQTDupcW615yC/xGxpMx69FErjGZM0=",
          "jobs": [
            {
              "jobTitle": "/pCD6uhVZATopQQTDupcW615yC/xGxpMx69FErjGZM0=",
              "company": "EQChQ1++UgMLEo2tI/2dFeoAgJwK8cjGP30Jqg+UpfE0=",
              "company_url": "https://www.xing.com/companies/go?name=vzDiT3S53A/4vMe8VFUbJmJWNGiRq3uBD+FnnggIoF4=",
              "jobDuration": "2 Jahr, 9 Monat ",
              "jobDates": "05/2014 - 01/2017"
            },
            {
              "jobTitle": "CfooLVTiu4ac5G7PYhEbB6prG3J04mi/zHKDh4/s18c=",
              "company": "DIyxNtR8iM56ap1p/LT3A/t6U1iJvlat5fB6T3aQbNlA=",
              "company_url": "https://www.xing.com/companies/go?name=XWndG4wPsrTznvjMd6/g1SHKayPr7dSEqAcG6blXCYc=",
              "jobDuration": "2 Jahr, 2 Monat ",
              "jobDates": "03/2012 - 04/2014"
            },
            {
              "jobTitle": "ouFPzTUgLnuJeSdHSJhnwQymlHihgBwyHHNjk8xKg7M=",
              "company": "Ac3xw8akxdcmSES50yFv8SDEa2pxtMJTIjIxv2oHKNdc=",
              "company_url": "https://www.xing.com/companies/go?name=4OXq/87nDxAw9QqN6bYTrkIymy7Z8/R2MXg8CFe9gX4=",
              "jobDuration": "1 Jahr, 3 Monat ",
              "jobDates": "01/2011 - 03/2012"
            },
            {
              "jobTitle": "WuGvdtXBx0eB3sPPNrYdAK+S7FQD5Mfr8YQ7fMo5xyI=",
              "company": "EUIPuVB5NPAnzUgukjmwz+urk9vnKCMgvGolTH/kGtKc=",
              "company_url": "https://www.xing.com/companies/go?name=rcS2fJq8GAGsHAhA4c4yV0/0cTVdSpYpHvaVaKM45eY=",
              "jobDuration": "1 Jahr, 10 Monat ",
              "jobDates": "03/2009 - 12/2010"
            },
            {
              "jobTitle": "eUmdGmpzh6Fb6ds7Wu0tz6cNJeatvayVyjMyKAQtIJY=",
              "company": "M2ac3cjWS9rRKOpu0yqJLWbFZQxtkX8q0l+jZ4ZVtMcU=",
              "company_url": "https://www.xing.com/companies/go?name=NAkEEKTZFiOwj32rDFfT87LzeOiO96S398dwDl6JMjM=",
              "jobDuration": "2 Jahre",
              "jobDates": "03/2007 - 02/2009"
            },
            {
              "jobTitle": "joAN7C7hoasdvdDBp4lEvbLKDy6pmBlLFTwwbT4FFIo=",
              "company": "T5u+joBAjjYWfabnR6Z+HGz5N7jMoQG2lQxdNIEAJPjE=",
              "company_url": "https://www.xing.com/companies/go?name=F3pjOypypv0HEbKpFgdVUJwtP4gIeIHEwWhqMMuumWU=",
              "jobDuration": "2 Jahre",
              "jobDates": "04/2005 - 03/2007"
            },
            {
              "jobTitle": "QMWGGaRD08uoYkgKP0PCsA+dPfx9WDMphxC7LtUASmQ=",
              "company": "W7Q0KuyhBROb/chEBHVrE+ooLRf9BG9iDMY68UCunJO8=",
              "company_url": "https://www.xing.com/companies/go?name=eWyvwqgxrNQKLhAxDyJ53BzAvJKCyTWhTeDs77SN2a0=",
              "jobDuration": "4 Jahr, 2 Monat ",
              "jobDates": "03/2001 - 04/2005"
            },
            {
              "jobTitle": "olCAlNpXX16ZSwsjFleFUnVsYsQRW3aGgxfB1jLtTqA=",
              "company": "HIKAhGaJk8Vl9Hl4FEq7Heu9ZXmlk2+LP9YL8k12C1v8=",
              "company_url": "https://www.xing.com/companies/go?name=po9+MzfsvSOzVDf78vdv4OWvsg22D2yaANAg+AFsEtM=",
              "jobDuration": "2 Jahr, 11 Monat ",
              "jobDates": "05/1998 - 03/2001"
            },
            {
              "jobTitle": "RQaKJSClXhtZuGq0rUKzTL/mnQDtw5yzOiigjxt4W4M=",
              "company": "KMtHaVFOGvQlezE9nXeT7Ib/IDJN+QM/JX7EVCeZcrv8=",
              "company_url": "https://www.xing.com/companies/go?name=ZzRfxlzG/VRTEHQl5//W9B9UjCQmbZcQBg0lrVQrHRI=",
              "jobDuration": "5 Monat ",
              "jobDates": "03/1996 - 07/1996"
            },
            {
              "jobTitle": "B/qqWlnTQeB0o1Npt3ccHT3ksjxHT0V735ATCTx0yEE=",
              "company": "BWmJVZXz4h1AjbO4CZCvKOoS4j8ok6oMvKRfXgAG0Vws=",
              "company_url": "https://www.xing.com/companies/go?name=wtpO7QuxG0EL9zs6xhBWcRm7ZNcIZkFgb4kqgGAEjIs=",
              "jobDuration": "3 Jahre",
              "jobDates": "09/1988 - 08/1991"
            }
          ]
        }
      ],
      "languages": [
        {
        }
      ],
      "education": [
        {
          "institution": "Cy0/PslgvVEpMs9sQ84ChlzS1lbATgbY3DcNCX0TeA8=",
          "url": "https://www.xing.com/search/members?keywords=TANWjcy9zEyGzi3wg/fgzSjyXEfyya3+jzpZ74eJ4lU=",
          "degree": "Bauingenieruwesen, Diplom Ingenieur",
          "eduDuration": "07/1993 - 01/1998"
        }
      ]
    },
    {
      "profile": [
        {
          "sex": "m",
          "memberSince_Hits": "29. August 2009 / 580",
          "currJobDescr": "9jKph0a5dJRK8LeOC/brsjgPguAYOPb+MHg+MkeQT/g=",
          "jobs": [
            {
              "jobTitle": "9jKph0a5dJRK8LeOC/brsjgPguAYOPb+MHg+MkeQT/g=",
              "company": "B8g++uIweaexW6339uDiSSi+txOQ8VM8QRe+k6+iD4sA=",
              "company_url": "https://www.xing.com/companies/go?name=OdyQyqu/drChXB9sGyyKx15yj8hVTv4dutYMqKdzqt4=",
              "jobDates": "bis heute"
            }
          ]
        }
      ],
      "languages": [
        {
        }
      ],
      "education": [
        {
          "institution": "9L/Unz9fdPPirN+TNuR1+VWX3Dfy887hRrPinozbrPE=",
          "url": "https://www.xing.com/search/members?keywords=eYJ9RYuWBwuJgdjqqBXo+VpDEbgoJOhhDwXjCSkYMsQ=",
          "degree": "Construction Technology and Management, BSc Degree",
          "eduDuration": "09/2002 - 08/2007"
        }
      ]
    },
    {
      "profile": [
        {
          "sex": "f",
          "memberSince_Hits": "27. September 2011 / 941",
          "currJobDescr": "6ReQreWYR7M/Y1cP84hG4TH0CBXibVRfSB1HpPE81N0=",
          "jobs": [
            {
              "jobTitle": "6ReQreWYR7M/Y1cP84hG4TH0CBXibVRfSB1HpPE81N0=",
              "company": "ATiFlw005swMJjDdyud0+rftPjLPL/c7UylGBC1cYGUk=",
              "company_url": "https://www.xing.com/companies/go?name=aoUsrpFihCL4iopewFhtIFF/IL001h99MO/p/TjJhFE="
            },
            {
              "jobTitle": "JfBZ4jLS2uPkPf1xARwFveI0Q57JHhUH7+9ey5qSiW4=",
              "company": "BoF/SR9vbHbOVC7tvxVHXn7JbM4wN4auD6M1RmJBMoTQ=",
              "company_url": "https://www.xing.com/companies/go?name=94P9HlyVwcnRwp5bD1qTt02VIb0PmKLdZ0w2JtkBdME=",
              "jobDuration": "1 Jahr, 6 Monat ",
              "jobDates": "08/2015 - 01/2017"
            },
            {
              "jobTitle": "/pCD6uhVZATopQQTDupcW615yC/xGxpMx69FErjGZM0=",
              "company": "iq8yGE1KpB7T0tDksDSbI9wT9L703QvL3V3zudic9Dpk=",
              "company_url": "https://www.xing.com/companies/go?name=+3YYyig+dbni7xGH0kMlbYqxINf9zrGzwBWYn9qXNLk=",
              "jobDates": "bis heute"
            },
            {
              "jobTitle": "P6Ip7slX4UbAZh9L9JA/rNhg1prKVnF6D/X6RxRIlrk=",
              "company": "AEwkXKqRVYDbsqevq2y4UDuPC9xXJxtbc2flryEXGO2A=",
              "company_url": "https://www.xing.com/companies/go?name=wE7pjElXCD7wOWkUbuoou570xlhG2YiRRju8PzoVM08="
            }
          ]
        }
      ],
      "languages": [
        {
        }
      ],
      "education": [
        {
          "institution": "eRbxiB/+zBK+Dw/MqHTNRVCjthvtOeAWybNbxaCynmQ=",
          "url": "https://www.xing.com/search/members?keywords=RvcNLxtV7r32fd+pHwEcLgy6v9Uya1GP+GFBjccsQWc="
        }
      ]
    },
    {
      "profile": [
        {
          "sex": "m",
          "memberSince_Hits": "5. Juni 2014 / 790",
          "currJobDescr": "9jKph0a5dJRK8LeOC/brsjgPguAYOPb+MHg+MkeQT/g=",
          "jobs": [
            {
              "jobTitle": "9jKph0a5dJRK8LeOC/brsjgPguAYOPb+MHg+MkeQT/g=",
              "company": "SWFj9oxYANRzaqfEtYafa6zRzKkgWd/H9iY4GCzhjr4c=",
              "company_url": "https://www.xing.com/companies/go?name=m/ag0votLlkHu1j6yxp8bENPZuwRkG0T6iAA/Ma9dYw=",
              "jobDuration": "1 Jahr, 7 Monat ",
              "jobDates": "03/2014 - 09/2015"
            },
            {
              "jobTitle": "9jKph0a5dJRK8LeOC/brsjgPguAYOPb+MHg+MkeQT/g=",
              "company": "SWFj9oxYANRzaqfEtYafa6zRzKkgWd/H9iY4GCzhjr4c=",
              "company_url": "https://www.xing.com/companies/go?name=m/ag0votLlkHu1j6yxp8bENPZuwRkG0T6iAA/Ma9dYw=",
              "jobDuration": "1 Jahr, 5 Monat ",
              "jobDates": "09/2015 - 01/2017"
            },
            {
              "jobTitle": "YOZmbMPbigAIfkvXMouek88yLYxXaDUJ+uaKjRfd8pk=",
              "company": "C5Rq4Qxo4Z40TSdriLy7Uo67MGeoAm8roQIA1/+y2AjQ=",
              "company_url": "https://www.xing.com/companies/go?name=bJvKsTJyOZ9b+c+pAlDi9Y4YM7mdOei77GeoiHRGwQ0=",
              "jobDuration": "6 Monat ",
              "jobDates": "03/2013 - 08/2013"
            },
            {
              "jobTitle": "B/qqWlnTQeB0o1Npt3ccHT3ksjxHT0V735ATCTx0yEE=",
              "company": "SUUrN0jrgJtaPQau6uNcP1J5D7qhhh86082Nznk0wUKs=",
              "company_url": "https://www.xing.com/companies/go?name=wUf0CIfxwM+/Uv/ldII7Q4XD77U9GuNmpNlfBR5H3E0=",
              "jobDuration": "3 Jahre",
              "jobDates": "09/2006 - 08/2009"
            }
          ]
        }
      ],
      "languages": [
        {
        }
      ],
      "education": [
        {
          "institution": "jfzKLC+0Hv6ffPRWstEOO6getX4j2MR4uIae2H6Ndik=",
          "url": "https://www.xing.com/search/members?keywords=1UvXO2wHj4RL/wDE6N+qTK2F38eq5B8I7LVd9sqE3jc=",
          "degree": "Technikpädagogik, Master of Sciene",
          "eduDuration": "09/2015 - 09/2017"
        },
        {
          "institution": "K/Qv0+MSUzMXnNCxekqCcD9VgTCyUNT3IcGdXMYNYjA=",
          "url": "https://www.xing.com/search/members?keywords=tQ6jpOFCv9yJvvhQD+aJCdPa7dPEsm73XSEpHqotQ4w=",
          "degree": "Konstruktion und Entwicklung, Bachelor of Engineering",
          "eduDuration": "09/2010 - 09/2014"
        }
      ]
    },
    {
      "profile": [
        {
          "sex": "m",
          "memberSince_Hits": "22. Dezember 2016 / 8",
          "currJobDescr": "9jKph0a5dJRK8LeOC/brsjgPguAYOPb+MHg+MkeQT/g=",
          "jobs": [
            {
              "jobTitle": "9jKph0a5dJRK8LeOC/brsjgPguAYOPb+MHg+MkeQT/g=",
              "company": "s0XRRNwjR7p9tf9OV/2XOUNLANIM8sonaOGSRc6ME1No=",
              "company_url": "https://www.xing.com/companies/go?name=oxqh0vIitA0SJq01y73lHBZySwyQpXV7J9DdFEHKhic=",
              "jobDates": "bis heute"
            },
            {
              "jobTitle": "IGIaIruK2bwR09MTSlZ5bIBU52lg9kDw6/yRjCIKa/I=",
              "company": "B2Hh1JtiBxB65URWEHlPi+ICm1zwyvzWHu5WCwCK36ec=",
              "company_url": "https://www.xing.com/companies/go?name=nUeXo+Wpw5p7njeVOEhNZ/K0ApOubSF25TDE1T8dm5A="
            }
          ]
        }
      ],
      "languages": [
        {
        }
      ],
      "education": [
        {
          "institution": "8EC63+ky7NuE1tnY9J85PL5FfX+EBDOVvJap60rr1TI=",
          "url": "https://www.xing.com/search/members?keywords=cz5uOs/2v5rsG/ovTbAcscINtUP/+YZrwJwh2jUvs9w=",
          "degree": "Civil Engineering, B.sc"
        },
        {
          "institution": "8EC63+ky7NuE1tnY9J85PL5FfX+EBDOVvJap60rr1TI=",
          "url": "https://www.xing.com/search/members?keywords=cz5uOs/2v5rsG/ovTbAcscINtUP/+YZrwJwh2jUvs9w=",
          "degree": "Civil Engineering"
        }
      ]
    },
    {
      "profile": [
        {
          "sex": "m",
          "memberSince_Hits": "15. November 2007 / 1586",
          "currJobDescr": "u5v7UxxbeC0vL2fJd1oV+BsRxpdkGbnkWcWTnVtjEpQ=",
          "jobs": [
            {
              "jobTitle": "u5v7UxxbeC0vL2fJd1oV+BsRxpdkGbnkWcWTnVtjEpQ=",
              "company": "GXfGPqsgNnV/LE5BqQ3oASs1QHiWd/zwUn93qTaUnP2g=",
              "company_url": "https://www.xing.com/companies/go?name=cmEGRZY6rerBe4DLreC6wCtBRAyyXCOks2YWaZik5Xo=",
              "jobDuration": "1 Jahr, 3 Monat ",
              "jobDates": "11/2015 - 01/2017"
            },
            {
              "jobTitle": "u5v7UxxbeC0vL2fJd1oV+BsRxpdkGbnkWcWTnVtjEpQ=",
              "company": "ASLUMaMMW8WycMb78HkPrFMCKAO2h0+07mpfq1vlxr88=",
              "company_url": "https://www.xing.com/companies/go?name=RxMKXdzicNSR/dEy3LBjbAfIjnklNtvUzTqEasONJh8=",
              "jobDuration": "2 Jahr, 6 Monat ",
              "jobDates": "05/2013 - 10/2015"
            },
            {
              "jobTitle": "DgKBPBO+cwPdz6U4cwGaofzgZWoFeYqrbJB/k/LUuLQ=",
              "company": "AmLaxAFXmvWHC39npa/Pj+xpuoZ0IQNr2UWW9xD6cw2g=",
              "company_url": "https://www.xing.com/companies/go?name=VVOYoLOpW50Xw63Bj9n3oBs+gEJ5ca8CGjLSx/8s16E=",
              "jobDuration": "3 Jahr, 8 Monat ",
              "jobDates": "09/2009 - 04/2013"
            },
            {
              "jobTitle": "jadaXxbtPWVHz1R7FLwIsIb0ISBBG2T+rC8JumnEwG4=",
              "company": "TgKDhgFy4dOqntcaw6tenlBJL7u0LTIY6ju8OZs1Um74=",
              "company_url": "https://www.xing.com/companies/go?name=uXSjjvrvoGH3Ikg6Fvc81P5DmmK781MikWQmR2XCSIY=",
              "jobDuration": "4 Jahr, 7 Monat ",
              "jobDates": "09/2003 - 03/2008"
            }
          ]
        }
      ],
      "languages": [
        {
        }
      ],
      "education": [
        {
          "institution": "gKDhgFy4dOqntcaw6tenlBJL7u0LTIY6ju8OZs1Um74=",
          "url": "https://www.xing.com/search/members?keywords=sYwdoAMF2NgWWs0pJHPoZctLhuEUMzk+Wsm2NpdR6cc=",
          "degree": "Maschinenbau, Diplomingenieur (M.Sc.)",
          "eduDuration": "04/2000 - 08/2003"
        },
        {
          "institution": "FzFi1Nz6xHxhbobm0fc7IVFNjDo+DUlKZvTZlp7PV9s=",
          "url": "https://www.xing.com/search/members?keywords=htO1DtR1QyBk1EtWmC+r/nVSY766Dw8YhuRWJ8yVPJk=",
          "degree": "Maschinenbau, Maschinenbauingenieur",
          "eduDuration": "01/1992 - 12/1996"
        }
      ]
    },
    {
      "profile": [
        {
          "sex": "m",
          "memberSince_Hits": "23. September 2016 / 73",
          "currJobDescr": "9jKph0a5dJRK8LeOC/brsjgPguAYOPb+MHg+MkeQT/g=",
          "jobs": [
            {
              "jobTitle": "9jKph0a5dJRK8LeOC/brsjgPguAYOPb+MHg+MkeQT/g=",
              "company": "Spb+4ygdBumwd/VkV4CNanzQoTelC9Qs+QuzrciFdXgI=",
              "company_url": "https://www.xing.com/companies/go?name=yhdUvEWAugz0yv12RG5K2v4EMfHM+ZP8Aq7htDVVCPA=",
              "jobDates": "bis heute"
            },
            {
              "jobTitle": "9jKph0a5dJRK8LeOC/brsjgPguAYOPb+MHg+MkeQT/g=",
              "company": "Spb+4ygdBumwd/VkV4CNanzQoTelC9Qs+QuzrciFdXgI=",
              "company_url": "https://www.xing.com/companies/go?name=yhdUvEWAugz0yv12RG5K2v4EMfHM+ZP8Aq7htDVVCPA=",
              "jobDates": "bis heute"
            }
          ]
        }
      ],
      "languages": [
        {
        }
      ]
    },
    {
      "profile": [
        {
          "sex": "m",
          "memberSince_Hits": "2. September 2013 / 619",
          "currJobDescr": "9jKph0a5dJRK8LeOC/brsjgPguAYOPb+MHg+MkeQT/g=",
          "jobs": [
            {
              "jobTitle": "9jKph0a5dJRK8LeOC/brsjgPguAYOPb+MHg+MkeQT/g=",
              "company": "GsFZMM1TOIMtKd8m4NL3bXax2SJ0ssWk32Dht4WMwxrQ=",
              "company_url": "https://www.xing.com/companies/go?name=3sbHQmwxK1AKBHHnBeiq7QVU2vh0JhZuONAhUpkaNyw=",
              "jobDates": "bis heute"
            }
          ]
        }
      ],
      "languages": [
        {
        }
      ],
      "education": [
        {
          "institution": "fSG5TPmnrGoBfuWIrnXMc2htZfoEeMqmAAbsjzgm8C0=",
          "url": "https://www.xing.com/search/members?keywords=BBvX28zhjY/TPYtoPMl9W49uKEK6ElYVfXs281idqao=",
          "degree": "Engineer, P H D"
        }
      ]
    },
    {
      "profile": [
        {
          "sex": "m",
          "memberSince_Hits": "23. März 2010 / 1445",
          "currJobDescr": "fRAvuWt5omBT86w3CtcdKDy5PGzCcx83YK8Ey5udmvg=",
          "jobs": [
            {
              "jobTitle": "fRAvuWt5omBT86w3CtcdKDy5PGzCcx83YK8Ey5udmvg=",
              "company": "BQbjyOcb3gSLe2Ak6mCUyJGSR+3UX3q8BUqH0ytJ2dd8=",
              "company_url": "https://www.xing.com/companies/go?name=WeOEhihPAIZr7qJE+5/lvi1t40f48h1qi788zRyvz84=",
              "jobDates": "bis heute"
            }
          ]
        }
      ],
      "languages": [
        {
        }
      ],
      "education": [
        {
          "institution": "Fnfid8OdqDiwPounmeSh6dHF+LXYzr/OGQkV3w5OM0g=",
          "url": "https://www.xing.com/search/members?keywords=QI6Zo0AnMKbOJXkWbNXnse1GgGeWsXi2A5PxbHIpmLE=",
          "degree": "Mining Engineering, Bachelor of Science"
        }
      ]
    },
    {
      "profile": [
        {
          "sex": "m",
          "memberSince_Hits": "14. Januar 2007 / 3223",
          "currJobDescr": "G2b3eLvi1Woiy6j6d2EQb5xD3opIwF98FV2aFrxoVHU=",
          "jobs": [
            {
              "jobTitle": "G2b3eLvi1Woiy6j6d2EQb5xD3opIwF98FV2aFrxoVHU=",
              "company": "IWceVZ0sX/RqRH1vaTIajwdLbf0MuuWq7OWdwWCx8w2U=",
              "company_url": "https://www.xing.com/companies/go?name=y7a2qaTyAtzOLVgZduX7dhnnTPV0x4M2wWQpj4cdrXg=",
              "jobDuration": "5 Monat ",
              "jobDates": "09/2016 - 01/2017"
            },
            {
              "jobTitle": "+T7tArJFOas3s/m6o8Cgv0Ee5zUtfFqo5ivQVzF4n3A=",
              "company": "IWceVZ0sX/RqRH1vaTIajwdLbf0MuuWq7OWdwWCx8w2U=",
              "company_url": "https://www.xing.com/companies/go?name=y7a2qaTyAtzOLVgZduX7dhnnTPV0x4M2wWQpj4cdrXg=",
              "jobDuration": "11 Monat ",
              "jobDates": "03/2016 - 01/2017"
            },
            {
              "jobTitle": "PR+LmHlJE+dpzaPz5p5/C9pIU0bIMGOi4ObL68/VPCw=",
              "company": "SpMn8FTf/ZGqx/d1UZ42CTzCnJgKGQJvlWFWfs4dOkCQ=",
              "company_url": "https://www.xing.com/companies/go?name=tHxXan9jXYuwZI7qz/Wr5w66j6CKIk0MHnlznHr+Me4=",
              "jobDuration": "1 Jahr, 10 Monat ",
              "jobDates": "04/2015 - 01/2017"
            },
            {
              "jobTitle": "Jlx2cIQetrtMp+bHPKzg6kwEdhN+ZJOXzQofVhZOIVA=",
              "company": "V7VX01KTW0pnxxzN9xVBaItj+lmzQIdZOWvp9XVhrvuI=",
              "company_url": "https://www.xing.com/companies/go?name=D9/g8fKqATA1BMalUa6/n8HNxYvn7nelIP0eYxbmuxE=",
              "jobDuration": "4 Monat ",
              "jobDates": "11/2015 - 02/2016"
            },
            {
              "jobTitle": "VywuBdOf/3Dys/UuhCHrc5NhchMCgNtoV74X/0yPBls=",
              "company": "V23hnmKTFy6UClqTsyQLVzbIox5ReIIaniU4LmuYrMoA=",
              "company_url": "https://www.xing.com/companies/go?name=4h7jiuInz+AFlmK9jsWC+qE2S944/2T+dIMWuUk56c4=",
              "jobDuration": "8 Monat ",
              "jobDates": "04/2015 - 11/2015"
            },
            {
              "jobTitle": "sE4nv4Q0+N5c9hW2IA576WlXX7LBGrhwhJVOB/sI7ls=",
              "company": "S9qGrMl+QWfgEp/D+bwSrzk29eslL1aRqIzoTv+4aPcs=",
              "company_url": "https://www.xing.com/companies/go?name=l2MHzJToLZuh0m3kgVg6Jhje2+DzyXe158JimHfzCHc=",
              "jobDuration": "7 Jahr, 7 Monat ",
              "jobDates": "09/2007 - 03/2015"
            },
            {
              "jobTitle": "9llCc/6496mBsHR7yr5FQMxDSUlY6UqNMRU7zJ6g+lM=",
              "company": "DTKcCToGGk027YcKxJ7dWujvJa/mYnjbJu4aBPoehsFo=",
              "company_url": "https://www.xing.com/companies/go?name=/wwMK3ww54Rx3tJadvKlGuAdiDMpkikZm5eYOyGJn10=",
              "jobDuration": "2 Jahr, 4 Monat ",
              "jobDates": "05/2005 - 08/2007"
            },
            {
              "jobTitle": "kXgzteOwXKdS5CUXRR49rkje0nVUTJ9MfZWvTsH8KLk=",
              "company": "I9EHY2HdxbsPr09PNbUtZMPw2O6vfPzsBiS+AQhznCQ4=",
              "company_url": "https://www.xing.com/companies/go?name=HzH7tGs45j3l2FAC6rkm5ONx2RPEHNoBQV7j6cBGZck=",
              "jobDates": "2003 - 2005"
            },
            {
              "jobTitle": "xx8gG2qUKFnvt5OUjbpd5URQ6ZvoT5zcDx07DJRbuJk=",
              "company": "BHDWof/sFH4DxWzRHBeJYdAlYzFMFLVT+k3SjrT8apMA=",
              "company_url": "https://www.xing.com/companies/go?name=FMiUuwGmhRcuHlJtjSTdERvSOKnGCI4Y6wVjjzOS6NI=",
              "jobDuration": "6 Monat ",
              "jobDates": "01/2003 - 06/2003"
            }
          ]
        }
      ],
      "languages": [
        {
        }
      ],
      "education": [
        {
          "institution": "BH8x+vVH188P/1chZ35kmW399nJS82GlRfT3rbgvGE4=",
          "url": "https://www.xing.com/search/members?keywords=DI/SPevAVN/ZLFojF91wBITl7y/BOwKcMuapWaB5dIE=",
          "degree": "Industrial design, Dipl. Des. (FH) Produktdesign",
          "eduDuration": "09/1999 - 03/2005"
        }
      ],
      "awards": [
        {
        }
      ]
    },
    {
      "profile": [
        {
          "sex": "m",
          "memberSince_Hits": "7. April 2015 / 574",
          "currJobDescr": "XZj+XTbpzxtC2ckbiv9AuaxjXg5UZB6kfU2tnocz9T4=",
          "jobs": [
            {
              "jobTitle": "XZj+XTbpzxtC2ckbiv9AuaxjXg5UZB6kfU2tnocz9T4=",
              "company": "RN3spu4nDB3v7CAGaLWGgsiKYIXxwpTQLPLgs99odsoU=",
              "company_url": "https://www.xing.com/companies/go?name=i38ywXBcJNorU83cTpcV9bIuT0wpT8a+1F270/ogL88=",
              "jobDuration": "11 Monat ",
              "jobDates": "03/2016 - 01/2017"
            },
            {
              "jobTitle": "2aRUWjpdPUNtpgdfenJM7LlK7fodkcpbVhF7UaRf+z0=",
              "company": "RN3spu4nDB3v7CAGaLWGgsiKYIXxwpTQLPLgs99odsoU=",
              "company_url": "https://www.xing.com/companies/go?name=i38ywXBcJNorU83cTpcV9bIuT0wpT8a+1F270/ogL88=",
              "jobDuration": "6 Monat ",
              "jobDates": "09/2015 - 02/2016"
            },
            {
              "jobTitle": "7Eh2/M0u4lWH0uvrL1KwjTiR0ryivL+tq8DHnihFZfI=",
              "company": "RN3spu4nDB3v7CAGaLWGgsiKYIXxwpTQLPLgs99odsoU=",
              "company_url": "https://www.xing.com/companies/go?name=i38ywXBcJNorU83cTpcV9bIuT0wpT8a+1F270/ogL88=",
              "jobDuration": "11 Monat ",
              "jobDates": "10/2014 - 08/2015"
            },
            {
              "jobTitle": "y+5oh8h2EfiR/9xf8wIQetOmU5Dup8Cecl2/fVT2UoA=",
              "company": "E7431njRki7XkqdloR/hlWJJr78ejO3AgACqtG3ZYOxw=",
              "company_url": "https://www.xing.com/companies/go?name=tox+p7MGLshZFy8WyXwsrUtZm83oaMf1oGFSZX4V1gE=",
              "jobDuration": "5 Monat ",
              "jobDates": "03/2014 - 07/2014"
            },
            {
              "jobTitle": "7Eh2/M0u4lWH0uvrL1KwjTiR0ryivL+tq8DHnihFZfI=",
              "company": "RN3spu4nDB3v7CAGaLWGgsiKYIXxwpTQLPLgs99odsoU=",
              "company_url": "https://www.xing.com/companies/go?name=i38ywXBcJNorU83cTpcV9bIuT0wpT8a+1F270/ogL88=",
              "jobDuration": "7 Monat ",
              "jobDates": "03/2013 - 09/2013"
            },
            {
              "jobTitle": "ZNNbeV51W5fUFaKPKRxnKkdSqwSBYl0iMKk7xd8jy5M=",
              "company": "RIHMvQplNjsW7q44k+9SyjpxIldMZxgYK612x8Dvz8BI=",
              "company_url": "https://www.xing.com/companies/go?name=k4ruVogNnAsVlBHTMThHBx0oEVbqte/bQJCW14GO3Lc=",
              "jobDuration": "4 Monat ",
              "jobDates": "09/2012 - 12/2012"
            },
            {
              "jobTitle": "k7n6SsSawWTeZ+A846HrpMTRjD0PUxQ1YnQuHXOTdVs=",
              "company": "RN3spu4nDB3v7CAGaLWGgsiKYIXxwpTQLPLgs99odsoU=",
              "company_url": "https://www.xing.com/companies/go?name=i38ywXBcJNorU83cTpcV9bIuT0wpT8a+1F270/ogL88=",
              "jobDuration": "8 Monat ",
              "jobDates": "01/2012 - 08/2012"
            }
          ]
        }
      ],
      "languages": [
        {
        }
      ],
      "education": [
        {
          "institution": "ykkZ+e3u05WKD1Kf/DZK5H0puRy/N0InbJKZwB5aD3c=",
          "url": "https://www.xing.com/search/members?keywords=KqsvvHGx10q3Fy259r5SaIP0ul4nQL+Ouur4leBCgD0=",
          "degree": "Energy engineering, Master",
          "eduDuration": "10/2014 - 02/2016"
        },
        {
          "institution": "SzUnLG7lzpRA2nsUGExd9ozsPSi7lXTsJAnsqmbiaz8=",
          "url": "https://www.xing.com/search/members?keywords=WprgbTdx9g1b9BkJcOQB2XlJO5VzS0Yf7Ht9EBhwmKU=",
          "degree": "Mechanical Engineering, Bachelor of Engineering",
          "eduDuration": "09/2013 - 02/2014"
        },
        {
          "institution": "ykkZ+e3u05WKD1Kf/DZK5H0puRy/N0InbJKZwB5aD3c=",
          "url": "https://www.xing.com/search/members?keywords=KqsvvHGx10q3Fy259r5SaIP0ul4nQL+Ouur4leBCgD0=",
          "degree": "Energy and Environmental Engineering, Bachelor of Engineering",
          "eduDuration": "10/2010 - 07/2014"
        }
      ]
    },
    {
      "profile": [
        {
          "sex": "f",
          "memberSince_Hits": "2. November 2006 / 713",
          "currJobDescr": "9jKph0a5dJRK8LeOC/brsjgPguAYOPb+MHg+MkeQT/g=",
          "jobs": [
            {
              "jobTitle": "9jKph0a5dJRK8LeOC/brsjgPguAYOPb+MHg+MkeQT/g=",
              "company": "CWafssvhh+qhd3d8rGWrOWDnciCsDsLotQ4zl3o34Qxw=",
              "company_url": "https://www.xing.com/companies/go?name=9pjP5089vbgATp9MftUCMD9Gq0i20u2oaPnVz8rYRtA=",
              "jobDuration": "6 Jahre",
              "jobDates": "02/2011 - 01/2017"
            },
            {
              "jobTitle": "6ry8RC+bL7G0RnVuKrhPoGmu9sEGp/KuSxYY4EAX7G4=",
              "company": "DnSzv9vRakT5japiBI9yvg8w+rXorIFlXGzALS4k/JHs=",
              "company_url": "https://www.xing.com/companies/go?name=JmTx6OUm0Oqg+z/Vy3LgjFJC4W+rXfao1xlPBZ0F1HE=",
              "jobDuration": "3 Jahr, 4 Monat ",
              "jobDates": "10/2007 - 01/2011"
            },
            {
              "jobTitle": "4yfxQKZ6suos8H5+xRgoaAtBSmkK0Zl9gGIFvAy5wnY=",
              "company": "Hkt70hmE1ozIEhuZs9eHgWumVeyfWzLd7b2TeASZ4QpE=",
              "company_url": "https://www.xing.com/companies/go?name=7tBi/8pQFpz7qCWJjlYpx9YrqkNZuaI3/QPPE+XKfBQ=",
              "jobDuration": "1 Jahr, 2 Monat ",
              "jobDates": "07/2006 - 08/2007"
            },
            {
              "jobTitle": "+Eb/7KAqVuNISGNYdybdHfbaTKJP52itj/H+xkat4hs=",
              "company": "MEJ8mWQJ54CZi0TC5JgjAufXd6RCeudeeIG7UBGP9kDU=",
              "company_url": "https://www.xing.com/companies/go?name=TDeTL8Y1UAB+4RDw7veDeLjBOYKVnT0UA1DCKmtKk/Y=",
              "jobDuration": "4 Monat ",
              "jobDates": "05/2004 - 08/2004"
            },
            {
              "jobTitle": "xLsBVPqMn7+GFLIrIChQxXkWfy6Bnsv7VnyptbaJJlw=",
              "company": "GZS8jlgx9EqHcmKdHhm07qJuoznC1e2/ePd6wdiJkUbs=",
              "company_url": "https://www.xing.com/companies/go?name=ODdD5BcbZTwLzRVl02VBPeMnMiwGwh8qXVZZ59k2MMY=",
              "jobDuration": "2 Monat ",
              "jobDates": "03/2003 - 04/2003"
            }
          ]
        }
      ],
      "languages": [
        {
        }
      ],
      "education": [
        {
          "institution": "U0RjHSfbQnZEY/Sj7AOu7V1txOFDnjW9cqhmjk5W7mI=",
          "url": "https://www.xing.com/search/members?keywords=th7szR9j1tVU59Tb2ziNs1xq/TDvYpaqkX3WsTVKxJQ="
        }
      ]
    },
    {
      "profile": [
        {
          "sex": "m",
          "memberSince_Hits": "29. September 2004 / 6110",
          "currJobDescr": "tCoRWzjiocFjwPYkABNGcffpFHXBFRxa8AOes8pZsUc=",
          "jobs": [
            {
              "jobTitle": "tCoRWzjiocFjwPYkABNGcffpFHXBFRxa8AOes8pZsUc=",
              "company": "SsU/no1eWCeyINQVDn950Bt/fyN3lXett/bJfS4VEEIw=",
              "company_url": "https://www.xing.com/companies/go?name=PIxahKTSeXNgdIME70kkpWIplLoDxDca3TbeuLtoOU4=",
              "jobDuration": "8 Jahr, 10 Monat ",
              "jobDates": "04/2008 - 01/2017"
            },
            {
              "jobTitle": "1g+/97HFIioD8xmywMb3VhTh7Qg/rGWc6Km0Ykc8tRU=",
              "company": "S9vamhwJAxwVHEq60u5asC+4SpQoeNyID2CuHyIGosCI=",
              "company_url": "https://www.xing.com/companies/go?name=tEupJCtySYfSeAMJbP82VyjepMV0A26FxZVjtjDj2TU=",
              "jobDuration": "1 Jahr, 4 Monat ",
              "jobDates": "12/2006 - 03/2008"
            },
            {
              "jobTitle": "/wKNDaGrcLWZcoa9XxgavocfRxE1EUdQSFB0nY+2bxU=",
              "company": "S7r04Q+p25KRAJTp+MJcYCr/G2HJ0sBw44OqjYieY5p0=",
              "company_url": "https://www.xing.com/companies/go?name=mR1e9+zfPnibhvD4b94SIHBbBtA1A6Ex8xWKNP7XqVM=",
              "jobDuration": "1 Jahr, 5 Monat ",
              "jobDates": "04/2005 - 08/2006"
            },
            {
              "jobTitle": "GT17NXMnQR8YcYjCFqTLfVZAjDDCSpueyaK/8oR59tQ=",
              "company": "BPzU/zayvzc1r4Nrj4FvPYHCsZXfcB4qu/HjxhXuPsPA=",
              "company_url": "https://www.xing.com/companies/go?name=Oyp2VfNRwQJzP3JaE7Vfrf5do5d/0IhISMzwo7TIANY=",
              "jobDuration": "10 Monat ",
              "jobDates": "07/2004 - 04/2005"
            },
            {
              "jobTitle": "31iSwSkCSW74n269tfe2LmtEnISgsOlWpoibzLKfVgA=",
              "company": "GqOEq1OIFEn/viNoJH3nJcOO80NIaqSbgqKJfQkFvBmU=",
              "company_url": "https://www.xing.com/companies/go?name=rpQbz3O/yZgLHLfldgf54W/WhwsiaPSAiFD+VWV2sIc="
            },
            {
              "jobTitle": "maGF3HOm7Y8zqtuAiURtNk07RI2Sxk5LB2knStTOiPc=",
              "company": "Mg/NPVyGhgvxZRYOaxYlrm5WUy5NH3rKSC9KM1CZGQ4M=",
              "company_url": "https://www.xing.com/companies/go?name=XT7/uWY+QxW7tCSbcx4+LDRUFhOEUT5FBy9SRHL+Euo="
            },
            {
              "jobTitle": "+zmLzMhCzRV6j1VNlssMd06JBRCYNZKZx/aWLmUK6eI=",
              "company": "VOHb6RoCMFg0u4V0AAgnsfkXdaw9791QrpgQuXDuiO4g=",
              "company_url": "https://www.xing.com/companies/go?name=nAaAZ4wOaBz9e0w3iL4KkhFhFNdbFbvFHEYvnVEKtoc="
            },
            {
              "jobTitle": "A5Q1WM1aH4qs3TbAmeCvTvNj9XKfM6QKWKNw1VaS39E=",
              "company": "B12DoSVztW7Wo2gMjD0kvmr0qt9EqE5vFmNc5BLGSlLc=",
              "company_url": "https://www.xing.com/companies/go?name=xVsa2z1MZeytGRLhctgQ5/fLyB/qD9CxK4Vn1abh9wY="
            },
            {
              "jobTitle": "olCAlNpXX16ZSwsjFleFUnVsYsQRW3aGgxfB1jLtTqA=",
              "company": "HlnacNYW/mDDnfqxynZF7HwsfXxDixBzizs2Fx0Nb648=",
              "company_url": "https://www.xing.com/companies/go?name=nMpsM3uyHBYB+fI20OuDopwHuQuu/ZSSGs6sXPsmgLs="
            }
          ]
        }
      ],
      "languages": [
        {
        }
      ],
      "education": [
        {
          "institution": "Ylzxq/MEDg8lvDYLD4ZvavlYxAqx+9Txh4blm+aP5+I=",
          "url": "https://www.xing.com/search/members?keywords=Kp3eGKZTgUYr2DjhLLxyvUauE6VbUzWI1oxJai/0uJk="
        }
      ]
    },
    {
      "profile": [
        {
          "sex": "m",
          "memberSince_Hits": "9. Januar 2007 / 5690",
          "currJobDescr": "et3r1xSuXQYATVUc9jgevedm1bBbv//0y15VrIIp4jo=",
          "jobs": [
            {
              "jobTitle": "et3r1xSuXQYATVUc9jgevedm1bBbv//0y15VrIIp4jo=",
              "company": "Iqj/YFDbOJR72EK2wj1Z/v3fI3GKg946D3TH3i8ad2lM=",
              "company_url": "https://www.xing.com/companies/go?name=pztad2FvRkh0xEfa8mUe6b2yVImAnmnGhvUpIEd0uMY=",
              "jobDuration": "13 Jahr, 11 Monat ",
              "jobDates": "03/2003 - 01/2017"
            },
            {
              "jobTitle": "ZNQTiPxNMcdYe90ZV8ABha9toLtGRf3pNySKiEnTOLc=",
              "company": "TO5ia8/H+A7908aua9XGyU9LeturgqmkMEKhKjRygmps=",
              "company_url": "https://www.xing.com/companies/go?name=MUf4TPpN+a1EpBLLyaTnYSoWW516okS9p0rINYaJwsY=",
              "jobDuration": "9 Jahr, 7 Monat ",
              "jobDates": "07/2007 - 01/2017"
            },
            {
              "jobTitle": "ZNQTiPxNMcdYe90ZV8ABha9toLtGRf3pNySKiEnTOLc=",
              "company": "HNbLxicbPbhJrK1/vBjG0yErMmD4izVUic+53uDrjS4I=",
              "company_url": "https://www.xing.com/companies/go?name=swg7ipIihR5qUVBkEKTH3YmjPSBoAqkVuYq5hULE2Nk=",
              "jobDuration": "12 Jahr, 9 Monat ",
              "jobDates": "05/2004 - 01/2017"
            },
            {
              "jobTitle": "ZNQTiPxNMcdYe90ZV8ABha9toLtGRf3pNySKiEnTOLc=",
              "company": "HzirSQiGMv1seHR9kNF1+pJY8BH94q3xODDqhPeyV2aQ=",
              "company_url": "https://www.xing.com/companies/go?name=GyrTkGpz+c/CuakALwBzwlGxkRFYhKKVNhTi4yaiMvw=",
              "jobDuration": "9 Jahre",
              "jobDates": "05/1995 - 04/2004"
            },
            {
              "jobTitle": "jXLjgsXPu086WGcZYTwauhKwrUfT8+mHDXlL7M07zSI=",
              "company": "ILwcVtUc0dw1ag+P6XiCZ3bspFGMIieFR08gURYtydts=",
              "company_url": "https://www.xing.com/companies/go?name=Ni4d0X4QSC1LyroGHMBvAHM3PcfXwUjJyXBizJsCTOc=",
              "jobDuration": "4 Jahr, 2 Monat ",
              "jobDates": "04/1991 - 05/1995"
            }
          ]
        }
      ],
      "languages": [
        {
        }
      ],
      "education": [
        {
          "institution": "qlovR2ykI8adIrttUQJcSN2yzd/FtkxE4uTvcQVC3BI=",
          "url": "https://www.xing.com/search/members?keywords=2mWQHC3wdslItJdtat1BY7UExj6uYBf5tfr5RFw5MR0=",
          "degree": "Bauingenieurwesen, Dipl.-Ing.",
          "eduDuration": "10/1989 - 07/2003"
        }
      ]
    },
    {
      "profile": [
        {
          "sex": "f",
          "memberSince_Hits": "23. Mai 2013 / 534",
          "currJobDescr": "9jKph0a5dJRK8LeOC/brsjgPguAYOPb+MHg+MkeQT/g=",
          "jobs": [
            {
              "jobTitle": "9jKph0a5dJRK8LeOC/brsjgPguAYOPb+MHg+MkeQT/g=",
              "company": "WqD1hmBvnV69VQFuEw0OVoe5RQektj6GAEVhwi4O7m8Q=",
              "company_url": "https://www.xing.com/companies/go?name=hUNDpEVrap5+mEZyBA2q6YgfFD48ciarAHzKeFs0n2Q=",
              "jobDuration": "3 Jahr, 4 Monat ",
              "jobDates": "10/2013 - 01/2017"
            },
            {
              "jobTitle": "aNaWtBuirEE9bkI2iEetrOR02Zb99XuwRvSq5qXKQvY=",
              "company": "IPNLvdV4ya/Luz/fYJJPli9Q8afzdiEpCAfx5n9Jj4XM=",
              "company_url": "https://www.xing.com/companies/go?name=drt3ZbDWokdXOIo7Tv7CAfABZFwVftvARbtLesSLp3U=",
              "jobDuration": "1 Jahr, 6 Monat ",
              "jobDates": "07/2011 - 12/2012"
            }
          ]
        }
      ],
      "languages": [
        {
        }
      ],
      "education": [
        {
          "institution": "3EYDtzcI7M1d530YvTUwIyDTgmNk9gk5sl7cmlD1aOk=",
          "url": "https://www.xing.com/search/members?keywords=ZI57TDtTD9c1h0gRgocIjiFQroNvq/gl6fUR8K7xXDg=",
          "degree": "Mechanical Engineering",
          "eduDuration": "06/2007 - 04/2011"
        }
      ]
    },
    {
      "profile": [
        {
          "sex": "m",
          "memberSince_Hits": "14. September 2013 / 2036",
          "currJobDescr": "dippgfLoz/LARY/RW5owSluted1PeI9h0+EHS4UYum4=",
          "jobs": [
            {
              "jobTitle": "dippgfLoz/LARY/RW5owSluted1PeI9h0+EHS4UYum4=",
              "company": "LNH067VoXsOi+rRVUiZGagiPetF9YfbPx31Z7kVtjKpw=",
              "company_url": "https://www.xing.com/companies/go?name=rMI/F7ufZK5iFy6QT9VZLEoA5Sbqu06sTFqhjCK+pBE=",
              "jobDuration": "6 Jahr, 1 Monat",
              "jobDates": "01/2011 - 01/2017"
            },
            {
              "jobTitle": "yHhuypiHCXGymhZ3SapZPNtdCSkAwyQzWoNZ3oOIxHc=",
              "company": "LNH067VoXsOi+rRVUiZGagiPetF9YfbPx31Z7kVtjKpw=",
              "company_url": "https://www.xing.com/companies/go?name=rMI/F7ufZK5iFy6QT9VZLEoA5Sbqu06sTFqhjCK+pBE=",
              "jobDuration": "4 Jahr, 9 Monat ",
              "jobDates": "04/2006 - 12/2010"
            },
            {
              "jobTitle": "zBpbcC9Cl2vqNvEuBMphJvB4HtviSmstcqQueZYYLAY=",
              "company": "TBmUbHNYofcxiWDZsYas9QomFS1OMTOHgGWJhd7bPZko=",
              "company_url": "https://www.xing.com/companies/go?name=7NeaU+cfUsMkIqbuEQ82qn7el5vhamzhgeJ+d0vSYeM=",
              "jobDuration": "1 Jahr, 1 Monat",
              "jobDates": "09/2004 - 09/2005"
            }
          ]
        }
      ],
      "languages": [
        {
        }
      ],
      "education": [
        {
          "institution": "3hulQgY4tt+sXnf8MSYvDRFP4prXaoDYlgTIwp4aYrg=",
          "url": "https://www.xing.com/search/members?keywords=ny69gPlLXN2yyMvuzIng8JYHS1aLOatETSVgJr4+nyQ=",
          "degree": "Maschinenbau, Diplom-Ingenieur",
          "eduDuration": "09/1999 - 06/2004"
        }
      ]
    },
    {
      "profile": [
        {
          "sex": "m",
          "memberSince_Hits": "28. März 2008 / 1273",
          "currJobDescr": "aIe8anRvO2/2BvuUduM+CR7VgO8xVJWqcQMdPG4V/3w=",
          "jobs": [
            {
              "jobTitle": "aIe8anRvO2/2BvuUduM+CR7VgO8xVJWqcQMdPG4V/3w=",
              "company": "SEZ0rMyjDYxYnjlK2AICJNnWQUm6/B0z9WvB3nGhsGYs=",
              "company_url": "https://www.xing.com/companies/go?name=zYzb027xRsnVWSafLVRSxUTBhzyLn9ew+livX5laX9A=",
              "jobDates": "bis heute"
            },
            {
              "jobTitle": "ABw5w4prAcbeXD2eGa3TNn04m+RjuRI/kk6cDkgnB+I=",
              "company": "SEZ0rMyjDYxYnjlK2AICJNnWQUm6/B0z9WvB3nGhsGYs=",
              "company_url": "https://www.xing.com/companies/go?name=zYzb027xRsnVWSafLVRSxUTBhzyLn9ew+livX5laX9A=",
              "jobDates": "2007 - 01/2017"
            },
            {
              "jobTitle": "BqZl3gIFRLlgY+04MUBTwCZVMxHN500vrxhu6x0/TO4=",
              "company": "IQkL8CSuolIye/OqVqEe2ZsvVv4JbvrcQ/2XDxc9eqpo=",
              "company_url": "https://www.xing.com/companies/go?name=eaWLYRyqcNTYqPKxiojrrfUvAOQF7lJH/SkDXSxO0C0=",
              "jobDates": "2005 - 2006"
            },
            {
              "jobTitle": "5633dMTDq6GDiX8T3PzAQyCL0cwuFLA3+FmZW9AM5lU=",
              "company": "LFKN5NV/jROnNln2detECVrvB3rI1Y0bEkN7L89FOGgk=",
              "company_url": "https://www.xing.com/companies/go?name=oFfrOWu94vxrBR6P/vMAcYqvAiMtgZH8uQk7qv6H97c=",
              "jobDates": "1998 - 2005"
            },
            {
              "jobTitle": "5633dMTDq6GDiX8T3PzAQyCL0cwuFLA3+FmZW9AM5lU=",
              "company": "Vs6XQa3CzQMvpjJ6QBDM/tkavjHavCOF3jGKzvGpPE78=",
              "company_url": "https://www.xing.com/companies/go?name=QAq05wAXHhIvYLe6iSOfoHLItm6/zWozDKg9Hoo1VeM=",
              "jobDates": "1997 - 2005"
            }
          ]
        }
      ],
      "languages": [
        {
        }
      ],
      "education": [
        {
          "institution": "NECehiApLrdS+OiPdcz5t5e05r5u2PAzwuz2SNRrrEI=",
          "url": "https://www.xing.com/search/members?keywords=NECehiApLrdS+OiPdcz5t5e05r5u2PAzwuz2SNRrrEI=",
          "degree": "Project Manager level D",
          "eduDuration": "2007 - 2007"
        },
        {
          "institution": "JAhVF7jXr/+ITZ0CIo2YlCphc5ZzCFfoHu8if9cpha4=",
          "url": "https://www.xing.com/search/members?keywords=FmWkZjDk0ewM9sbOKSBDgW0nmFBtkGUvzLwue+o+Thg=",
          "degree": "Master in Engineering & Contracting",
          "eduDuration": "2006 - 2007"
        },
        {
          "institution": "7kSvJB14G13knP2vnRVE5DeSTDT12V49FGmIe4ACUto=",
          "url": "https://www.xing.com/search/members?keywords=LlgA1vJlpQF2M5Mzlo13sq9VSE+yXk63FOz4HE0ZKbU=",
          "degree": "Blasting Insider",
          "eduDuration": "2004 - 2004"
        },
        {
          "institution": "Rpxq5zPqGe7XdafdO49KJPT2Pg7NNTkhmXxwt1/M1EE=",
          "url": "https://www.xing.com/search/members?keywords=rDY0igmPW3UoxW92yoes/Z/1CSSSvzT218EM3V3Rf0Q=",
          "eduDuration": "2004 - 2004"
        },
        {
          "institution": "Rpxq5zPqGe7XdafdO49KJPT2Pg7NNTkhmXxwt1/M1EE=",
          "url": "https://www.xing.com/search/members?keywords=rDY0igmPW3UoxW92yoes/Z/1CSSSvzT218EM3V3Rf0Q=",
          "degree": "Ingegneria civile indirizzo generale",
          "eduDuration": "1997 - 2005"
        }
      ]
    },
    {
      "profile": [
        {
          "sex": "m",
          "memberSince_Hits": "10. September 2016 / 74",
          "currJobDescr": "9jKph0a5dJRK8LeOC/brsjgPguAYOPb+MHg+MkeQT/g=",
          "jobs": [
            {
              "jobTitle": "9jKph0a5dJRK8LeOC/brsjgPguAYOPb+MHg+MkeQT/g=",
              "company": "Kk8Oe6p7VpLCDW7Spyng4Wenlebi5CRX9i1coTx9O75s=",
              "company_url": "https://www.xing.com/companies/go?name=QOQYviZuenbiiuYh9Boj/0bL07WbVw8mUK4MvLEidmo=",
              "jobDates": "bis heute"
            }
          ]
        }
      ],
      "languages": [
        {
        }
      ]
    },
    {
      "profile": [
        {
          "sex": "m",
          "memberSince_Hits": "30. Juli 2008 / 3057",
          "currJobDescr": "dpWqpbQWEYgNio9TBZw24usrz3UiRcP1D//JQo5uucs=",
          "jobs": [
            {
              "jobTitle": "dpWqpbQWEYgNio9TBZw24usrz3UiRcP1D//JQo5uucs=",
              "company": "GWpbu5XF6aqe/8g3zPUPRkWhTloYTeBn8zgdoxNISNkE=",
              "company_url": "https://www.xing.com/companies/go?name=pU0tJudwZBzp+JcTe7L1jAmazI8UgmyTHfwIIYlYPH8=",
              "jobDuration": "3 Monat ",
              "jobDates": "11/2016 - 01/2017"
            },
            {
              "jobTitle": "AoJa+MnTIekCuQixKmT4Q/3C6IZEVM+S3KE+Pwj5nM8=",
              "company": "CCuW3CTgbTEmFNcsPbA9e+gf1zo/+YNp1PMyVe3ZoDYg=",
              "company_url": "https://www.xing.com/companies/go?name=1K/ficrwH+uZPHjdujW6gvaz8WUpidY+ZlvrUIAlW4U=",
              "jobDuration": "6 Monat ",
              "jobDates": "05/2016 - 10/2016"
            },
            {
              "jobTitle": "l4YXl/Dc+pxmEpyT3j254LmV7l0948bs5t3fKdSo4Ew=",
              "company": "iQnGZPGk3R0/bjb/4uipA8Fy28I8z65jqfr2RLrqQGXo=",
              "company_url": "https://www.xing.com/companies/go?name=IvyAX2AFSguJzMmUom1kq7S7z6kshWoaTruXMCX6Png=",
              "jobDuration": "2 Jahre",
              "jobDates": "05/2014 - 04/2016"
            },
            {
              "jobTitle": "RTEoq0AEu4H+6l8PNLCYXXxkIXUBGBgpTquicrPKP6M=",
              "company": "DJ2urKGqgVFO9Ws9SfAnZNkP2+rU88g/MK6lASgEmg5Y=",
              "company_url": "https://www.xing.com/companies/go?name=/hCTTJy4LnVsY9TeTHAaIuPIL0LRDjegieGKrnatwRw=",
              "jobDuration": "10 Monat ",
              "jobDates": "07/2013 - 04/2014"
            },
            {
              "jobTitle": "eXCgn0C9v2WQzg0KdEQUp4dK8HTrngyZ9Y9rWK822nA=",
              "company": "RLB4/F9NunxfygyvcCK01B5YQPe55R/xaeLI29RFT8bc=",
              "company_url": "https://www.xing.com/companies/go?name=X/UFv7bqwF/xWBou1sD3uFHiFxSaBLyCUmv+OEp8988=",
              "jobDuration": "2 Jahr, 2 Monat ",
              "jobDates": "05/2011 - 06/2013"
            },
            {
              "jobTitle": "eXCgn0C9v2WQzg0KdEQUp4dK8HTrngyZ9Y9rWK822nA=",
              "company": "LNGPQf4iWGO0HKdZGm6Xwp2Kxdpwd8LIk9REtcrsL7j8=",
              "company_url": "https://www.xing.com/companies/go?name=2iY2Af7VzIAoxkanMPw0iJ3EnVJBxifYhCXhIqNHXVY=",
              "jobDuration": "1 Jahr, 5 Monat ",
              "jobDates": "11/2009 - 03/2011"
            },
            {
              "jobTitle": "l4YXl/Dc+pxmEpyT3j254LmV7l0948bs5t3fKdSo4Ew=",
              "company": "SaqDfk3zjA5w3RL535LX3lhbu6uVi6AS6tlYB2o+pqmI=",
              "company_url": "https://www.xing.com/companies/go?name=UuiNI02J00z6uZyDO//RgMBEt5kp4/cLbKhQP1wGoeA=",
              "jobDuration": "8 Jahr, 9 Monat ",
              "jobDates": "11/1999 - 07/2008"
            },
            {
              "jobTitle": "l4YXl/Dc+pxmEpyT3j254LmV7l0948bs5t3fKdSo4Ew=",
              "company": "PfovgFxndv3B7vTRw+7qsc7N4NzpVhUjUvFHg/IusQgQ=",
              "company_url": "https://www.xing.com/companies/go?name=9dMgXNrqW/LpeWdZh26NRn6d6Icl09GiVgo4hUiXydo=",
              "jobDuration": "5 Jahr, 8 Monat ",
              "jobDates": "09/1992 - 04/1998"
            }
          ]
        }
      ],
      "languages": [
        {
        }
      ],
      "education": [
        {
          "institution": "dNuts4yNZrQXUseTwkGag0+Bdcym/yDiToDplG9CGRE=",
          "url": "https://www.xing.com/search/members?keywords=KyAQhXE/DBqI5YD+rm8BkwPbEQ0S2c/eqlX1ubDMT50=",
          "degree": "LCCI Level 2, London Chamber of Commerce and Industry Level 2",
          "eduDuration": "05/2016 - 10/2016"
        },
        {
          "institution": "rSqc4ut1beODnScI56h8jI+uETVSJghU5TjwkIbNCVo=",
          "url": "https://www.xing.com/search/members?keywords=JLcIKNhjZwBiXL1Yl5jjsOSyoNYtK1p1y89kwpqhWlc=",
          "degree": "Business English",
          "eduDuration": "01/2014 - 04/2014"
        },
        {
          "institution": "3ozfF/1J80uXFIk5yP706crqes2sTKPXm7oppi0hmks=",
          "url": "https://www.xing.com/search/members?keywords=7is/8B5ULKjW9BagcrSSYkDZIwPKmKHQqutAaP4StYE=",
          "eduDuration": "05/2013 - 08/2013"
        },
        {
          "institution": "h85sWO8y/4tKDTXTy3w5xuQGXA08PjrNcMmtxXtWaV0=",
          "url": "https://www.xing.com/search/members?keywords=3jZIrvdB1nFYcgg36n37hERH8V2htfgJnoou0hYRBaU=",
          "eduDuration": "09/2009 - 09/2009"
        },
        {
          "institution": "V9GVbixCuzLVt3t5fB2e33IVOA9LSaA5ZH1l8MTH3jw=",
          "url": "https://www.xing.com/search/members?keywords=FO+tJ8KSVY6OvyLzAWRVCrD/Ti1kzKyQyMKNglVn4XE=",
          "eduDuration": "04/2009 - 08/2009"
        },
        {
          "institution": "y3Am6C2I8ahJ+5u2oSZ916/AuhDRbJqrTufMupi4jb4=",
          "url": "https://www.xing.com/search/members?keywords=OG32gybjqui552xJQ/HaXnIev03S5mbNQBlL7zQgp8Y=",
          "eduDuration": "04/1989 - 04/1990"
        }
      ]
    },
    {
      "profile": [
        {
          "sex": "m",
          "memberSince_Hits": "16. April 2010 / 3463",
          "currJobDescr": "wWkzaEVznyFaGIVZNdXIeOJijm/fqBKbRi9QDmOrc0k=",
          "jobs": [
            {
              "jobTitle": "wWkzaEVznyFaGIVZNdXIeOJijm/fqBKbRi9QDmOrc0k=",
              "company": "EmE7YOY3J4fYxQk7k87S+hpYVHFD293fGwaDZSpI8rU4=",
              "company_url": "https://www.xing.com/companies/go?name=Bi30CX07J/1iFqGxY4i8V/3ocvMAYNqWaTfBC+cmUDY=",
              "jobDuration": "3 Jahr, 6 Monat ",
              "jobDates": "08/2013 - 01/2017"
            },
            {
              "jobTitle": "VVrciN3AFasAIxZjrMgWWtoyjvyzGdNx/exUxaiikcI=",
              "company": "ExnjfuzPgHwknNqpBoO+d/WNA8+sX78sApZxl4p3pQqs=",
              "company_url": "https://www.xing.com/companies/go?name=BM6kZQ1B1cH3iltKwIrbucqw/PewBXe/LQ3J/hJ2p1k=",
              "jobDuration": "3 Jahre",
              "jobDates": "08/2010 - 07/2013"
            },
            {
              "jobTitle": "olCAlNpXX16ZSwsjFleFUnVsYsQRW3aGgxfB1jLtTqA=",
              "company": "E95eRQObxKhUWzuI41sbeENIwqnBChAqUoSTGY3CzDnQ=",
              "company_url": "https://www.xing.com/companies/go?name=NnIuoVkpFQpIkvQfOR/qHbunC9MqyZsdDIV4Cvgi+N8=",
              "jobDuration": "3 Monat ",
              "jobDates": "07/2009 - 09/2009"
            },
            {
              "jobTitle": "olCAlNpXX16ZSwsjFleFUnVsYsQRW3aGgxfB1jLtTqA=",
              "company": "E95eRQObxKhUWzuI41sbeENIwqnBChAqUoSTGY3CzDnQ=",
              "company_url": "https://www.xing.com/companies/go?name=NnIuoVkpFQpIkvQfOR/qHbunC9MqyZsdDIV4Cvgi+N8=",
              "jobDuration": "3 Monat ",
              "jobDates": "07/2008 - 09/2008"
            },
            {
              "jobTitle": "YOZmbMPbigAIfkvXMouek88yLYxXaDUJ+uaKjRfd8pk=",
              "company": "E95eRQObxKhUWzuI41sbeENIwqnBChAqUoSTGY3CzDnQ=",
              "company_url": "https://www.xing.com/companies/go?name=NnIuoVkpFQpIkvQfOR/qHbunC9MqyZsdDIV4Cvgi+N8=",
              "jobDuration": "4 Monat ",
              "jobDates": "07/2007 - 10/2007"
            }
          ]
        }
      ],
      "languages": [
        {
        }
      ],
      "education": [
        {
          "institution": "434bo/pTZ83/XJNgSIfnk8jiy3YL6kF9LjGeu4/xL9E=",
          "url": "https://www.xing.com/search/members?keywords=jWVkJNX87tMN7QRg2HyY0MXpduMmnGixu+BNzk+JIbk=",
          "degree": "Bau- und Immobilienmanagement, Master of Arts",
          "eduDuration": "09/2008 - 07/2010"
        },
        {
          "institution": "434bo/pTZ83/XJNgSIfnk8jiy3YL6kF9LjGeu4/xL9E=",
          "url": "https://www.xing.com/search/members?keywords=jWVkJNX87tMN7QRg2HyY0MXpduMmnGixu+BNzk+JIbk=",
          "degree": "Bauingenieurwesen, Bachelor of Engineering",
          "eduDuration": "09/2005 - 08/2008"
        }
      ]
    },
    {
      "profile": [
        {
          "sex": "m",
          "memberSince_Hits": "8. Januar 2017 / 3",
          "currJobDescr": "9jKph0a5dJRK8LeOC/brsjgPguAYOPb+MHg+MkeQT/g=",
          "jobs": [
            {
              "jobTitle": "9jKph0a5dJRK8LeOC/brsjgPguAYOPb+MHg+MkeQT/g=",
              "company": "B+4svazfW5uLRckUeiyWvV5r5DsvjwnDkXodNecAq+Ow=",
              "company_url": "https://www.xing.com/companies/go?name=v77eBN70kJymRH5mUgJVdIHDEePwvKCnEi9pl/9+UKg=",
              "jobDates": "bis heute"
            },
            {
              "jobTitle": "L7G58maAsccsTbcfjKHiVGjaIy4S99t/71Hv7zlTQxA=",
              "company": "B+4svazfW5uLRckUeiyWvV5r5DsvjwnDkXodNecAq+Ow=",
              "company_url": "https://www.xing.com/companies/go?name=v77eBN70kJymRH5mUgJVdIHDEePwvKCnEi9pl/9+UKg=",
              "jobDuration": "1 Jahr, 4 Monat ",
              "jobDates": "12/2014 - 03/2016"
            },
            {
              "jobTitle": "L7G58maAsccsTbcfjKHiVGjaIy4S99t/71Hv7zlTQxA=",
              "company": "Sk/lf9ku9nroNhQG8KpvMtBR2RAc2f3QMcW+6+AXQdA8=",
              "company_url": "https://www.xing.com/companies/go?name=zfLXzgnKabYOcYTf6ABv6MBC/dghIccayRLWRa5hIeA=",
              "jobDuration": "1 Jahr, 4 Monat ",
              "jobDates": "09/2013 - 12/2014"
            },
            {
              "jobTitle": "L7G58maAsccsTbcfjKHiVGjaIy4S99t/71Hv7zlTQxA=",
              "company": "Sk/lf9ku9nroNhQG8KpvMtBR2RAc2f3QMcW+6+AXQdA8=",
              "company_url": "https://www.xing.com/companies/go?name=zfLXzgnKabYOcYTf6ABv6MBC/dghIccayRLWRa5hIeA=",
              "jobDuration": "1 Jahr, 4 Monat ",
              "jobDates": "09/2013 - 12/2014"
            }
          ]
        }
      ],
      "languages": [
        {
        }
      ],
      "education": [
        {
          "institution": "dD3SKWED33EfsYpOLhk92dgBrGD/GlvSTlLV+RHT1a8=",
          "url": "https://www.xing.com/search/members?keywords=M5JrWI0ucO8fXsmlJObkmg2M48Y0DExFgrRjbuqekm8=",
          "degree": "Construction Engineering, Bachelor",
          "eduDuration": "03/2006 - 12/2011"
        }
      ]
    },
    {
      "profile": [
        {
          "sex": "m",
          "memberSince_Hits": "15. Januar 2010 / 732",
          "currJobDescr": "/pCD6uhVZATopQQTDupcW615yC/xGxpMx69FErjGZM0=",
          "jobs": [
            {
              "jobTitle": "/pCD6uhVZATopQQTDupcW615yC/xGxpMx69FErjGZM0=",
              "company": "B+tp3ePEjDSmZaaNtmRjIJTpkkTom+DSXVYDyAUxxpSQ=",
              "company_url": "https://www.xing.com/companies/go?name=2OX8ufPVZ2M2O3U3/ag6HyFw7lhj2IW07rT5y34IAb4=",
              "jobDuration": "8 Jahr, 3 Monat ",
              "jobDates": "11/2008 - 01/2017"
            },
            {
              "jobTitle": "fY1TLgtv0f6FuUJyz9Os4PMmnu38fcIdbv+Gq5+p7+E=",
              "company": "B4pBmwB2ckWbBqCXWgFVgLS5Q0/hPSXf9yKtvWBUg45s=",
              "company_url": "https://www.xing.com/companies/go?name=XZa+mcmTbdf++TEjLDuSUnGEyM4PzjkRMO48NVQPAEg=",
              "jobDuration": "7 Monat ",
              "jobDates": "04/2008 - 10/2008"
            },
            {
              "jobTitle": "yNVcP3NNby45K4RZQzFh913yeSyo3aD7/jIAIXkpDY0=",
              "company": "RHM8mTvphmiFid52EsTUxikOGJ0Y0yJEbhQCmlq5XUSQ=",
              "company_url": "https://www.xing.com/companies/go?name=Mg/5tLxdcZqNxhVzPN8FsDcveVhDSwLW3lY6H7qEfsU=",
              "jobDuration": "1 Monat",
              "jobDates": "02/2008 - 02/2008"
            },
            {
              "jobTitle": "zru3tH1e2pU/eSE5X1tZhdyVlLIxL8MAW0l45YiDSy0=",
              "company": "HowXe6L4wUa4FIt692Ij5RiBBbkbXgVYW4KewaG4VPZQ=",
              "company_url": "https://www.xing.com/companies/go?name=cdTKx/NvFNKagivsbRd1ayRHQvKsVpXMfMatpcfGPME=",
              "jobDuration": "2 Monat ",
              "jobDates": "01/2007 - 02/2007"
            },
            {
              "jobTitle": "zru3tH1e2pU/eSE5X1tZhdyVlLIxL8MAW0l45YiDSy0=",
              "company": "BSyLdwSs5mXfiT7tvXtpt4aiqemlLMfjotIBFTdzwLc0=",
              "company_url": "https://www.xing.com/companies/go?name=1rLy/SBYvdjxsfixb1w/tmrgr62LWeVRZXFOAHVmd/U=",
              "jobDuration": "1 Jahr, 5 Monat ",
              "jobDates": "04/2005 - 08/2006"
            }
          ]
        }
      ],
      "languages": [
        {
        }
      ]
    },
    {
      "profile": [
        {
          "sex": "m",
          "memberSince_Hits": "6. Januar 2017 / 3",
          "currJobDescr": "9jKph0a5dJRK8LeOC/brsjgPguAYOPb+MHg+MkeQT/g=",
          "jobs": [
            {
              "jobTitle": "9jKph0a5dJRK8LeOC/brsjgPguAYOPb+MHg+MkeQT/g=",
              "company": "stksdbODQj3ebXkEjIL/MxuE0M+cROWDi4egqWObeKzk=",
              "company_url": "https://www.xing.com/companies/go?name=wuJoJrjTWBaCaNe98lWW2WbIvoJA5j1tC0kbvZED5Gg=",
              "jobDates": "bis heute"
            }
          ]
        }
      ],
      "languages": [
        {
        }
      ],
      "education": [
        {
          "institution": "5H+WUh1FAwMUbX+mMBs6c56IUyAzzKqpw7SB1/o+dRY=",
          "url": "https://www.xing.com/search/members?keywords=xxSpVLfXa9WhF7fNdqdLX2SmPjFbWgFOUxU3Dkw7pO0=",
          "degree": "Construction engineering, Master's Degree"
        }
      ]
    },
    {
      "profile": [
        {
          "sex": "m",
          "memberSince_Hits": "2. Mai 2016 / 112",
          "currJobDescr": "9jKph0a5dJRK8LeOC/brsjgPguAYOPb+MHg+MkeQT/g=",
          "jobs": [
            {
              "jobTitle": "9jKph0a5dJRK8LeOC/brsjgPguAYOPb+MHg+MkeQT/g=",
              "company": "SoZhFaknOAeADrIjx+pOnESxEnCiy4hkcMjNar/sfBu0=",
              "company_url": "https://www.xing.com/companies/go?name=8WOmmj8B+nK5bHbyXd8KL3838Xs3jPaF+iDZnhY7CmU=",
              "jobDates": "bis heute"
            },
            {
              "jobTitle": "ZFzC/IuRg0C3Ho3eoz5X04mt2+fB9N1VybkyTKIh/QE=",
              "company": "SoZhFaknOAeADrIjx+pOnESxEnCiy4hkcMjNar/sfBu0=",
              "company_url": "https://www.xing.com/companies/go?name=8WOmmj8B+nK5bHbyXd8KL3838Xs3jPaF+iDZnhY7CmU=",
              "jobDuration": "1 Jahr",
              "jobDates": "09/2014 - 08/2015"
            },
            {
              "jobTitle": "YHUJGG/mYPQZRzl6m+cXUlL0Y4DxYYdGFSrw19eqvlo=",
              "company": "S3Ad3Azq0fws4SmGmo1oSXAGvZxoaJgvP1U0dE7ScYrE=",
              "company_url": "https://www.xing.com/companies/go?name=1aW6QPw+HpYmqU8gUPbwstsEh8eyGY9BJag/DNm9AIw=",
              "jobDuration": "3 Jahr, 2 Monat ",
              "jobDates": "08/2011 - 09/2014"
            }
          ]
        }
      ],
      "languages": [
        {
        }
      ],
      "education": [
        {
          "institution": "zHLUH10OdFbFlklz4us1v2G3CTggKsADl9pnSvgqduk=",
          "url": "https://www.xing.com/search/members?keywords=fWVyVd64K5TOQJ13g4OMcO2qT3E+Px97V1WNIcaGRrY=",
          "degree": "Industriemechaniker, IHK-Ausbildung",
          "eduDuration": "09/2011 - 08/2014"
        },
        {
          "institution": "1ZR9nmsqIKoXii7uVsCu65dQjIEYq+LFPHYg0n9ZXtI=",
          "url": "https://www.xing.com/search/members?keywords=lDTS01HW0kz/vvNhLs9SxcwmSOfeKI7U8fhLyDWYYCo=",
          "degree": "Maschinenbau-Produktionstecchnik, Bachelor of Engineering",
          "eduDuration": "09/2011 - 10/2015"
        }
      ]
    },
    {
      "profile": [
        {
          "sex": "m",
          "memberSince_Hits": "27. Oktober 2016 / 24",
          "currJobDescr": "9jKph0a5dJRK8LeOC/brsjgPguAYOPb+MHg+MkeQT/g=",
          "jobs": [
            {
              "jobTitle": "9jKph0a5dJRK8LeOC/brsjgPguAYOPb+MHg+MkeQT/g=",
              "company": "Au7kBcH/YsqbJuEXfW9VHjrunb17PjT4o2tUJkMTQsCE=",
              "company_url": "https://www.xing.com/companies/go?name=+wP2akY4/K8CRjfzFzbKL5zVvsv1fuf+KkRDCGNqqwo=",
              "jobDates": "bis heute"
            }
          ]
        }
      ],
      "education": [
        {
          "institution": "CowBlsF4uJrzLlJR+06YxVVDBaNtCys5LSdQrDWP96A=",
          "url": "https://www.xing.com/search/members?keywords=D0p06tFroTAGatEt59RxuvawzvRvXhSJGUZV1z94Qzg=",
          "degree": "Construction engineering, Engineer",
          "eduDuration": "10/2002 - 10/2007"
        }
      ]
    },
    {
      "profile": [
        {
          "sex": "m",
          "memberSince_Hits": "3. März 2013 / 635",
          "currJobDescr": "9jKph0a5dJRK8LeOC/brsjgPguAYOPb+MHg+MkeQT/g=",
          "jobs": [
            {
              "jobTitle": "9jKph0a5dJRK8LeOC/brsjgPguAYOPb+MHg+MkeQT/g=",
              "company": "CrR/g9BouqbkPpakGCT44JkPinfEdQK76pce5ffBnnDk=",
              "company_url": "https://www.xing.com/companies/go?name=hbpVnljdWhmW/jyWLh/r9lfRF4zhaLfysaNHTLr1fGM=",
              "jobDates": "bis heute"
            }
          ]
        }
      ],
      "languages": [
        {
        }
      ]
    },
    {
      "profile": [
        {
          "sex": "m",
          "memberSince_Hits": "12. Januar 2012 / 842",
          "currJobDescr": "9jKph0a5dJRK8LeOC/brsjgPguAYOPb+MHg+MkeQT/g=",
          "jobs": [
            {
              "jobTitle": "9jKph0a5dJRK8LeOC/brsjgPguAYOPb+MHg+MkeQT/g=",
              "company": "KzG1uA5B474uVQP8SRO8ERSDAKCW8HxCFvbtrgXtAY8M=",
              "company_url": "https://www.xing.com/companies/go?name=3Ghk6vyQpVQJeLjb+pVEatXuTdb9pNb0Tw+9AM4JhR4=",
              "jobDates": "bis heute"
            },
            {
              "jobTitle": "OX4ytlo1eCGMTRx3SQk3nlDUAvMszH/8n0zi7CjoCK8=",
              "company": "Ck0e6j/WVEnsxLPYGmivyv5A5xG1ltdf2SqlJCUIXEmA=",
              "company_url": "https://www.xing.com/companies/go?name=02i2ZRyM2zUn/qdu8Ge9PWdF3n0jX5dy4XZcdDdmHak="
            }
          ]
        }
      ],
      "languages": [
        {
        }
      ]
    },
    {
      "profile": [
        {
          "sex": "m",
          "memberSince_Hits": "4. August 2015 / 143",
          "currJobDescr": "9jKph0a5dJRK8LeOC/brsjgPguAYOPb+MHg+MkeQT/g=",
          "jobs": [
            {
              "jobTitle": "9jKph0a5dJRK8LeOC/brsjgPguAYOPb+MHg+MkeQT/g=",
              "company": "Y0jewgLI0PZukcPz67/JMzTR4WvO6y38tzgqhv4e6Fa0=",
              "company_url": "https://www.xing.com/companies/go?name=9miqjViW52UqrBsqT9LUlD+1eiI4YLa1ShOPboF/KXQ=",
              "jobDuration": "6 Jahr, 1 Monat",
              "jobDates": "01/2011 - 01/2017"
            }
          ]
        }
      ],
      "languages": [
        {
        }
      ],
      "education": [
        {
          "institution": "lZJ2BcSZEQ/vF9lvEGHTRmhCYh9MA+CP1ykeIeyE3is=",
          "url": "https://www.xing.com/search/members?keywords=08sLO0lXiSA8xnB8f31EiltpZu+bMLmNDPjq9a+Ex2c=",
          "degree": "İnşaat Mühendisliği",
          "eduDuration": "12/1996 - 10/2000"
        }
      ]
    }
  ]
}
