{
  "category": "Marketing Associate",
  "dominantSexXing": "",
  "profiles": [
    {
      "profile": [
        {
          "sex": "m",
          "memberSince_Hits": "24. September 2007 / 3981",
          "currJobDescr": "lAK7CMaHQ7htYWCw94EbXK2AvxPPj3+D1JqERiNIem4=",
          "jobs": [
            {
              "jobTitle": "lAK7CMaHQ7htYWCw94EbXK2AvxPPj3+D1JqERiNIem4=",
              "company": "RPIRXDboP8lErV+AXa/nRNZFzoostlp+qWZCHbXgckC4=",
              "company_url": "https://www.xing.com/companies/go?name=mgRKYr8HfCM+Ba/x+MANgC7XzbtYeO0g7yj6FAF+R88=",
              "jobDuration": "1 Jahr, 2 Monat ",
              "jobDates": "12/2015 - 01/2017"
            },
            {
              "jobTitle": "vLzaYQEUEpwxnl85MmEJCI5C5vIuzMemwj4HvZ9NKDo=",
              "company": "fsx8zf31xgVa4S3lSTRnHZwkgnAXxqtKq99eUgT1Ydpw=",
              "company_url": "https://www.xing.com/companies/go?name=IiMlel3RWwmn+MlrDxgrTk7Hat1Mv6Z/8W6hHeC5jF4=",
              "jobDuration": "1 Monat",
              "jobDates": "01/2017 - 01/2017"
            },
            {
              "jobTitle": "e7nWe34GVEc0aFK1crwxvWEIxc4pyGCMqy1cX9IsD3Y=",
              "company": "RPIRXDboP8lErV+AXa/nRNZFzoostlp+qWZCHbXgckC4=",
              "company_url": "https://www.xing.com/companies/go?name=mgRKYr8HfCM+Ba/x+MANgC7XzbtYeO0g7yj6FAF+R88=",
              "jobDuration": "3 Jahr, 11 Monat ",
              "jobDates": "01/2012 - 11/2015"
            },
            {
              "jobTitle": "faJ+A5ib+q2tMAfJwF0boSb/iUg4fy1HHlvLrU/d/a4=",
              "company": "RPIRXDboP8lErV+AXa/nRNZFzoostlp+qWZCHbXgckC4=",
              "company_url": "https://www.xing.com/companies/go?name=mgRKYr8HfCM+Ba/x+MANgC7XzbtYeO0g7yj6FAF+R88=",
              "jobDuration": "1 Jahr, 9 Monat ",
              "jobDates": "04/2010 - 12/2011"
            },
            {
              "jobTitle": "m2+cw3SFFmt3zbJnmP5zUPgS3rsy8Dn3I0E6M79fO7Y=",
              "company": "T1BbarF22K5hBD4wyudMKd2ejBfXiQa/oXvRbaVBpRj8=",
              "company_url": "https://www.xing.com/companies/go?name=YhlOCpqPXtAtID54sKE/4EqJE1bgJsnJnuSd1J7b6mE=",
              "jobDuration": "6 Jahr, 4 Monat ",
              "jobDates": "01/2004 - 04/2010"
            },
            {
              "jobTitle": "YOZmbMPbigAIfkvXMouek88yLYxXaDUJ+uaKjRfd8pk=",
              "company": "mH2cZJ4hlcDgbP6mIOl+zU2VR5pntZhzYR4CmFM/6PY8=",
              "company_url": "https://www.xing.com/companies/go?name=cqHD3BV4Ha8ZlPeqpBUcUj6X3NlbWzUTeHUSsrhDrTQ=",
              "jobDuration": "3 Monat ",
              "jobDates": "11/2009 - 01/2010"
            },
            {
              "jobTitle": "hxXwG1OzilfKbQZ4GEW8quda9ij9kr+UPELqzoXIIwo=",
              "company": "BcJDOxlRYmp3dX2iK8eCWQiP917Qof8xmeCpfkfY4E/k=",
              "company_url": "https://www.xing.com/companies/go?name=PCMM5moN0Apg9dLgfq9iBB4fGM67CUYOaYfQ5kk0/wY=",
              "jobDuration": "4 Jahr, 2 Monat ",
              "jobDates": "12/2004 - 01/2009"
            },
            {
              "jobTitle": "+Uvecp/r163l43GmTGPWaXPzsBfM5/XlLadE/ZMy49E=",
              "company": "Hb/pGxQ2vqSH3hzkqfg0NwbD8tZMsVH0nxFLIsJS4eJQ=",
              "company_url": "https://www.xing.com/companies/go?name=3Ku+KiBPbNcttUewzTIg7pPj34VIVZJmxsCo1u3xqR4=",
              "jobDuration": "3 Monat ",
              "jobDates": "07/2002 - 09/2002"
            },
            {
              "jobTitle": "+Uvecp/r163l43GmTGPWaXPzsBfM5/XlLadE/ZMy49E=",
              "company": "Hb/pGxQ2vqSH3hzkqfg0NwbD8tZMsVH0nxFLIsJS4eJQ=",
              "company_url": "https://www.xing.com/companies/go?name=3Ku+KiBPbNcttUewzTIg7pPj34VIVZJmxsCo1u3xqR4=",
              "jobDuration": "3 Monat ",
              "jobDates": "07/2001 - 09/2001"
            },
            {
              "jobTitle": "+Uvecp/r163l43GmTGPWaXPzsBfM5/XlLadE/ZMy49E=",
              "company": "Hb/pGxQ2vqSH3hzkqfg0NwbD8tZMsVH0nxFLIsJS4eJQ=",
              "company_url": "https://www.xing.com/companies/go?name=3Ku+KiBPbNcttUewzTIg7pPj34VIVZJmxsCo1u3xqR4=",
              "jobDuration": "7 Monat ",
              "jobDates": "03/2000 - 09/2000"
            },
            {
              "jobTitle": "NaCAZsRI9V3/CY4XYr9EBowExd8NEnw+ZF4MdEqKs4k=",
              "company": "IE59lpeVOb6bluTp4vsaCzNMSxlUqhjIrgzWCWACP3YE=",
              "company_url": "https://www.xing.com/companies/go?name=RFlmVcKtGl0Gzkk4btpHjYEyyW19GSw7RopnY0RXD0c=",
              "jobDuration": "2 Jahr, 6 Monat ",
              "jobDates": "09/1997 - 02/2000"
            }
          ]
        }
      ],
      "languages": [
        {
        }
      ],
      "education": [
        {
          "institution": "k8RNfXlreYVkI/4+6jEeT9RY61li73qHEoRCZoXmfso=",
          "url": "https://www.xing.com/search/members?keywords=ev9ScY8wZba9aAwxX7f/v5qUUcw5Nx1jrYcb93IfcD0=",
          "degree": "Politische Wissenschaft, Dr.phil.",
          "eduDuration": "04/2010 - 01/2015"
        },
        {
          "institution": "h0E56kuMbR3rOKg5Vo+kb4qjt6ma6fsqPUmcsNDFdX0=",
          "url": "https://www.xing.com/search/members?keywords=qSRpxvl0cWhme32qBU6NhKnnDkxn4MgiQy954wC+O60=",
          "degree": "Politische Wissenschaft, Dipl.sc.pol.Univ.",
          "eduDuration": "10/2005 - 07/2009"
        }
      ],
      "awards": [
        {
        }
      ]
    },
    {
      "profile": [
        {
          "sex": "f",
          "memberSince_Hits": "26. Juni 2010 / 1175",
          "currJobDescr": "bXFnV1B47cebiQTOaoK5DGy68EeUiGkKxkQPfw1+eV4=",
          "jobs": [
            {
              "jobTitle": "bXFnV1B47cebiQTOaoK5DGy68EeUiGkKxkQPfw1+eV4=",
              "company": "CNUIItCYCxCoJohnJeARX1TUuh5xYgWUSvlzhn0wSzbw=",
              "company_url": "https://www.xing.com/companies/go?name=nOXW91o//YVhmUM8a1/fOWfd/2coZVk371bbJcdBkG8=",
              "jobDuration": "7 Monat ",
              "jobDates": "07/2016 - 01/2017"
            },
            {
              "jobTitle": "3Mo9LZp5XuaB9LXovzNnZQ9q9/yEtdyCRGBbNif5lrY=",
              "company": "T4bW910uFajtbPiWGPZB/Ay2kI2Nbe928OwP1GhQs3y4=",
              "company_url": "https://www.xing.com/companies/go?name=KqPepmVrILbfEOc8iNPdS2fOA0GG2XgTgwQMsCmT80Y=",
              "jobDuration": "2 Jahr, 1 Monat",
              "jobDates": "01/2015 - 01/2017"
            },
            {
              "jobTitle": "QvTNSt5KVLI5d6+gzl9YELuPZOQLsDp6WmEMX8jnjSg=",
              "company": "ETv1JtK9GOLbVcBrZnpg0y7aAydCtj4gn/M5mGRcDE9k=",
              "company_url": "https://www.xing.com/companies/go?name=9RbumA6qdFijpfddBPGm9gA/eoAUYB0YbPGd/ZfdfDk=",
              "jobDuration": "6 Monat ",
              "jobDates": "01/2016 - 06/2016"
            },
            {
              "jobTitle": "nqMJQ3jqUrpEBUZLi0xrGxPQcTAZgGWAmf9jYsjURo8=",
              "company": "S2YA3hOlORcUFpgx+FPXaD3/WdhBx32TkDNCudDIgdWM=",
              "company_url": "https://www.xing.com/companies/go?name=/Y16PIVUswZ73qNdHV7xEPJw2gEmdTR0jPlghrrtg+U=",
              "jobDuration": "5 Monat ",
              "jobDates": "03/2015 - 07/2015"
            },
            {
              "jobTitle": "DCKrRzIgtxoEDNqlhYvWIYsfI74+DxAj6pXi/gZKofg=",
              "company": "aXlPxYW9uAFAYszcPw0wE7+zAKLCkfuPfMnLAi59HJXQ=",
              "company_url": "https://www.xing.com/companies/go?name=1pvTJwcPo83xEvH3axr6n2hvG7I+pX+I7Tkx/WC20vk=",
              "jobDuration": "3 Monat ",
              "jobDates": "07/2014 - 09/2014"
            },
            {
              "jobTitle": "/JkHCga/8QlM3qVbn463KSqnhm/k7XvalHLcplydaW0=",
              "company": "Lid+odwbWtRVZZtejWf6fhDuOQX6ZR2bsPt0/rMdKRUo=",
              "company_url": "https://www.xing.com/companies/go?name=7BaLcnKO29o6WFayNzBtsHRCd9RvhueI/phh1A89PmA=",
              "jobDuration": "1 Jahr, 5 Monat ",
              "jobDates": "02/2011 - 06/2012"
            },
            {
              "jobTitle": "rjRkjoW7ne7pIookh9PnMU8PDdBjxnGMMFMa5x87hC0=",
              "company": "C81Xl+DoU9YD3UxTvMtQ6PYrV/72cOyNogJ+ztXChndM=",
              "company_url": "https://www.xing.com/companies/go?name=1iuW6j9Aoyc2Qb8j5EF1pk4aQkAE/zFWWxL0TZQPr5k=",
              "jobDuration": "6 Monat ",
              "jobDates": "09/2011 - 02/2012"
            },
            {
              "jobTitle": "+b3Cm22NVDp/sFFiEEmoD7G+xos/b6eEh4gvnDQHphM=",
              "company": "GsNz6GsTXL1RIXGnhw/8XnN54AC70Yfhd8+JH+QOHdfI=",
              "company_url": "https://www.xing.com/companies/go?name=IjQkW7JoF3NRYVaWfuWniCFouRezuboAie1rzkr+mjo=",
              "jobDuration": "3 Monat ",
              "jobDates": "04/2010 - 06/2010"
            },
            {
              "jobTitle": "380q7i+/kVd+iStkmSiDSw3EpO66s2l6DyNsgrFQ7dc=",
              "company": "SQmBvG7g0Gr+sLGSk/AwGh+P7rbINtgzCZpAO0HDEcAc=",
              "company_url": "https://www.xing.com/companies/go?name=KcA1q3I//BSrNDL/i5ge1/czSq+0oHRtK0vTFedPWzo=",
              "jobDuration": "2 Jahr, 1 Monat",
              "jobDates": "01/2008 - 01/2010"
            }
          ]
        }
      ],
      "languages": [
        {
        }
      ],
      "education": [
        {
          "institution": "RISAv0vVaisaLIwQgYdPT8W1WL51rfv8Eefbk8a/muA=",
          "url": "https://www.xing.com/search/members?keywords=CkB/hRSpmWRQzKfBOkbXME/lqvbUTXU2D8Np7nqdaHM=",
          "degree": "Marketing Management, Master of Science",
          "eduDuration": "01/2015 - 06/2015"
        },
        {
          "institution": "dSW0QSVXLd5ggwUPZ8isE0kCcbpW7Xf+DDuhemHdbq8=",
          "url": "https://www.xing.com/search/members?keywords=b4VRGsLUapZuTbpW/rW4cxkSy5miPJ+PGes79ud7UHk=",
          "degree": "Marketing Management, Master of Science",
          "eduDuration": "09/2013 - 07/2015"
        },
        {
          "institution": "7+i6Vw1SP2/f2Hvs6P+Kq/sbQ0xEESK5GdwHOPyAFFU=",
          "url": "https://www.xing.com/search/members?keywords=4PScn56J+H87v2FOQaK9ceXYjb8ByAjJiY1Unz5NlNQ=",
          "degree": "International Business",
          "eduDuration": "09/2012 - 12/2012"
        },
        {
          "institution": "aKZGXZCqsV1RKYA/hoxKxOT3D8lXrx6kBc+pR10tVcA=",
          "url": "https://www.xing.com/search/members?keywords=F4lJvKi44el6BjV3gN56ArCmYIoUHZLtvfRw6Tn81Ww=",
          "degree": "Kulturwissenschaften & BWL",
          "eduDuration": "10/2010 - 06/2013"
        }
      ],
      "awards": [
        {
        }
      ]
    },
    {
      "profile": [
        {
          "sex": "m",
          "memberSince_Hits": "15. November 2012 / 1009",
          "currJobDescr": "8PlqfP6myYHlH64Ax9W7V+apDR5bZIz0C6pSaZ8m9As=",
          "jobs": [
            {
              "jobTitle": "8PlqfP6myYHlH64Ax9W7V+apDR5bZIz0C6pSaZ8m9As=",
              "company": "DmYvXnQ3Q6EsoT5teDkdzSF2MeawrS+h77ZoU+FkS1eg=",
              "company_url": "https://www.xing.com/companies/go?name=Wt7lY9C0qyB+Tm8wFDv/SjKHCmw4V+vVP+bOHukASe0=",
              "jobDuration": "4 Jahr, 8 Monat ",
              "jobDates": "06/2012 - 01/2017"
            },
            {
              "jobTitle": "IoCHciuuf1hXRC4rPAWcxwEvGXFdZ3I4lRwCCgRzXeA=",
              "company": "stKjykq3hs66rViJBs8dgEXfReSSs6Be0GOwzFh/R6F0=",
              "company_url": "https://www.xing.com/companies/go?name=XcjDCb976fHgIKPFXWdpoqh0y6ZBVlylII1cFjsbUOI=",
              "jobDuration": "11 Monat ",
              "jobDates": "01/2012 - 11/2012"
            }
          ]
        }
      ],
      "languages": [
        {
        }
      ],
      "education": [
        {
          "institution": "80e49zuvcdMmk+ynMygal3UKevRutbo58/t36BCQvrQ=",
          "url": "https://www.xing.com/search/members?keywords=ORnzVecPBJIxL9G7nk+0WP4+8lMVZjp43kZD2zVdFm4=",
          "degree": "Literature, Bachelor of Hon's",
          "eduDuration": "01/2003 - 12/2010"
        }
      ]
    },
    {
      "profile": [
        {
          "sex": "f",
          "memberSince_Hits": "16. September 2011 / 2976",
          "currJobDescr": "G6DXAEVkk7jA2MdmTHOed9nGP9rxhuyDY3H8R7fw60w=",
          "jobs": [
            {
              "jobTitle": "G6DXAEVkk7jA2MdmTHOed9nGP9rxhuyDY3H8R7fw60w=",
              "company": "RfRNgo84JAlQgKlQF2UPTI7i7AcvzhvV7Wr2gTFcjBew=",
              "company_url": "https://www.xing.com/companies/go?name=nkY8T2J6/d5NnBo5/+KSpGB/Qxat6NCdOW1N2RzQ75Y=",
              "jobDuration": "1 Jahr, 1 Monat",
              "jobDates": "01/2016 - 01/2017"
            },
            {
              "jobTitle": "IsZPU7PWHyg0jbFrzmIyOg1B1qtbLVO8/7IFsY1XRnM=",
              "company": "WaT2jNrJ0kscGnrbzu2ygPQH2Ia76Ilvx2MfFpndJOlc=",
              "company_url": "https://www.xing.com/companies/go?name=zof6XaD9wfDCPiiWORVOe8k/LFwHOFZAauTsiGA9Rkw=",
              "jobDuration": "1 Jahr, 4 Monat ",
              "jobDates": "09/2014 - 12/2015"
            },
            {
              "jobTitle": "xbWpholhP8N+Wf26amJh/XcI43jOosbzQwEFq4Mem+w=",
              "company": "SbRXqH1Mv3zGjbWIf404C4WmFQ35wZ6tmST0dcOtjqJk=",
              "company_url": "https://www.xing.com/companies/go?name=alcLR9vstophfswFS/KIsICgirw2KXlCWrygr45oXOg=",
              "jobDuration": "6 Monat ",
              "jobDates": "04/2014 - 09/2014"
            },
            {
              "jobTitle": "+zEszI6ZeE0FSbaBR4YpWsKHnxgt47K6ZFgf8xn9uAk=",
              "company": "G9Hk/gKiQpd8eITiqcJl0J8NL5hY4XPwHTdnv0rnpamA=",
              "company_url": "https://www.xing.com/companies/go?name=IE2qN3IEbdrwmgf2A0zzFEO6Hf5D0EFvW8vudNwCP+A=",
              "jobDuration": "1 Jahr, 2 Monat ",
              "jobDates": "03/2013 - 04/2014"
            },
            {
              "jobTitle": "fkkfYvV8p7gapNR0VR9YNqR4A/i78gxrCNqGyAOwPL8=",
              "company": "SYHlTgLtLb+v5hlQpysRDZ1unerIUqyS99SPeW+4//+0=",
              "company_url": "https://www.xing.com/companies/go?name=46v+6Hvf5cWAxHMzEcB4MDtAmBQVq9c2XcG8t+DvISI=",
              "jobDuration": "7 Monat ",
              "jobDates": "09/2012 - 03/2013"
            },
            {
              "jobTitle": "02hOISah6n1uSw+UsmT2BgZSMVvo3j+IBSMnPBWGGno=",
              "company": "ScIN6FHxJgw2P7T3hNOtE+6zwEP0VZx0BM8PTos5LBTk=",
              "company_url": "https://www.xing.com/companies/go?name=QyALKN4L6duGsLId5s4cY7uw6iXoRdUjqUFak2ZW9M8=",
              "jobDuration": "1 Jahr, 2 Monat ",
              "jobDates": "07/2011 - 08/2012"
            },
            {
              "jobTitle": "02hOISah6n1uSw+UsmT2BgZSMVvo3j+IBSMnPBWGGno=",
              "company": "BlZYzhyufK0bdRzy6TmBiWrulCAKuTccwltMylz4SGLU=",
              "company_url": "https://www.xing.com/companies/go?name=OLFVXYxuiMReCHFtqXrsDzuGrjtpWUetTzyDC1gHJEk=",
              "jobDuration": "1 Jahr, 1 Monat",
              "jobDates": "07/2010 - 07/2011"
            },
            {
              "jobTitle": "BtBzx/gEcf/cooNa5gwCaJI+w+1C0aJ0R2gZfYDEEzQ=",
              "company": "BZtumNx2/v0FcIpzlVBLqjbgW4izIdun9rD9yeHEBYQw=",
              "company_url": "https://www.xing.com/companies/go?name=13AhlpTYgj5WvRBWmEXuoSm7u9sGyZXgU01XKMQsxJA=",
              "jobDuration": "1 Monat",
              "jobDates": "02/2007 - 02/2007"
            }
          ]
        }
      ],
      "languages": [
        {
        }
      ],
      "education": [
        {
          "institution": "+Y9SQUq8lMQUDuQdC6HYT+V8mbPe3Q4jhYFObFXH1UY=",
          "url": "https://www.xing.com/search/members?keywords=K+s8ADwE3ChwRgLNLj+Or1io4CzEOUi5OgtKJUwkWJI=",
          "degree": "Media & Communication Management, Bachelor of Arts",
          "eduDuration": "10/2010 - 03/2014"
        }
      ],
      "awards": [
        {
        }
      ]
    },
    {
      "profile": [
        {
          "sex": "m",
          "memberSince_Hits": "10. Mai 2005 / 5575",
          "currJobDescr": "lAK7CMaHQ7htYWCw94EbXK2AvxPPj3+D1JqERiNIem4=",
          "jobs": [
            {
              "jobTitle": "lAK7CMaHQ7htYWCw94EbXK2AvxPPj3+D1JqERiNIem4=",
              "company": "SuINT3v+xMbc1WYBcJH/Io6sDHe1A0QQ3ZhZrAlh4+Mw=",
              "company_url": "https://www.xing.com/companies/go?name=JDxoNlTVQOFBfEeVER9EPsXRzQuynhI0FebUzt75yBg=",
              "jobDuration": "1 Jahr",
              "jobDates": "02/2016 - 01/2017"
            },
            {
              "jobTitle": "nQjTr9Rcdky1CrIQyZDjIcJ248/pYfbEHON60vA2r4g=",
              "company": "K77Z1DdCUt7BJBHUMoebr44sjZYMCfBzmndhWsAphe8M=",
              "company_url": "https://www.xing.com/companies/go?name=NcQC2Wy7Y4fZgQbgK45iykAA5ywwjbxrttTWkqf5mXk=",
              "jobDuration": "10 Jahr, 4 Monat ",
              "jobDates": "01/2005 - 04/2015"
            },
            {
              "jobTitle": "KZlIPwV1zGIR/z+u/eJE1KUTzWhkjasKJAjXIJVNmw0=",
              "company": "Mu4hC9vYUBxwz0FfyKJ6cQ3ArOvypjbs9iAEepXVv3gE=",
              "company_url": "https://www.xing.com/companies/go?name=i+cxOiEZUBea9BgyZ1FPid0Lxi3ld4ntJVLyKmpW9bA="
            },
            {
              "jobTitle": "KZlIPwV1zGIR/z+u/eJE1KUTzWhkjasKJAjXIJVNmw0=",
              "company": "BFnHJg42rz9af1bWvN5MRomIw+CpK32nEImHZDOMvNV0=",
              "company_url": "https://www.xing.com/companies/go?name=JW7XS+jR1wctXtfHyoH3+C4P1he9h3pgtyulwE5e5UA="
            },
            {
              "jobTitle": "PNOSMMumzVIxoIoYYtho+f9rtn8Z5fMAPpywSmI3kGw=",
              "company": "OavxBrH5JB7BanVxmvdFL1WM4IBZ2xpzlDpN6NNwV+og=",
              "company_url": "https://www.xing.com/companies/go?name=A4B6LCPRSA56BuDMrT/F2dmztzpVkiGFZ5Xgi4Fqbh8="
            }
          ]
        }
      ],
      "languages": [
        {
        }
      ],
      "education": [
        {
          "institution": "ozhP6QYhio6S8nFE/7iA+N56g+Kd+w1zEqBSyVCS0Tg=",
          "url": "https://www.xing.com/search/members?keywords=ozhP6QYhio6S8nFE/7iA+N56g+Kd+w1zEqBSyVCS0Tg=",
          "degree": "Online Marketing, Manager",
          "eduDuration": "06/2015 - 09/2015"
        },
        {
          "institution": "ohIe0DkYvdnJI3xXhYBbQfkVXhJdNcpjomHmjQY8MX0=",
          "url": "https://www.xing.com/search/members?keywords=QWPepmekqgpDTK+wQ5GpJopcMf7wol3tOC7GRTAa0Ms=",
          "degree": "Betriebswirtschaft, Dipl.-Kfm.",
          "eduDuration": "10/1998 - 08/2004"
        }
      ]
    },
    {
      "profile": [
        {
          "sex": "m",
          "memberSince_Hits": "16. Juli 2012 / 2032",
          "currJobDescr": "e7nWe34GVEc0aFK1crwxvWEIxc4pyGCMqy1cX9IsD3Y=",
          "jobs": [
            {
              "jobTitle": "e7nWe34GVEc0aFK1crwxvWEIxc4pyGCMqy1cX9IsD3Y=",
              "company": "KoP+Hn4xBpXmX3k0uLoMf3rAWMi2TNYNXA7+Y3+wDAoY=",
              "company_url": "https://www.xing.com/companies/go?name=VwhABt+Z3Jz19QcL9z0VgHScajRsQYgo75LpMT68Omc=",
              "jobDuration": "1 Jahr",
              "jobDates": "02/2016 - 01/2017"
            },
            {
              "jobTitle": "FixK1CF+kcxeR0EESetkMP9+bseovZbRhOq9Bbsxvao=",
              "company": "/zkuOxcsVNJVMeBzSfEMg3CHEAbDvt20tcYxGiIKn48Y=",
              "company_url": "https://www.xing.com/companies/go?name=SCWZ77SLXAvOE45FbC8DJFob14CqmvN0n7IV+duQNtY=",
              "jobDuration": "6 Jahr, 5 Monat ",
              "jobDates": "09/2010 - 01/2017"
            },
            {
              "jobTitle": "4GdE1T0AU+4aZ+ByGD0hDOk7R6NFOkV+TubveFm6BAo=",
              "company": "NbAzAkS/kBKkaWIeoHri/OXloLGE+GuckTNKCV5BHzug=",
              "company_url": "https://www.xing.com/companies/go?name=CT0UkEBmgslofxzl7sYgIKmHVxsSD6rv1eKPFuNVSe8=",
              "jobDuration": "1 Monat",
              "jobDates": "06/2013 - 06/2013"
            },
            {
              "jobTitle": "xtfOUmtNzBmPHbORHaHav8gZ8RDs6y4I+UTu7VY4hU0=",
              "company": "TA4tdiy2ejpa9LRJ5OpodYpOOwfMU4AI3qXaFGY0GdG4=",
              "company_url": "https://www.xing.com/companies/go?name=JW/V+flmFQ7oYlPEWm9QCyUUj7KWglDUeYfoItzV5Lk=",
              "jobDuration": "3 Jahr, 6 Monat ",
              "jobDates": "01/2010 - 06/2013"
            },
            {
              "jobTitle": "GT17NXMnQR8YcYjCFqTLfVZAjDDCSpueyaK/8oR59tQ=",
              "company": "PnOMkIoFc4B9dft+L2nRsnWRoeej2W6Z0AERTo1p5/QE=",
              "company_url": "https://www.xing.com/companies/go?name=uFqEPtQZ4ltx1oyoDNGGj6eUAgzzAlvwHizHIQVYZcQ=",
              "jobDuration": "3 Monat ",
              "jobDates": "07/2012 - 09/2012"
            },
            {
              "jobTitle": "4GdE1T0AU+4aZ+ByGD0hDOk7R6NFOkV+TubveFm6BAo=",
              "company": "NbAzAkS/kBKkaWIeoHri/OXloLGE+GuckTNKCV5BHzug=",
              "company_url": "https://www.xing.com/companies/go?name=CT0UkEBmgslofxzl7sYgIKmHVxsSD6rv1eKPFuNVSe8=",
              "jobDuration": "1 Monat",
              "jobDates": "06/2012 - 06/2012"
            },
            {
              "jobTitle": "TmD38nVMR0/obGiWrOT9sBtvrazyaHHTCBjXjuJ177Y=",
              "company": "gxY+iNyRYTn5Vsv6+28JY/57pbiGo01siC0SjB+ACBwM=",
              "company_url": "https://www.xing.com/companies/go?name=DKD4xsW0CYdcFgfpICoeDL4M93N4O3Mwuqc5y8SiNko=",
              "jobDuration": "8 Monat ",
              "jobDates": "09/2011 - 04/2012"
            },
            {
              "jobTitle": "UU0Sr5x/Bym4/ZmpWYiJr7Mk0p8TcT9/PXem3MCqehY=",
              "company": "TZ+GJBEGe20dG3ZNX/MMYorm8UP2+tgTWfRs1MmLqhD8=",
              "company_url": "https://www.xing.com/companies/go?name=4MjT/H8wMO3VR1WhdEnfTNw5t9f7pj5aQJkQmLqVn78=",
              "jobDuration": "1 Jahr, 1 Monat",
              "jobDates": "08/2009 - 08/2010"
            }
          ]
        }
      ],
      "languages": [
        {
        }
      ],
      "education": [
        {
          "institution": "bqrB00Je+Jne+L2//qZctsE4arOs/GD+WZp486uarc8=",
          "url": "https://www.xing.com/search/members?keywords=NJY6ME8C9kIEaaE+Fn1Bk9or9+JARvCBTL1gtbOnfi8=",
          "degree": "Communication Studies, Master of Science",
          "eduDuration": "09/2013 - 09/2015"
        },
        {
          "institution": "mQ2xZlUbJLlxr7z/35cKjRRp/HcZQpKKm1h4g6bRmWQ=",
          "url": "https://www.xing.com/search/members?keywords=Wn/SPGyy+QDEATGVpIv5O1aXE7WDQhTz8GefNrbNkGE=",
          "degree": "Journalismus und Unternehmenskommunikation, Bachelor of Arts",
          "eduDuration": "09/2010 - 08/2013"
        }
      ]
    },
    {
      "profile": [
        {
          "sex": "f",
          "memberSince_Hits": "21. August 2014 / 273",
          "currJobDescr": "WgTxxKop3V0FH0G7Y0VdAMiDaxVyOAWoHtie5TsbvWQ=",
          "jobs": [
            {
              "jobTitle": "WgTxxKop3V0FH0G7Y0VdAMiDaxVyOAWoHtie5TsbvWQ=",
              "company": "BtX5Awv8kk4bXeYZuifv8N2Emz9rEPF4c2LNgi+/OT7U=",
              "company_url": "https://www.xing.com/companies/go?name=/8CWOeZgpUga1UyZEdWn9ooifpLoieD7TinRLv7cSQU=",
              "jobDates": "2010 - 01/2017"
            }
          ]
        }
      ],
      "languages": [
        {
        }
      ],
      "education": [
        {
          "institution": "qOLFSNkub6qvxRcUe00hO+m/XONaFG58pWw0y2gPMMo=",
          "url": "https://www.xing.com/search/members?keywords=3ji4/h9Ci/uQXCqVSSIVRshPEOHc6U6jomC5wWJydqM=",
          "degree": "BSc Business",
          "eduDuration": "2005 - 2009"
        }
      ]
    },
    {
      "profile": [
        {
          "sex": "f",
          "memberSince_Hits": "6. Mai 2014 / 541",
          "currJobDescr": "e7nWe34GVEc0aFK1crwxvWEIxc4pyGCMqy1cX9IsD3Y=",
          "jobs": [
            {
              "jobTitle": "e7nWe34GVEc0aFK1crwxvWEIxc4pyGCMqy1cX9IsD3Y=",
              "company": "TW/6lkUGP4woB2ba2T5hIANqxFyTIKgT1YqAT71ouEtY=",
              "company_url": "https://www.xing.com/companies/go?name=2/I1SANt1WSVQNcd56YOqHpp3ErinB4X8Ezg/OGQFzA=",
              "jobDates": "bis heute"
            },
            {
              "jobTitle": "zUcot4anb7COKnEkyqnc7W/ty6T7947V5WFZY7e8U/k=",
              "company": "SzCv0IZgtj5SUXakesvtbFdOkrQ3LKEo8DaIRzRY3bz8=",
              "company_url": "https://www.xing.com/companies/go?name=zG6Txlx3/83/zWTug5o01hykVC4mgdn+0IVSapJOywI=",
              "jobDuration": "1 Jahr",
              "jobDates": "03/2013 - 02/2014"
            }
          ]
        }
      ],
      "languages": [
        {
        }
      ]
    },
    {
      "profile": [
        {
          "sex": "f",
          "memberSince_Hits": "10. Februar 2014 / 590",
          "currJobDescr": "e7nWe34GVEc0aFK1crwxvWEIxc4pyGCMqy1cX9IsD3Y=",
          "jobs": [
            {
              "jobTitle": "e7nWe34GVEc0aFK1crwxvWEIxc4pyGCMqy1cX9IsD3Y=",
              "company": "PhH4+/XepfZQJGVEVyAFk2ran1qZvXZWq3XPVF7Zk1lk=",
              "company_url": "https://www.xing.com/companies/go?name=/xcfO6r2NBdcO6MsTJhdvBNAroginmxF9uIVavhfTUE=",
              "jobDuration": "1 Monat",
              "jobDates": "01/2017 - 01/2017"
            },
            {
              "jobTitle": "2kPxGHu2sRo1Cbe562szG1jI0B0k1yWlQOxY09V/o9Q=",
              "company": "Z5j7LnAvYs/xghTwOFLFPKOYDlWuCAMoZGEQy9zG44DY=",
              "company_url": "https://www.xing.com/companies/go?name=Y/MN6+6eprI/uSjw9nLvCR+ODOjq7TLFT0KnTInpQSs=",
              "jobDuration": "1 Jahr, 2 Monat ",
              "jobDates": "08/2015 - 09/2016"
            },
            {
              "jobTitle": "a9STo2ikQVDFwNbN/d1BPBm3iTDSfRf/oOIz35Hp/cI=",
              "company": "cgZgwNK4jT4CzCGvDjngDZx29DAF/AoSePz4VlX92AG0=",
              "company_url": "https://www.xing.com/companies/go?name=02NfvKSv1MgNad2U3Xzja/FkKdo5SdumbLJCJgC0pqc=",
              "jobDuration": "5 Monat ",
              "jobDates": "04/2015 - 08/2015"
            },
            {
              "jobTitle": "w/wRIoO0sbuH+SeCFuCWqWq9/cXEM7Rut1vEroqcAgg=",
              "company": "A4v+bz47Dr+La7QPLQ8slObepL7i/KfgG7C65lDKvn8M=",
              "company_url": "https://www.xing.com/companies/go?name=Giqopp2mP9sOsIa9cWQT1r81fX2Vo+kYfVu/TtLODvc=",
              "jobDuration": "7 Monat ",
              "jobDates": "02/2014 - 08/2014"
            },
            {
              "jobTitle": "WdAJNDGG5NfBt5xVg8MKbP/MeRDUflcPqeGzOR8awrY=",
              "company": "USIPR5pmY7/Q4g3FJ6XZyUTH5D0f8FbDYm3DXy5soqvc=",
              "company_url": "https://www.xing.com/companies/go?name=7Ih/Oj1Uz/GExFiA30Z7zWy0qz1/0rJpysANSdho8NM=",
              "jobDuration": "10 Monat ",
              "jobDates": "09/2012 - 06/2013"
            },
            {
              "jobTitle": "0eDKcX8kzzzFSWzmngJ7r6u5plFpHZiNVAXuuOQi55E=",
              "company": "WUbnTzzNvxvRmDVaLAjq2UVjmv1YEJY1L6UmmxQwcVTE=",
              "company_url": "https://www.xing.com/companies/go?name=g6RLSyY9l4pNSvkikzxHv+DbMxe8eBEcOtybbY4Npk8=",
              "jobDates": "2010 - 2013"
            }
          ]
        }
      ],
      "languages": [
        {
        }
      ],
      "education": [
        {
          "institution": "AojciKxoGkYPTRpYAqlnDznk7AoiAOR8QeBjQJwWxok=",
          "url": "https://www.xing.com/search/members?keywords=jdCer/6e8QkyblbTXisOitQa4/Ez1dUa3Zxkq4q9VCQ=",
          "degree": "Management und Marketing, Master of Science",
          "eduDuration": "10/2014 - 10/2016"
        },
        {
          "institution": "SIPR5pmY7/Q4g3FJ6XZyUTH5D0f8FbDYm3DXy5soqvc=",
          "url": "https://www.xing.com/search/members?keywords=eNTwMxx5FmmIDxnubSZa7et+GqxbZi2jM94X/nmK4hM=",
          "degree": "Wirtschaftswissenschaften, Bachelor of Science",
          "eduDuration": "09/2010 - 07/2013"
        },
        {
          "institution": "2GpOGG80AxyPEKcjQmFsxCB5ArtyIxyv8/hWGc54ZoI=",
          "url": "https://www.xing.com/search/members?keywords=dkmRivgqFjJyAYoNJPEBPMC1AME3LyaC1WWkSL/dHGE=",
          "degree": "Französisch und Englisch, Fremdsprachenkorrespondentin",
          "eduDuration": "2009 - 2010"
        }
      ]
    },
    {
      "profile": [
        {
          "sex": "f",
          "memberSince_Hits": "12. Januar 2015 / 316",
          "currJobDescr": "lAK7CMaHQ7htYWCw94EbXK2AvxPPj3+D1JqERiNIem4=",
          "jobs": [
            {
              "jobTitle": "lAK7CMaHQ7htYWCw94EbXK2AvxPPj3+D1JqERiNIem4=",
              "company": "BtX5Awv8kk4bXeYZuifv8N2Emz9rEPF4c2LNgi+/OT7U=",
              "company_url": "https://www.xing.com/companies/go?name=/8CWOeZgpUga1UyZEdWn9ooifpLoieD7TinRLv7cSQU=",
              "jobDates": "bis heute"
            }
          ]
        }
      ],
      "languages": [
        {
        }
      ],
      "education": [
        {
          "institution": "GiyjkTE4r0P4YTKBEZINTR7bgjXs+T4q0bKb/KP9X/Y=",
          "url": "https://www.xing.com/search/members?keywords=t42eHo3W/59/LMFss7aerQvIwYJrFnqYgg6n96jaxEo=",
          "degree": "Business Administration, Management",
          "eduDuration": "06/2006 - 05/2011"
        }
      ]
    },
    {
      "profile": [
        {
          "sex": "f",
          "memberSince_Hits": "21. August 2014 / 367",
          "currJobDescr": "e7nWe34GVEc0aFK1crwxvWEIxc4pyGCMqy1cX9IsD3Y=",
          "jobs": [
            {
              "jobTitle": "e7nWe34GVEc0aFK1crwxvWEIxc4pyGCMqy1cX9IsD3Y=",
              "company": "BtX5Awv8kk4bXeYZuifv8N2Emz9rEPF4c2LNgi+/OT7U=",
              "company_url": "https://www.xing.com/companies/go?name=/8CWOeZgpUga1UyZEdWn9ooifpLoieD7TinRLv7cSQU=",
              "jobDuration": "5 Jahr, 9 Monat ",
              "jobDates": "05/2011 - 01/2017"
            },
            {
              "jobTitle": "e7nWe34GVEc0aFK1crwxvWEIxc4pyGCMqy1cX9IsD3Y=",
              "company": "BtX5Awv8kk4bXeYZuifv8N2Emz9rEPF4c2LNgi+/OT7U=",
              "company_url": "https://www.xing.com/companies/go?name=/8CWOeZgpUga1UyZEdWn9ooifpLoieD7TinRLv7cSQU=",
              "jobDates": "bis heute"
            }
          ]
        }
      ],
      "languages": [
        {
        }
      ]
    },
    {
      "profile": [
        {
          "sex": "f",
          "memberSince_Hits": "14. April 2014 / 294",
          "currJobDescr": "e7nWe34GVEc0aFK1crwxvWEIxc4pyGCMqy1cX9IsD3Y=",
          "jobs": [
            {
              "jobTitle": "e7nWe34GVEc0aFK1crwxvWEIxc4pyGCMqy1cX9IsD3Y=",
              "company": "K9UGSG3eKiV+68+rsBWw/aOYNHif7Zz9uvHrILnGqnRM=",
              "company_url": "https://www.xing.com/companies/go?name=tYAZap2h73tCmV6UirfWrCIuKPQStvJai4Jg66wDz44=",
              "jobDuration": "3 Jahr, 10 Monat ",
              "jobDates": "04/2013 - 01/2017"
            },
            {
              "jobTitle": "2DjSFjmXL9wWiGBJBnGmOjiT1zgm8sj0qjU5Q7OcLCk=",
              "company": "X402ISIJJuczkSuiG+wq3yzSzxCOtXj4aS/9t6f8W8Vc=",
              "company_url": "https://www.xing.com/companies/go?name=Zph/BWnT3eo/+AA/hMrRgKrxC70TZhEA6ZzPXKD2pss=",
              "jobDuration": "10 Monat ",
              "jobDates": "06/2012 - 03/2013"
            }
          ]
        }
      ],
      "languages": [
        {
        }
      ]
    },
    {
      "profile": [
        {
          "sex": "f",
          "memberSince_Hits": "9. März 2006 / 17451",
          "currJobDescr": "YZ9fi7WgLW50H7cw1z6quzy3BQd2QiTKwKNOLJ6Up3g=",
          "jobs": [
            {
              "jobTitle": "YZ9fi7WgLW50H7cw1z6quzy3BQd2QiTKwKNOLJ6Up3g=",
              "company": "AdLBbqidhvJX8Dz8/M6FGqZKJZdTLd56UjluE6l1vZe4=",
              "company_url": "https://www.xing.com/companies/go?name=T/z5o9FwXcw5mmoKdxS7GSzteVuU+oAsnQQ2X1Gm/UU=",
              "jobDuration": "4 Jahr, 1 Monat",
              "jobDates": "01/2013 - 01/2017"
            },
            {
              "jobTitle": "Af4LSOH5bDQome9fHOaqfemBc+uI0s6Zmr+5tIGtlqQ=",
              "company": "j/O2Me9dGn/OoY7TqvbsUVXnKR2d/Gzdj/4+BYzTo6mk=",
              "company_url": "https://www.xing.com/companies/go?name=CaiTUU0u4XJHb0EtmTwd1fuPLCzWAgQVDYoJ9j0hA5c=",
              "jobDuration": "2 Jahre",
              "jobDates": "01/2011 - 12/2012"
            },
            {
              "jobTitle": "o+i7Lu+WRF4RztWy6vz8bO+7WVr6J232SlG0P+4kf2A=",
              "company": "RtfTcVUzVdYSVyTlprrENKcW7y1jRxOca/dw+Dwkxx34=",
              "company_url": "https://www.xing.com/companies/go?name=1UmTDV/cayqd5abHjY1hy+dp7ja5CPHUPDlpY8rPe+Y=",
              "jobDuration": "4 Jahr, 4 Monat ",
              "jobDates": "09/2006 - 12/2010"
            },
            {
              "jobTitle": "2wzulV+q/UOGm1oaai6HwDKUfggCIS/+iTDGgQ0/h/w=",
              "company": "C0FT7dM7+7fNcwBKzTMkgGH1sD62ru7IXrNTJzJmV144=",
              "company_url": "https://www.xing.com/companies/go?name=oOShe+cJInj/VDQCrh+XaCACKqk2st5uizbI81GnOH0=",
              "jobDates": "2006 - 2006"
            },
            {
              "jobTitle": "02hOISah6n1uSw+UsmT2BgZSMVvo3j+IBSMnPBWGGno=",
              "company": "B+7wrNrG4jFrBd+rO2RY4orh/IByEQivnmdyt+FvJImc=",
              "company_url": "https://www.xing.com/companies/go?name=VMxJjeRoIuJBdY8yW1Tig8HsDuGszJuNFAPqOQNuRq8=",
              "jobDates": "2005 - 2005"
            },
            {
              "jobTitle": "iOiemQsHzg6xWh3W5MiaHRrjClEpFsdywGI8c9moYr8=",
              "company": "Wo04rsDZC5bAydScHK+g43oZIyd4hwDPo6HCDYEnfJAg=",
              "company_url": "https://www.xing.com/companies/go?name=wz+GSF7gZq3zKu7mS92QPF246Ga4SsG3MTwVt9HzReo=",
              "jobDates": "2004 - 2004"
            }
          ]
        }
      ],
      "languages": [
        {
        }
      ],
      "education": [
        {
          "institution": "yBgxJVb7mbdwhcX6KNE2sMHMWO62zR53Ng134r6ipT0=",
          "url": "https://www.xing.com/search/members?keywords=MXyxhlIkVaMwUSW8funuAUsN+kHr3IhSPlplfeejhMk=",
          "degree": "Betriebswirtschaftslehre, Diplom Kauffrau",
          "eduDuration": "10/1999 - 10/2005"
        }
      ]
    },
    {
      "profile": [
        {
          "sex": "m",
          "memberSince_Hits": "9. März 2015 / 2862",
          "currJobDescr": "76W+fs9s8jOBYNeN2bZapJ6Wl6fQp5Vkb7SKDRMRR0w=",
          "jobs": [
            {
              "jobTitle": "76W+fs9s8jOBYNeN2bZapJ6Wl6fQp5Vkb7SKDRMRR0w=",
              "company": "T+WT2cEuh8KSjmODoguyGcqctcsZNNmvAKpfzhgFFUkU=",
              "company_url": "https://www.xing.com/companies/go?name=KJoBtjgR1ZBK0lXXwN7wYFHJXAuMnOvfl/MxbEjmtrk=",
              "jobDuration": "7 Monat ",
              "jobDates": "07/2016 - 01/2017"
            },
            {
              "jobTitle": "6574IVmnsacH9HUqjAOh1Dm0J3pkM29sIyu/W4XMSW8=",
              "company": "NxMrvyS5yvVyuJYgjTVio0gPPXNgDIAlVhwXEs8D3UW8=",
              "company_url": "https://www.xing.com/companies/go?name=BPDprO7+riuANgyoB8viijsSwgl8oBOBhFmUniXf+HA=",
              "jobDuration": "8 Monat ",
              "jobDates": "11/2015 - 06/2016"
            },
            {
              "jobTitle": "yC7id3A4VEZlzWUk3JdKkQHx7JSei+k1OoYknrYdci8=",
              "company": "BVT3ZgY0VI2mQb6BK2ez8r9FArYDiJNVJmObWWVU6MJI=",
              "company_url": "https://www.xing.com/companies/go?name=fK8jNrXCs2Iz7wdK9cHCLLC9WnT7MatZImS30uEIboo=",
              "jobDuration": "1 Jahr, 1 Monat",
              "jobDates": "10/2014 - 10/2015"
            }
          ]
        }
      ],
      "languages": [
        {
        }
      ],
      "education": [
        {
          "institution": "ea7KyZ5mB8Y6TYxyyfqHUkqEnWblQNCoXIsL/sFPtGI=",
          "url": "https://www.xing.com/search/members?keywords=pnxJ53VSrS3vWkXXiuPrjnJgDWMlbH1hUxqtc3Xc9Ww=",
          "degree": "Anglistik/Germanistik, Bachelor of Arts",
          "eduDuration": "10/2011 - 05/2015"
        }
      ]
    },
    {
      "profile": [
        {
          "sex": "f",
          "memberSince_Hits": "22. Dezember 2014 / 389",
          "currJobDescr": "WgTxxKop3V0FH0G7Y0VdAMiDaxVyOAWoHtie5TsbvWQ=",
          "jobs": [
            {
              "jobTitle": "WgTxxKop3V0FH0G7Y0VdAMiDaxVyOAWoHtie5TsbvWQ=",
              "company": "KW1IPLTzpaZPug0T1KC8Bb6HNSEK34+OUcYdwBnLkNB4=",
              "company_url": "https://www.xing.com/companies/go?name=VDby5i/LNksbqq37Rrg2FDiRsuJpoRO5muDqpbD+Z28=",
              "jobDates": "bis heute"
            }
          ]
        }
      ],
      "languages": [
        {
        }
      ],
      "education": [
        {
          "institution": "1w45zsvHG/SHlPBKS1dedlbARxjXanfwnzTdOtv4a3w=",
          "url": "https://www.xing.com/search/members?keywords=emqs+k0kW3o8YbUdV2UgH3REz/IqCzDThaXGJOU90jE=",
          "degree": "Bachelor of Business Administration (BBA), Marketing/Marketing Management, General"
        }
      ]
    },
    {
      "profile": [
        {
          "sex": "f",
          "memberSince_Hits": "16. Dezember 2014 / 419",
          "currJobDescr": "WgTxxKop3V0FH0G7Y0VdAMiDaxVyOAWoHtie5TsbvWQ=",
          "jobs": [
            {
              "jobTitle": "WgTxxKop3V0FH0G7Y0VdAMiDaxVyOAWoHtie5TsbvWQ=",
              "company": "BtX5Awv8kk4bXeYZuifv8N2Emz9rEPF4c2LNgi+/OT7U=",
              "company_url": "https://www.xing.com/companies/go?name=/8CWOeZgpUga1UyZEdWn9ooifpLoieD7TinRLv7cSQU=",
              "jobDates": "bis heute"
            }
          ]
        }
      ],
      "languages": [
        {
        }
      ]
    },
    {
      "profile": [
        {
          "sex": "f",
          "memberSince_Hits": "27. Oktober 2010 / 3730",
          "currJobDescr": "UrEXdJL56F9vmpDxBVFFLmrWba6XR+8BosDt6JG+C3A=",
          "jobs": [
            {
              "jobTitle": "UrEXdJL56F9vmpDxBVFFLmrWba6XR+8BosDt6JG+C3A=",
              "company": "TKzxIlyW9TN99lKROBAoJxyxeTQXTAx7OMFue3JrT9XU=",
              "company_url": "https://www.xing.com/companies/go?name=VwQH60Q1TgcGj1Js+EMl6zxPzfXE0suNrhLciqpQr0g=",
              "jobDuration": "1 Jahr, 5 Monat ",
              "jobDates": "09/2015 - 01/2017"
            },
            {
              "jobTitle": "SLDCNUjhscJ9rnJlsUm/FZMmnzxUDdzey+/vpL75hyc=",
              "company": "MHQGYgBLGJATCmkeMqWshsBsHJuDL4Ce2KfhUrvDzfRc=",
              "company_url": "https://www.xing.com/companies/go?name=z2mM62j3aUBZigK4asi9F7G0+9wWgLUkTqIe4P8jNvw=",
              "jobDuration": "2 Monat ",
              "jobDates": "07/2015 - 08/2015"
            },
            {
              "jobTitle": "JJA4NmfYgpxgoNki0eKD0FMSWa74GEnZgk/DVKnzEAA=",
              "company": "MHQGYgBLGJATCmkeMqWshsBsHJuDL4Ce2KfhUrvDzfRc=",
              "company_url": "https://www.xing.com/companies/go?name=z2mM62j3aUBZigK4asi9F7G0+9wWgLUkTqIe4P8jNvw=",
              "jobDuration": "10 Monat ",
              "jobDates": "09/2014 - 06/2015"
            },
            {
              "jobTitle": "SpZIRIKoIl0jveJSOnIOrYZgDcHcb18mDefbxSYixXQ=",
              "company": "MHQGYgBLGJATCmkeMqWshsBsHJuDL4Ce2KfhUrvDzfRc=",
              "company_url": "https://www.xing.com/companies/go?name=z2mM62j3aUBZigK4asi9F7G0+9wWgLUkTqIe4P8jNvw=",
              "jobDuration": "7 Monat ",
              "jobDates": "02/2014 - 08/2014"
            },
            {
              "jobTitle": "7/J7uToiMh2zYH6MQYGp5uUuGZW3dePwsWIUi1QxssA=",
              "company": "BiREARfSVXr+CSnn1pUQT5V2UISIu1SDmC+FRBsI2w0s=",
              "company_url": "https://www.xing.com/companies/go?name=nqzluev/qQ+LyN2o1LV/5504vdMZ2Sdr0Dy9EB+mnzk=",
              "jobDuration": "6 Monat ",
              "jobDates": "09/2012 - 02/2013"
            }
          ]
        }
      ],
      "languages": [
        {
        }
      ],
      "education": [
        {
          "institution": "TAK2GrrYBY0OdxVNZp02/tL5n6U2vXLySTse/sMyDLw=",
          "url": "https://www.xing.com/search/members?keywords=bhWueP4sV0CF6jqAqjC2P6m5CwwSXfjGAm0SIgLoCVQ=",
          "degree": "International Business",
          "eduDuration": "09/2013 - 02/2014"
        },
        {
          "institution": "KdKSfqfb8GNl4LMlOpxOhu1wQw3yGMLzCV/SrE0spjc=",
          "url": "https://www.xing.com/search/members?keywords=FqtfBlW1ltk8djvkGNjQ76qj1Cpzb/aHOYEKFaVZ3gE=",
          "degree": "e-business, B.Sc.",
          "eduDuration": "10/2010 - 10/2014"
        }
      ]
    },
    {
      "profile": [
        {
          "sex": "f",
          "memberSince_Hits": "16. Dezember 2014 / 382",
          "currJobDescr": "WgTxxKop3V0FH0G7Y0VdAMiDaxVyOAWoHtie5TsbvWQ=",
          "jobs": [
            {
              "jobTitle": "WgTxxKop3V0FH0G7Y0VdAMiDaxVyOAWoHtie5TsbvWQ=",
              "company": "KcUlOlX6/phHuPN8tnnm2kLfxXgPxQC3ToOZsz+mRpZI=",
              "company_url": "https://www.xing.com/companies/go?name=ro5c61yL3KVArDlUgmwFsVRlrXd1S9QSzOWtFdQNGOY=",
              "jobDuration": "2 Jahr, 8 Monat ",
              "jobDates": "06/2014 - 01/2017"
            }
          ]
        }
      ],
      "languages": [
        {
        }
      ],
      "education": [
        {
          "institution": "Z0kZ76Aywc3LYMnPAGit4j2GXgQX698dy0zKnhIPRzs=",
          "url": "https://www.xing.com/search/members?keywords=nmWmjeFD7+FpbD9IeNujVtjUFyCNQOCJE/g1yxz1g+Y=",
          "degree": "Social Media",
          "eduDuration": "06/2008 - 03/2011"
        }
      ],
      "awards": [
        {
        }
      ]
    },
    {
      "profile": [
        {
          "sex": "m",
          "memberSince_Hits": "2. Januar 2013 / 458",
          "currJobDescr": "e7nWe34GVEc0aFK1crwxvWEIxc4pyGCMqy1cX9IsD3Y=",
          "jobs": [
            {
              "jobTitle": "e7nWe34GVEc0aFK1crwxvWEIxc4pyGCMqy1cX9IsD3Y=",
              "company": "tkT+k98Jw09Zdl9XPEgJVoZlHldsLwqtsROPHMyyS9JE=",
              "company_url": "https://www.xing.com/companies/go?name=UnrR8CpClSYs692JgZpkYmn3Awunr+END0H9R3u/69Q=",
              "jobDates": "bis heute"
            }
          ]
        }
      ],
      "languages": [
        {
        }
      ]
    },
    {
      "profile": [
        {
          "sex": "m",
          "memberSince_Hits": "1. Juli 2014 / 1167",
          "currJobDescr": "e7nWe34GVEc0aFK1crwxvWEIxc4pyGCMqy1cX9IsD3Y=",
          "jobs": [
            {
              "jobTitle": "e7nWe34GVEc0aFK1crwxvWEIxc4pyGCMqy1cX9IsD3Y=",
              "company": "AKtH7iIAyL8fgwBbpailnxkxbFt8oGF0EXNzeWABWX5w=",
              "company_url": "https://www.xing.com/companies/go?name=9L6Hjcr7ENKRmzd69lAXCwd3FVRmB1Hm8RBRU2NYV50=",
              "jobDuration": "1 Jahr",
              "jobDates": "02/2016 - 01/2017"
            },
            {
              "jobTitle": "+LMyy+NW3DbTRMe0cyEgSq4GV36X7G7XTtg5kpIbNZQ=",
              "company": "AKtH7iIAyL8fgwBbpailnxkxbFt8oGF0EXNzeWABWX5w=",
              "company_url": "https://www.xing.com/companies/go?name=9L6Hjcr7ENKRmzd69lAXCwd3FVRmB1Hm8RBRU2NYV50=",
              "jobDuration": "1 Jahr, 3 Monat ",
              "jobDates": "11/2014 - 01/2016"
            },
            {
              "jobTitle": "vqTSDRIy2n817cgGn12Zx/tjV7IDBtKvXf9hPA17gV8=",
              "company": "Syzg7N53o1DLmGuvaGYz6lnCYwz5ZG90J4NY47QFxW+o=",
              "company_url": "https://www.xing.com/companies/go?name=F+eI99Ud/hGTHaORkF3eEvzcjlsQ/LzXoGuAZZhTgjw=",
              "jobDuration": "7 Monat ",
              "jobDates": "04/2014 - 10/2014"
            },
            {
              "jobTitle": "EugYnpRF3mv1qVwCu6vDNrg3ge3b3reMh3TdDx/YHNQ=",
              "company": "mkg8+RR6xuG4ZoV9qxwBYl1KPElBGe0KyMzyBF81IapQ=",
              "company_url": "https://www.xing.com/companies/go?name=7MN08jAR45vxxj2JrRaJxYoGFyuJECB/mEWWcrH/hLA=",
              "jobDuration": "2 Jahr, 6 Monat ",
              "jobDates": "10/2011 - 03/2014"
            },
            {
              "jobTitle": "kHzo/myhvw1ijZ4DYXKFYJJN5tb9JdppcVot7IoH5zo=",
              "company": "mkg8+RR6xuG4ZoV9qxwBYl1KPElBGe0KyMzyBF81IapQ=",
              "company_url": "https://www.xing.com/companies/go?name=7MN08jAR45vxxj2JrRaJxYoGFyuJECB/mEWWcrH/hLA=",
              "jobDuration": "6 Monat ",
              "jobDates": "04/2012 - 09/2012"
            },
            {
              "jobTitle": "o1k6VXDG7Arp0GjEBrxgZRTIkEO8p9ax2bDUuz3EdB8=",
              "company": "C+orWRy0/hG+liskz0OKVS6P2Q5Vch28h09pNMFndhDg=",
              "company_url": "https://www.xing.com/companies/go?name=mgoUU+dPOv3iUj4rRFSeJwUHn2rNTjgQpWiUnROYlms=",
              "jobDuration": "6 Monat ",
              "jobDates": "04/2011 - 09/2011"
            }
          ]
        }
      ],
      "languages": [
        {
        }
      ],
      "education": [
        {
          "institution": "iQhwchEIM7tNNZpxUogIr2iecy4hV42KXdSoYLeTaeo=",
          "url": "https://www.xing.com/search/members?keywords=okOxmuitT1J4jbbr0DbD2z9n1lTpfV5ihqc1YB4J9WI=",
          "degree": "Betriebswirtschaftslehre, Bachelor of Science (B.Sc.)",
          "eduDuration": "10/2009 - 01/2014"
        }
      ]
    },
    {
      "profile": [
        {
          "sex": "f",
          "memberSince_Hits": "12. November 2015 / 310",
          "currJobDescr": "e7nWe34GVEc0aFK1crwxvWEIxc4pyGCMqy1cX9IsD3Y=",
          "jobs": [
            {
              "jobTitle": "e7nWe34GVEc0aFK1crwxvWEIxc4pyGCMqy1cX9IsD3Y=",
              "company": "RyLgqJiA0SvYgY9CarnBdyuIj5ZlXOGRChWr91mdzGxM=",
              "company_url": "https://www.xing.com/companies/go?name=+7oy+RR6+L02qE+p7tg3aINGJvCRB9yxXWoB5v0QD+E=",
              "jobDuration": "11 Monat ",
              "jobDates": "03/2016 - 01/2017"
            },
            {
              "jobTitle": "IxL94gRloH0b3jdBFoCVxpwZ9LhiX67o9wUxyPRdULg=",
              "company": "SV6UtBK4cEPdM3J9TKfJOvr9Uk3rVxFujT8qVDERL6Ak=",
              "company_url": "https://www.xing.com/companies/go?name=p0qMlLL42NUouX1W68w171lWbfbEkfNcDNFa3w3ms6E=",
              "jobDuration": "2 Jahr, 4 Monat ",
              "jobDates": "08/2013 - 11/2015"
            },
            {
              "jobTitle": "0D9RAvumo3SvZpVtV9rVlfT2PsxupQdxocH9L/j+7tA=",
              "company": "AGKHoPAzPB7NwN3Wvz9X9K/lIJr5XXYVkkh+10vTL48c=",
              "company_url": "https://www.xing.com/companies/go?name=WiXBvThftUnGi1Y9xFWzjPr9x6OsauUzJ95X2bgfZes=",
              "jobDuration": "2 Monat ",
              "jobDates": "06/2014 - 07/2014"
            },
            {
              "jobTitle": "KkXaoHLhZACQKysQ/JCpk6mlhnPnE84NLGQQbLGynS8=",
              "company": "CvOsHIWVzknzw9NIrXhdvrhEGUJyhl3kFIUr32xLcyVY=",
              "company_url": "https://www.xing.com/companies/go?name=XWi1jvFZYCpQLfbo3cJq0kQ72w7/bduxYQWKQsVTpHM=",
              "jobDuration": "2 Monat ",
              "jobDates": "07/2013 - 08/2013"
            },
            {
              "jobTitle": "RA1PjHsEvQIkdQVOZROnqBDJQ+H8jPqvEniKIqJudeg=",
              "company": "T9jQ1hayn7I8yt35J4pTbd359mUJtTHYmtAkPk/fgxv8=",
              "company_url": "https://www.xing.com/companies/go?name=SnoUlQw86X2Tbj2ZvLmNmoyaI1mWWQWhPtW6c73ig1w=",
              "jobDuration": "3 Monat ",
              "jobDates": "05/2011 - 07/2011"
            }
          ]
        }
      ],
      "languages": [
        {
        }
      ],
      "education": [
        {
          "institution": "Be52mMKVz32ocAVG333F1lii+HHo06xZMi71jRgigJs=",
          "url": "https://www.xing.com/search/members?keywords=kS/Q46VhUHoNEhT3Z5sJ2jFrKKAtHwPQ++GLPigLOUE=",
          "degree": "Marketing, Bachelor of Science in Business Administration",
          "eduDuration": "08/2011 - 05/2015"
        }
      ]
    },
    {
      "profile": [
        {
          "sex": "f",
          "memberSince_Hits": "16. Dezember 2014 / 218",
          "currJobDescr": "YZ9fi7WgLW50H7cw1z6quzy3BQd2QiTKwKNOLJ6Up3g=",
          "jobs": [
            {
              "jobTitle": "YZ9fi7WgLW50H7cw1z6quzy3BQd2QiTKwKNOLJ6Up3g=",
              "company": "KqAag+hRsxqddPUf8poSkA+aS+pxfQ9TJragXtAjGJfU=",
              "company_url": "https://www.xing.com/companies/go?name=iG1XEN2oQlAB1OnX6X1G0cpdXKolyRO+Dv9vf47AMPc=",
              "jobDates": "bis heute"
            }
          ]
        }
      ],
      "languages": [
        {
        }
      ]
    },
    {
      "profile": [
        {
          "sex": "f",
          "memberSince_Hits": "14. Mai 2014 / 556",
          "currJobDescr": "5dkZruQJu5KJyJVd70NFWCTnpd7/3Msunk8iB/M7nY8=",
          "jobs": [
            {
              "jobTitle": "5dkZruQJu5KJyJVd70NFWCTnpd7/3Msunk8iB/M7nY8=",
              "company": "SYzjNv+mAIvM+J+vBatfS9O0g8rGXwXTHvq0k00CvsEM=",
              "company_url": "https://www.xing.com/companies/go?name=HbomHZ8Ep7oV0Bz/hx1rWY30b4z8hLIDvKoUtmiNrD0=",
              "jobDuration": "10 Monat ",
              "jobDates": "04/2016 - 01/2017"
            },
            {
              "jobTitle": "JN+1b2qi1w1vadxUbNZAaJ1AE5ClC/kqp2Q0GKRUniw=",
              "company": "SRFKN9AZDNWG+Zo37YIf+MwUtivN+r9QZI6LcNDdtbv4=",
              "company_url": "https://www.xing.com/companies/go?name=Dfd5k7D3tN4R8nm9mTHZ7AhL829FKtkPQshI6ldt53E=",
              "jobDuration": "6 Monat ",
              "jobDates": "10/2015 - 03/2016"
            },
            {
              "jobTitle": "0AkjZZB/P6C7TGJ1x0Btn3UC2dY1xjeQQSp7891WOdk=",
              "company": "SRFKN9AZDNWG+Zo37YIf+MwUtivN+r9QZI6LcNDdtbv4=",
              "company_url": "https://www.xing.com/companies/go?name=Dfd5k7D3tN4R8nm9mTHZ7AhL829FKtkPQshI6ldt53E=",
              "jobDuration": "6 Monat ",
              "jobDates": "05/2015 - 10/2015"
            },
            {
              "jobTitle": "JN+1b2qi1w1vadxUbNZAaJ1AE5ClC/kqp2Q0GKRUniw=",
              "company": "SHEMsZ8sKFZmiu4zDYCbryFyRmrtEmuGHCFfxlPbhy/I=",
              "company_url": "https://www.xing.com/companies/go?name=QWf3M4DkPgd9yjkJKvNSkOyUrDxnO7ChdbbZE6eduzw=",
              "jobDuration": "1 Jahr, 6 Monat ",
              "jobDates": "10/2013 - 03/2015"
            },
            {
              "jobTitle": "0AkjZZB/P6C7TGJ1x0Btn3UC2dY1xjeQQSp7891WOdk=",
              "company": "If9z+wKNI+LOpr1ePBZpfFxS/wGdfvHBydAaxxbGOH/8=",
              "company_url": "https://www.xing.com/companies/go?name=yvfzMEQyGCihZN2HpsVNiSGroOYRwCW7vvcz24TdzXI=",
              "jobDuration": "2 Monat ",
              "jobDates": "08/2013 - 09/2013"
            },
            {
              "jobTitle": "K+LXztDUYxAFZBFTdNj3fXTUUpQ1EQ7k6Qh9lJClTGU=",
              "company": "BCW86YTZFVWpibWUCZgm+FQjXBJPBdgrYokhGFaI7P/U=",
              "company_url": "https://www.xing.com/companies/go?name=2fcBpbol3ySMCieuQ9Iza9BCeMneWuUAXSORN9MQmgg=",
              "jobDuration": "1 Jahr, 5 Monat ",
              "jobDates": "02/2008 - 06/2009"
            }
          ]
        }
      ],
      "languages": [
        {
        }
      ],
      "education": [
        {
          "institution": "XpVtg3eH1dMCjYPSdM2XDtMcsrjefkj7zIPUsDjTEdw=",
          "url": "https://www.xing.com/search/members?keywords=JeJiEXjcyAFTy2OzbiBkfEuNmiVYXbiopEcUk29qC30=",
          "degree": "Kommunikations- und Medienmanagement, Bachelor of Arts"
        }
      ]
    },
    {
      "profile": [
        {
          "sex": "f",
          "memberSince_Hits": "25. November 2010 / 2887",
          "currJobDescr": "e7nWe34GVEc0aFK1crwxvWEIxc4pyGCMqy1cX9IsD3Y=",
          "jobs": [
            {
              "jobTitle": "e7nWe34GVEc0aFK1crwxvWEIxc4pyGCMqy1cX9IsD3Y=",
              "company": "DCMCJhGJMhCxrUw/2LbraWGu8wg8tpEYbVY5iGtD24OA=",
              "company_url": "https://www.xing.com/companies/go?name=4h6kCGiNOlnRdRs1nKACDqT3ud8Ao3WtU7SbwJOYFT0=",
              "jobDuration": "1 Jahr, 11 Monat ",
              "jobDates": "03/2015 - 01/2017"
            },
            {
              "jobTitle": "gjPc5k/QvZP1So/HPhnyuIY+CYdETdHLexBjBDRypRc=",
              "company": "Skdg0u9mpZyAbRjib5cxfiuOKbzd8mdfI88V6n1WKCDQ=",
              "company_url": "https://www.xing.com/companies/go?name=76cGEgbAQX5Yd9uvImGmI8jsd5uSq2rdwUzwW1aPVz0=",
              "jobDuration": "4 Monat ",
              "jobDates": "04/2014 - 07/2014"
            },
            {
              "jobTitle": "Wv0VXtdQtGjm/lFKde6hLRTb6gn2F07OR0xGAm+BrQA=",
              "company": "BcJDOxlRYmp3dX2iK8eCWQiP917Qof8xmeCpfkfY4E/k=",
              "company_url": "https://www.xing.com/companies/go?name=PCMM5moN0Apg9dLgfq9iBB4fGM67CUYOaYfQ5kk0/wY=",
              "jobDuration": "6 Monat ",
              "jobDates": "08/2013 - 01/2014"
            },
            {
              "jobTitle": "yyYet/2qMD6r+lLk2fIa1AMb68e0ybSfJNgdmaQ+uMU=",
              "company": "SoB8aJtwAiuVA3QFYqpUjiAxJB3g38DoTGX9pu2kT5T8=",
              "company_url": "https://www.xing.com/companies/go?name=vrhLmDNyo6NiU1LHYQ/uvItbyTP8dUXXP9Rt22YvXt4=",
              "jobDuration": "1 Jahr, 7 Monat ",
              "jobDates": "12/2011 - 06/2013"
            },
            {
              "jobTitle": "uTj2wTfE4rFCJ0bkokPpphV5JKxl9mDUcU4pvEinHEw=",
              "company": "CWQLdul5PSsx9euHmF156I8npFt888nKz89WOchspf+Q=",
              "company_url": "https://www.xing.com/companies/go?name=c2SV2I0L49QyuEuTC6PB77ywRPsANJqVcgME4nZucPU=",
              "jobDuration": "3 Monat ",
              "jobDates": "10/2012 - 12/2012"
            },
            {
              "jobTitle": "Qjl5/nKMviogLZ7Yl56q+gYpffNkJjTtbqoHkiQwh38=",
              "company": "U2fy4+RzqFlCOxsBD42yuSQqr4fFcJdEwsMniEd+5ee8=",
              "company_url": "https://www.xing.com/companies/go?name=ZwTToktXMCBb04np3NZTWH+1FFY72Z+Y9ULxLXmot6c=",
              "jobDuration": "2 Jahr, 1 Monat",
              "jobDates": "07/2010 - 07/2012"
            },
            {
              "jobTitle": "X6Ygg1Ijkkxg9xpde4F7obkj4QUDbG3xDs7h684EJZI=",
              "company": "P2hkCjSpQvhviNYa9dRJpQLuDg9GOOgBXzoiCtYx6kkE=",
              "company_url": "https://www.xing.com/companies/go?name=6Oh81oIpf+JPKB/w8pO+MsJEqjpaJFRqkOrd0Jo0ElI=",
              "jobDuration": "3 Monat ",
              "jobDates": "01/2012 - 03/2012"
            },
            {
              "jobTitle": "BtBzx/gEcf/cooNa5gwCaJI+w+1C0aJ0R2gZfYDEEzQ=",
              "company": "PIrNzyaLpAVySvHr/BohX3EYIJKEZ6zpdhQa8uosx9G4=",
              "company_url": "https://www.xing.com/companies/go?name=bce470V8VyFmXD9qRuPDj8+rK0WvciPR5OLMjTUCoj8=",
              "jobDuration": "2 Monat ",
              "jobDates": "07/2008 - 08/2008"
            }
          ]
        }
      ],
      "languages": [
        {
        }
      ],
      "education": [
        {
          "institution": "Vbl0tUEDoMEYdM0sSvofnHYBi5zx6g8EydPSByyHMAE=",
          "url": "https://www.xing.com/search/members?keywords=C30m/q9OPu0rIUXFSV+X1p1UGAV+7Qwaibj4YkMB2gs=",
          "degree": "CEMS MIM - Master of International Management, MSC",
          "eduDuration": "08/2012 - 12/2012"
        },
        {
          "institution": "1sQSoygIYNiuNs7ujbJjydCx5RzAVwlpjnOIlx/ebS0=",
          "url": "https://www.xing.com/search/members?keywords=ZYk35zAqqcLf5QP96O9DtjlU64EcFsCFt3RXcpM6AoQ=",
          "degree": "CEMS MIM - Master of International Management, MSc",
          "eduDuration": "10/2011 - 04/2014"
        },
        {
          "institution": "GnnrbBGDfTnw2EA3IXa46+vL2Zro+CJLVeR7G4yrJr8=",
          "url": "https://www.xing.com/search/members?keywords=usqnRQRRvVzhHkghQXfJz7JmW+iGnx7Pw+7IvKpHbOA=",
          "degree": "IB&M",
          "eduDuration": "02/2010 - 07/2010"
        },
        {
          "institution": "KgV3CGuaC3DqwWVSq2zhA0wEePcnJhB81VawE0yz8MM=",
          "url": "https://www.xing.com/search/members?keywords=i/cfyYh9q9FgPIQ1LlzynZ4V1ekosiNwJBmGocAnEt8=",
          "degree": "International Summer University",
          "eduDuration": "08/2009 - 09/2009"
        },
        {
          "institution": "yv1f7fir++jSWKxhtJ36aLhsDHfECen2B86XfSkkMDA=",
          "url": "https://www.xing.com/search/members?keywords=pVaMFbTcoBKwZc/IFMYlp4QF9oK0vczIMRmgKkrqDOw=",
          "degree": "International Business Administration",
          "eduDuration": "10/2007 - 03/2011"
        }
      ]
    },
    {
      "profile": [
        {
          "sex": "m",
          "memberSince_Hits": "18. August 2009 / 2212",
          "currJobDescr": "cwMgUMCNTCUOPwnEEJh5n3vv6KnBIg+K4K5QeAIc5Aw=",
          "jobs": [
            {
              "jobTitle": "cwMgUMCNTCUOPwnEEJh5n3vv6KnBIg+K4K5QeAIc5Aw=",
              "company": "bSYAHpJKDSfrQkZ4zWVH5cFdMFo685cApKLcpYJJN+wE=",
              "company_url": "https://www.xing.com/companies/go?name=6q03QlGnCKTmX+9Q5hLHjxLF8zIysA6loBjgT1P/xdo=",
              "jobDuration": "4 Jahr, 4 Monat ",
              "jobDates": "10/2012 - 01/2017"
            },
            {
              "jobTitle": "2F+Ll8RRiHT0P36EjfzkNfFadv12FZaeN9/5FVVUQ4E=",
              "company": "bSYAHpJKDSfrQkZ4zWVH5cFdMFo685cApKLcpYJJN+wE=",
              "company_url": "https://www.xing.com/companies/go?name=6q03QlGnCKTmX+9Q5hLHjxLF8zIysA6loBjgT1P/xdo=",
              "jobDuration": "2 Jahr, 3 Monat ",
              "jobDates": "07/2010 - 09/2012"
            },
            {
              "jobTitle": "+y4jyVki+XkfYeRbD0ToVlaf8YKenEHWmQ+lxq4LeFs=",
              "company": "Aj5gmAJGK4Oxtwf/S9RDz9HI0yodqdkZTh1hglWQYN+g=",
              "company_url": "https://www.xing.com/companies/go?name=2So0CXRr0msZ31yK45vXAryL1rjywFD+Gh//K5OYPDA=",
              "jobDuration": "1 Jahr, 1 Monat",
              "jobDates": "06/2009 - 06/2010"
            },
            {
              "jobTitle": "XYNcNj/3dY5pEs0ATaBf2bv0vN06njLRaDuDEfyXQX4=",
              "company": "AkErWQhap2FkXS7OPBVbmi+LlKGQMWSxCDKzSOV/+vLY=",
              "company_url": "https://www.xing.com/companies/go?name=PeTWiSAq/yfpUSoQl8btcQyNAuOjWg6GlvZLBVcLjfo=",
              "jobDuration": "1 Jahr, 1 Monat",
              "jobDates": "03/2008 - 03/2009"
            },
            {
              "jobTitle": "ApzmfOVGCYswois/wGkXfSf2We5cz6vQ3xxVFp0D3Zc=",
              "company": "AaTtLgYhy31dvQPLtmgS3MiEx+nx0ykde4KnuAo9YqEE=",
              "company_url": "https://www.xing.com/companies/go?name=qfk2TAUrLx64inBl5dy8RejNxQ54Gu1DwZPpehBoWaI=",
              "jobDuration": "8 Monat ",
              "jobDates": "06/2008 - 01/2009"
            }
          ]
        }
      ],
      "languages": [
        {
        }
      ],
      "awards": [
        {
        }
      ]
    },
    {
      "profile": [
        {
          "sex": "f",
          "memberSince_Hits": "11. Januar 2009 / 609",
          "currJobDescr": "e7nWe34GVEc0aFK1crwxvWEIxc4pyGCMqy1cX9IsD3Y=",
          "jobs": [
            {
              "jobTitle": "e7nWe34GVEc0aFK1crwxvWEIxc4pyGCMqy1cX9IsD3Y=",
              "company": "H6vbw2xenMX0mQlnQVjZaduH84TXmHSlptD91klcX6cc=",
              "company_url": "https://www.xing.com/companies/go?name=1ViJDgHPs0i98wpMdWe5jVFaL6ul+b8S1gyXFFeQBJo=",
              "jobDuration": "1 Jahr, 11 Monat ",
              "jobDates": "03/2015 - 01/2017"
            },
            {
              "jobTitle": "n9s8KKlbvdgvmrSa9j3lQs+UNnOWVFQvSP68pkufo7Y=",
              "company": "w6WpscpAvamDjnbOCD22KJx0MpWwDfbSUfoLDXGb7YQg=",
              "company_url": "https://www.xing.com/companies/go?name=mTjlL8qK6XhUuT2pxY4y8vJ/RZgUaok1fSN/wihRrHI=",
              "jobDates": "2003 - 2015"
            },
            {
              "jobTitle": "OTO6Pds8OUoCc+F5xSqGSdjlDeVL+z/RPOEphIUllNI=",
              "company": "fB8hM5EKKCFxUqDpp+NhEaCfnhEo6NJoIP40aH6zRnao=",
              "company_url": "https://www.xing.com/companies/go?name=rDWKhSdPjNaOQsynqCDqPFVnqmtlTbGDRRiFshtAc50=",
              "jobDates": "1998 - 2002"
            },
            {
              "jobTitle": "dEANCNDAX9b2yzBlgYXRxtyjQvB90uGie0L1mjPU9Sg=",
              "company": "M56uAcQt+FmKOFkb+S6io4ZLsGG6PvwFLgk21JHB8W2k=",
              "company_url": "https://www.xing.com/companies/go?name=6YpfIkevskB02CTitBv7BWf2H75ChqJYZMSNxOld15M=",
              "jobDates": "1995 - 1998"
            },
            {
              "jobTitle": "fuHQbkDBzdb9mbzDdh7GW438pCTlwGQ4wJmtJfNKShc=",
              "company": "TiMEwfR+A7Dk/efJfg4yPKqcb5K5OcVG3DqLVmlR6SuI=",
              "company_url": "https://www.xing.com/companies/go?name=Nag6DnVCbJc3WN+JkXYO0MkA0dqLkAi3Ipcwqz4Qe4s=",
              "jobDates": "1994 - 1995"
            }
          ]
        }
      ],
      "languages": [
        {
        }
      ]
    },
    {
      "profile": [
        {
          "sex": "f",
          "memberSince_Hits": "9. Januar 2014 / 372",
          "currJobDescr": "e7nWe34GVEc0aFK1crwxvWEIxc4pyGCMqy1cX9IsD3Y=",
          "jobs": [
            {
              "jobTitle": "e7nWe34GVEc0aFK1crwxvWEIxc4pyGCMqy1cX9IsD3Y=",
              "company": "TW/6lkUGP4woB2ba2T5hIANqxFyTIKgT1YqAT71ouEtY=",
              "company_url": "https://www.xing.com/companies/go?name=2/I1SANt1WSVQNcd56YOqHpp3ErinB4X8Ezg/OGQFzA=",
              "jobDates": "bis heute"
            }
          ]
        }
      ],
      "languages": [
        {
        }
      ]
    },
    {
      "profile": [
        {
          "sex": "m",
          "memberSince_Hits": "18. August 2006 / 6980",
          "currJobDescr": "aUJFOQbzL2nZGGTPY3dP8rcCZogJBbjP+7vdjLInZFY=",
          "jobs": [
            {
              "jobTitle": "aUJFOQbzL2nZGGTPY3dP8rcCZogJBbjP+7vdjLInZFY=",
              "company": "GOn3iMRV9skf2Eziw4I3sIKG0kazm+ee/qfuK111soBo=",
              "company_url": "https://www.xing.com/companies/go?name=4x9aBaV9HmybC6S1AAXZ4fezJTnO16Ba5VAptmK1KoQ=",
              "jobDuration": "6 Monat ",
              "jobDates": "08/2016 - 01/2017"
            },
            {
              "jobTitle": "TiVVndOuq0ag/OMf6dxmfw91R762WsadifFX+D3AoQw=",
              "company": "GOn3iMRV9skf2Eziw4I3sIKG0kazm+ee/qfuK111soBo=",
              "company_url": "https://www.xing.com/companies/go?name=4x9aBaV9HmybC6S1AAXZ4fezJTnO16Ba5VAptmK1KoQ=",
              "jobDuration": "1 Jahr, 3 Monat ",
              "jobDates": "06/2015 - 08/2016"
            },
            {
              "jobTitle": "xbWpholhP8N+Wf26amJh/XcI43jOosbzQwEFq4Mem+w=",
              "company": "LW8Q3CAiTU2FTlzliPZ2H7YFzbY3ptTE4QRxZ3NzpcnM=",
              "company_url": "https://www.xing.com/companies/go?name=FlUqwwLKUFxLCH+r0JfFcTwonX70v8AFvBCu1u4ttro=",
              "jobDuration": "1 Jahr, 1 Monat",
              "jobDates": "05/2014 - 05/2015"
            },
            {
              "jobTitle": "bZb5KFbVpiPy0w/O9Pve39GfHgKc6ARoA6s+IrH7A/k=",
              "company": "LW8Q3CAiTU2FTlzliPZ2H7YFzbY3ptTE4QRxZ3NzpcnM=",
              "company_url": "https://www.xing.com/companies/go?name=FlUqwwLKUFxLCH+r0JfFcTwonX70v8AFvBCu1u4ttro=",
              "jobDuration": "2 Jahr, 10 Monat ",
              "jobDates": "07/2011 - 04/2014"
            },
            {
              "jobTitle": "PP3elofiWprZSUgwFbMbkg6HJnHw/nb51TW/ZPB/Uog=",
              "company": "LW8Q3CAiTU2FTlzliPZ2H7YFzbY3ptTE4QRxZ3NzpcnM=",
              "company_url": "https://www.xing.com/companies/go?name=FlUqwwLKUFxLCH+r0JfFcTwonX70v8AFvBCu1u4ttro=",
              "jobDuration": "4 Monat ",
              "jobDates": "04/2011 - 07/2011"
            },
            {
              "jobTitle": "5o9qWD2T7XIaXbImr5pl94zcnsY5cuJEjvemihoHiPI=",
              "company": "EvY0iOTyFrr/dTnwjtxBp/aswm6qY++wcFd8vxGRl4Qs=",
              "company_url": "https://www.xing.com/companies/go?name=P5GT+fRk0N7YXYgyrm82PlPzNjkK2cfFyKasOVDX0SM=",
              "jobDuration": "9 Monat ",
              "jobDates": "03/2010 - 11/2010"
            },
            {
              "jobTitle": "YOZmbMPbigAIfkvXMouek88yLYxXaDUJ+uaKjRfd8pk=",
              "company": "EvY0iOTyFrr/dTnwjtxBp/aswm6qY++wcFd8vxGRl4Qs=",
              "company_url": "https://www.xing.com/companies/go?name=P5GT+fRk0N7YXYgyrm82PlPzNjkK2cfFyKasOVDX0SM=",
              "jobDuration": "3 Monat ",
              "jobDates": "01/2010 - 03/2010"
            },
            {
              "jobTitle": "PvnuZUSeAQwjQcaJcz5M1vxn5mNOmo461pUrE5E6uNQ=",
              "company": "B8ktiYQicQ105O89MfKLnuzqaqNcJ3WTO5exk2XHxyp4=",
              "company_url": "https://www.xing.com/companies/go?name=Iuu414AM4W2Z+xppyzsLYAo94gmdt+CdmUpTKlZfdzo=",
              "jobDuration": "5 Monat ",
              "jobDates": "11/2007 - 03/2008"
            },
            {
              "jobTitle": "aMXCzR5bszU3T3cIV8lYsEU/yslXqmLk27B69ZqZJjA=",
              "company": "SaiMUgGerK0fodNax5TybVnYAGWY9whpbA1wL+d8NjZw=",
              "company_url": "https://www.xing.com/companies/go?name=Gt2yodtBdlXs16nn6iWHwRJxx9N1mHjEbHiKTW8IfWo=",
              "jobDates": "2008 - 2008"
            },
            {
              "jobTitle": "Ec3HsuxCsJoBqC/sAc0mgRoE/MvUtVnILirewg+9LkM=",
              "company": "PZZSbgIbmAm78+zS5cfeVAOjsGEwPwrwNBAgOJUxD4Zs=",
              "company_url": "https://www.xing.com/companies/go?name=keom1+X21mpI8i3uNlC546V8lCr4k+pC+2HVdirkdsA=",
              "jobDates": "2008 - 2008"
            },
            {
              "jobTitle": "58kBGok1n/zGmfiMpmvmGe6ZX9feapFFq1yd1SWlrPA=",
              "company": "ScKR3pXZqs7SesVkPjQyDzsNoWIn5poH+mgh0D7VyPyM=",
              "company_url": "https://www.xing.com/companies/go?name=W6xwh889pqBKfCB6SpByoXFLBUCFfsfmyAGCldIqnJQ=",
              "jobDates": "2008 - 2008"
            },
            {
              "jobTitle": "YOZmbMPbigAIfkvXMouek88yLYxXaDUJ+uaKjRfd8pk=",
              "company": "M49/VJnzm81iz16VNAN7yhhJLbFz8mvg95kr/trgq0E4=",
              "company_url": "https://www.xing.com/companies/go?name=oU0rvh08kHV0/oQChRDQo97BcCgEiAVdWpqgFpLqU+c=",
              "jobDuration": "2 Monat ",
              "jobDates": "02/2003 - 03/2003"
            },
            {
              "jobTitle": "YOZmbMPbigAIfkvXMouek88yLYxXaDUJ+uaKjRfd8pk=",
              "company": "cVvyR7GYoGasAkmxMsI3MEEpBZRiIrhO99gHfQT0uTdE=",
              "company_url": "https://www.xing.com/companies/go?name=FZ5rD8sO8Va6ZZ6knn0qxxkwWfwZ8v0DVA8QWDu6a48="
            }
          ]
        }
      ],
      "languages": [
        {
        }
      ],
      "education": [
        {
          "institution": "uUglwDKFTFg3gG0xCfaTPLKjLkAzIteEt+MVr3sfB9c=",
          "url": "https://www.xing.com/search/members?keywords=V3GG/rnXBI6B5YC7W+LkkXGoFnA25vYq1Jf60ykCVd8=",
          "degree": "Marketing",
          "eduDuration": "09/2010 - 12/2010"
        },
        {
          "institution": "KaDzXPvC6HW6kUZarIyTNK3LeiDKOu5//NjLZ6/0lpM=",
          "url": "https://www.xing.com/search/members?keywords=kFQb4HYLZQAQSP/vbHaSbZ0lI+OWdwmbEgZZS3u/R+w=",
          "degree": "Strategic Marketing Management, Master of Arts",
          "eduDuration": "09/2009 - 06/2011"
        },
        {
          "institution": "lyjjC6SS83g+dwaVxJ3lUMZbvmZjUZTaImONFg7l2C8=",
          "url": "https://www.xing.com/search/members?keywords=kVotbxPVdix09ci8B3AiOoTp3H0VFIJbKC8NjXl939A=",
          "degree": "Public Relations, BA (hons) Public Relations",
          "eduDuration": "2008 - 06/2009"
        },
        {
          "institution": "CWg5fKXXJnyuQQSdvT6NM/98XbNmxxyADOzHemswwLU=",
          "url": "https://www.xing.com/search/members?keywords=4jZmZ/sS/1Cc+V9HqE6q/UJCU8hi6UANcqPE8lyaJS0=",
          "degree": "Public Relations, PR Wirt WAM",
          "eduDuration": "2006 - 2008"
        },
        {
          "institution": "8l40F6S/e5Uy0jHO/jaMAQA7h/F3yZ90aK5f6DG0nj8=",
          "url": "https://www.xing.com/search/members?keywords=/zSMepNvetcJT06L+pZjt4USWcy4fw2gp0EpS7m9Q+A=",
          "degree": "Abitur",
          "eduDuration": "1995 - 2005"
        }
      ],
      "awards": [
        {
        }
      ]
    },
    {
      "profile": [
        {
          "sex": "m",
          "memberSince_Hits": "15. August 2011 / 2791",
          "currJobDescr": "ru9qbRg0TMvnerVZ7GV535YHTbjGylg5Zptn+PT/2eA=",
          "jobs": [
            {
              "jobTitle": "ru9qbRg0TMvnerVZ7GV535YHTbjGylg5Zptn+PT/2eA=",
              "company": "UnNz2fMl0jntrTLL1G/SxMUe7BIOv6Dn/rYQKWmKUfTc=",
              "company_url": "https://www.xing.com/companies/go?name=ly302EFWsQt6dgWMqOta7m67No7NNpEV44af6nFmTVg=",
              "jobDuration": "1 Jahr, 11 Monat ",
              "jobDates": "03/2015 - 01/2017"
            },
            {
              "jobTitle": "A56p26081Q1Quje/YvI6lWOmclQiPf6KEQwRmN2Jdx0=",
              "company": "Soq3JxDWZD8h+dhFo9rN3/duTEQmQl4Ay7k+bHa3c6TE=",
              "company_url": "https://www.xing.com/companies/go?name=vtpL6NEkMbnRqEY33B0gltQ/HI7QhPNz7/4hQNwVGrM=",
              "jobDuration": "1 Jahr, 5 Monat ",
              "jobDates": "04/2014 - 08/2015"
            },
            {
              "jobTitle": "CW4L1D6tsREvHGCE+pdaD/Or4QgE7WuFkjNaJOMZhqI=",
              "company": "SYov4jngy8DxZE6sMfmXFcIydWKXK77Yp3eewP7YcXXk=",
              "company_url": "https://www.xing.com/companies/go?name=S0xwpz/1QkRbpRFWuKyTXKNSRM/xn3OZEg9skham2KU=",
              "jobDuration": "4 Monat ",
              "jobDates": "10/2014 - 01/2015"
            },
            {
              "jobTitle": "QgvYQESY4+PsdVOLljDZjTaYuA4gG16puzf/Lh3bEkk=",
              "company": "UjmKk9D2zoO146iOrFRuav5L/Qismu+jxiVYaQkX4PeI=",
              "company_url": "https://www.xing.com/companies/go?name=NUzBKqEgxathD4N5sgMG105i9XHmaX9rtwz2NM55TsI=",
              "jobDuration": "2 Jahr, 11 Monat ",
              "jobDates": "10/2011 - 08/2014"
            },
            {
              "jobTitle": "BguHTo4sHhnUyfxgYnRTiwkFkXtvTusIarIul7O0u3E=",
              "company": "Pp9yhizhbUOR2QuxON3gYeCY7pEgZaYIK6M/eK9ZSq1A=",
              "company_url": "https://www.xing.com/companies/go?name=I52tNuvhRodQxkZ/4u6nYIqksSGlbgO1Yh53Rhp3G5g=",
              "jobDuration": "7 Monat ",
              "jobDates": "02/2011 - 08/2011"
            },
            {
              "jobTitle": "+y4jNDgazFDKR/qj8OY0196q1tH3Q80syCU/7t48tsE=",
              "company": "Tc/TEFbqZ/dYsRoSUItn8FS+X1Lmk844+WsPCu0W5C3I=",
              "company_url": "https://www.xing.com/companies/go?name=SHRv7yDZLxwOKgrJ5NgGr3hiluBJyXWJH3hFuyqLMhQ=",
              "jobDuration": "2 Monat ",
              "jobDates": "03/2010 - 04/2010"
            },
            {
              "jobTitle": "m64UZs35w4yZUPxE9CtrnH81DlU6s3Gr+Cy4WNi4uLA=",
              "company": "F/OjmOa2iHnx5z9MTgEVWWCtuBArbf1EhWv7BIWpA5vk=",
              "company_url": "https://www.xing.com/companies/go?name=oReQW961a7V/CnXninPQBXabhB7w0P8Gwq7opuJem6w=",
              "jobDuration": "2 Monat ",
              "jobDates": "08/2009 - 09/2009"
            }
          ]
        }
      ],
      "languages": [
        {
        }
      ],
      "education": [
        {
          "institution": "J3jXtua7TD9Z6JB1PC8fKmA5ufvttKkVZ1YZc8ruPVc=",
          "url": "https://www.xing.com/search/members?keywords=ELWBZPwfT1wTyzKRsi4BgG7CSE06cs4aMe0bVhhXmoU=",
          "degree": "Gestión de deporte",
          "eduDuration": "08/2012 - 03/2013"
        },
        {
          "institution": "4GBssxaRJkJSES/MafaVyX3GqMtcGFZzL+7xqwSQsrQ=",
          "url": "https://www.xing.com/search/members?keywords=2r8lvuLVQqh9xAAq1JysO5dpAF73PIqWEsd27Lx88i8=",
          "degree": "STAPS",
          "eduDuration": "08/2010 - 02/2011"
        },
        {
          "institution": "jmKk9D2zoO146iOrFRuav5L/Qismu+jxiVYaQkX4PeI=",
          "url": "https://www.xing.com/search/members?keywords=AcjGbV8NwNDvLzKWzE6VrZYmUAl/mApvoUqJ6gACVn8=",
          "degree": "Sportökonomie, Master of Science 2014",
          "eduDuration": "10/2008 - 12/2014"
        }
      ]
    },
    {
      "profile": [
        {
          "sex": "f",
          "memberSince_Hits": "4. Dezember 2012 / 2162",
          "currJobDescr": "e7nWe34GVEc0aFK1crwxvWEIxc4pyGCMqy1cX9IsD3Y=",
          "jobs": [
            {
              "jobTitle": "e7nWe34GVEc0aFK1crwxvWEIxc4pyGCMqy1cX9IsD3Y=",
              "company": "BICuvPLfgIbCHQpkObotnyhD4aMn+uNR5MC5OfRolqU8=",
              "company_url": "https://www.xing.com/companies/go?name=DrMCkKbs7D7roRruKtlA/G//WgyljkktZmtYI44XhP4=",
              "jobDuration": "1 Jahr, 10 Monat ",
              "jobDates": "04/2015 - 01/2017"
            },
            {
              "jobTitle": "EH5N3iyvBbBXofeZ1JotWsX4eTL8G8Xx5Fj85FkpEsM=",
              "company": "BXezjrt6uKAvOIUpgOqCMQWEWinHwaqPjtFxPARCirmA=",
              "company_url": "https://www.xing.com/companies/go?name=StGbvmRLej1O6mCGebeazIQLBaBniy/axi/vnZqxHe4=",
              "jobDuration": "7 Monat ",
              "jobDates": "09/2014 - 03/2015"
            },
            {
              "jobTitle": "ipakCg7UIvc0MJPHYdNI72XbOy513UIjWeLvkLQ45zo=",
              "company": "PROMV1HEC0BwKeilirzh1c87mPWkxCkRo1XV5JwUOYQU=",
              "company_url": "https://www.xing.com/companies/go?name=iBXZj78m226a2aCiw+rU5a46Ez/Xm/Oewe7QpGPo9RM=",
              "jobDuration": "6 Monat ",
              "jobDates": "02/2014 - 07/2014"
            },
            {
              "jobTitle": "dLI4lrqtzCb6KMvse423RrZuA+RywWvEmeDmrgPmPRo=",
              "company": "DHKYuQcdZ66X0hHDFdFX4TkE2N+Th8xZkxuONXkoaqEg=",
              "company_url": "https://www.xing.com/companies/go?name=FFeQY+w6HHnVHk50RCI5yYR+/m9hhrVtWlzk6z1jzZQ=",
              "jobDuration": "1 Jahr",
              "jobDates": "01/2013 - 12/2013"
            },
            {
              "jobTitle": "2oz37ET1tHwHHqrMbcpSfKalGAILRvt6MRE9A0IWY1k=",
              "company": "DHKYuQcdZ66X0hHDFdFX4TkE2N+Th8xZkxuONXkoaqEg=",
              "company_url": "https://www.xing.com/companies/go?name=FFeQY+w6HHnVHk50RCI5yYR+/m9hhrVtWlzk6z1jzZQ=",
              "jobDuration": "3 Monat ",
              "jobDates": "09/2012 - 11/2012"
            },
            {
              "jobTitle": "bJ6UbvAavgod2g7saqy2oUJE/rsHQ0lwglPFtOjj/Ro=",
              "company": "RuqXx3E6HktgOwanBqFmVt5uAdiChbf/K8zPEKVOLx3M=",
              "company_url": "https://www.xing.com/companies/go?name=ck06z6E3nwz4Hq9LduQsqxDsJmtT6HvZ+fKEF5JWhKk=",
              "jobDuration": "2 Monat ",
              "jobDates": "07/2012 - 08/2012"
            }
          ]
        }
      ],
      "languages": [
        {
        }
      ],
      "education": [
        {
          "institution": "r5ezb5o7jdd72pqfFHIYh6Nb+PQOIB3SemzU024bjNQ=",
          "url": "https://www.xing.com/search/members?keywords=xqfzLSZ9P0IFTKcABZ0jbI+awcnO3hooPVFNE9Z0hUE=",
          "degree": "Business Management - Marketing Management, Master",
          "eduDuration": "09/2013 - 07/2015"
        },
        {
          "institution": "Ulf5iuw7UrrLG28CuEeNTAnZtmmkzKy6pCC2HGHEa+0=",
          "url": "https://www.xing.com/search/members?keywords=7FXADilViDimOl4pv8aheuPUbPNkcyp5/qCGHW9JAw8=",
          "degree": "Wirtschaftskommunikation, Bachelor",
          "eduDuration": "10/2010 - 09/2013"
        }
      ],
      "awards": [
        {
        }
      ]
    },
    {
      "profile": [
        {
          "sex": "f",
          "memberSince_Hits": "14. Dezember 2015 / 120",
          "currJobDescr": "e7nWe34GVEc0aFK1crwxvWEIxc4pyGCMqy1cX9IsD3Y=",
          "jobs": [
            {
              "jobTitle": "e7nWe34GVEc0aFK1crwxvWEIxc4pyGCMqy1cX9IsD3Y=",
              "company": "Z7PRz86PFltQD4jR6T+N4IHu/VvIi1Tc28Y+quaWBwts=",
              "company_url": "https://www.xing.com/companies/go?name=CIUOM7hVfHDBWHf/1Hous302MFwVeJ138P9x7MP1CZc=",
              "jobDates": "bis heute"
            }
          ]
        }
      ],
      "education": [
        {
          "institution": "RQKXQkzPfv6s2COT8XgBzXqZakF8bnK33VdVaYkqIEQ=",
          "url": "https://www.xing.com/search/members?keywords=c7Wgk2dvwhynWIC+RkBCQ+HAPspD52pXM0GZBEPUgNY=",
          "degree": "Graphic design, Bachelor of Arts",
          "eduDuration": "08/2007 - 05/2011"
        }
      ]
    },
    {
      "profile": [
        {
          "sex": "f",
          "memberSince_Hits": "5. Juni 2014 / 1276",
          "currJobDescr": "e7nWe34GVEc0aFK1crwxvWEIxc4pyGCMqy1cX9IsD3Y=",
          "jobs": [
            {
              "jobTitle": "e7nWe34GVEc0aFK1crwxvWEIxc4pyGCMqy1cX9IsD3Y=",
              "company": "BNOTQ5g8pHeCI2F13OeZkKftKzgEni5gRsIqTw7hhprk=",
              "company_url": "https://www.xing.com/companies/go?name=69U/ZaUO9ZbEo+1Qbwx2FvSnLl+Ayc9HPgeem0MObzg=",
              "jobDuration": "1 Jahr, 6 Monat ",
              "jobDates": "08/2015 - 01/2017"
            },
            {
              "jobTitle": "MouRHH7dUkxH6uZRq/Rla8Ous1qVBB7HgkKRxtH8vVU=",
              "company": "BNOTQ5g8pHeCI2F13OeZkKftKzgEni5gRsIqTw7hhprk=",
              "company_url": "https://www.xing.com/companies/go?name=69U/ZaUO9ZbEo+1Qbwx2FvSnLl+Ayc9HPgeem0MObzg=",
              "jobDuration": "3 Jahre",
              "jobDates": "08/2012 - 07/2015"
            },
            {
              "jobTitle": "BtBzx/gEcf/cooNa5gwCaJI+w+1C0aJ0R2gZfYDEEzQ=",
              "company": "ShtTydsk78KIB60UaybDrg3PZRSRKYHbwf3MzNPFABOE=",
              "company_url": "https://www.xing.com/companies/go?name=9LzSmy4Li50fyRakk7g9Rr1WhIYKvYgQOmbuoQMbS00="
            }
          ]
        }
      ],
      "languages": [
        {
        }
      ],
      "education": [
        {
          "institution": "OufIS+qFW9uO3JgP8xexIZrJypwwAvPOtNf1MsDMmvs=",
          "url": "https://www.xing.com/search/members?keywords=Jv0qMLqe8SmAlGu5212UZcaIZEesUTFxA0YehUqpYyw=",
          "degree": "Kauffrau für Marketingkommunikation",
          "eduDuration": "08/2012 - 07/2015"
        }
      ]
    },
    {
      "profile": [
        {
          "sex": "m",
          "memberSince_Hits": "17. August 2015 / 831",
          "currJobDescr": "e7nWe34GVEc0aFK1crwxvWEIxc4pyGCMqy1cX9IsD3Y=",
          "jobs": [
            {
              "jobTitle": "e7nWe34GVEc0aFK1crwxvWEIxc4pyGCMqy1cX9IsD3Y=",
              "company": "FHiaHmEfe+jdj4wZ3I9gMd2RKAnx0nZAY8Fr91nOLdg4=",
              "company_url": "https://www.xing.com/companies/go?name=nIBSlXskBESPt7P33yt65eg8w/IhWRNYvRHW2ort3Sg=",
              "jobDuration": "1 Jahr, 6 Monat ",
              "jobDates": "08/2015 - 01/2017"
            },
            {
              "jobTitle": "WdAJNDGG5NfBt5xVg8MKbP/MeRDUflcPqeGzOR8awrY=",
              "company": "HoUQAhyIWpqKlgUHAKJ3AqwaaSJiUstCEXX55l+ZLBR4=",
              "company_url": "https://www.xing.com/companies/go?name=zegJVyrKA2mKEY8lgJHIlLtrLdO7xtxHp2hXVku4HwU="
            },
            {
              "jobTitle": "FvPnDtWaiEWGBk/1NADOG9HOSVaQ2DOMjfJpRyXNN4Q=",
              "company": "GyLDoChG4ymaxOFQVGGzFLNEL5s+XmMYnadmy8pff5tc=",
              "company_url": "https://www.xing.com/companies/go?name=hiX4/2gAokNr5yVgKzWfqqGm4GKSHAFlGj2QnKGOeJ8="
            }
          ]
        }
      ],
      "languages": [
        {
        }
      ],
      "education": [
        {
          "institution": "V24deysmGiNUU5KdcE15vrGKyHo4Cm4e0ScYDf0xm04=",
          "url": "https://www.xing.com/search/members?keywords=4VhHYyzNBOWzTXpiTpK4PMCaxmp54iodNSN1qxin0iI=",
          "degree": "Information & Innovation",
          "eduDuration": "09/2016 - 02/2017"
        },
        {
          "institution": "nwpK75FPuUqoZXovU4+mfMfXR0e2D6aXTNaBy6yQTGc=",
          "url": "https://www.xing.com/search/members?keywords=B/KoXx0R1qv5fr3cRY2dmV6EgF2slT4a5EtAUqXWclo=",
          "degree": "Business Informatics and digital media"
        }
      ]
    },
    {
      "profile": [
        {
          "sex": "m",
          "memberSince_Hits": "17. März 2015 / 734",
          "currJobDescr": "sU9CpwEHGnkFr0GlBN/7ds2sK4FiuYfxbjYC4/2OVkk=",
          "jobs": [
            {
              "jobTitle": "sU9CpwEHGnkFr0GlBN/7ds2sK4FiuYfxbjYC4/2OVkk=",
              "company": "DANtdI4nrGh66kJB6hbbxmUkngNMJKYaEbzgKNewDGYg=",
              "company_url": "https://www.xing.com/companies/go?name=FkWbXyN54k0Q+/ah1CG10JR3CgnGkMx764qDkLAOOSo=",
              "jobDuration": "7 Monat ",
              "jobDates": "07/2016 - 01/2017"
            },
            {
              "jobTitle": "ib2wQjIn2nhbZZSedjNyQNw6tXMb5/NB86HTCkpKmN4=",
              "company": "ZElDntI62r24oeyQCHiJti4f8tsge9tRkLQyItZJrals=",
              "company_url": "https://www.xing.com/companies/go?name=ebk7mPyymCYdQF6kne4ip10OeldhBtKNZDKDIM7uj8o=",
              "jobDuration": "11 Monat ",
              "jobDates": "08/2015 - 06/2016"
            },
            {
              "jobTitle": "ngGlDKhace8RNs3Q1+r2xwLQdSUW54zhgSrcmSDG+xg=",
              "company": "Kt0A0H+lPG9rF/pTEwVCMD3HHBkEK4ufWobYaDEl0AaY=",
              "company_url": "https://www.xing.com/companies/go?name=qMEcWQKqTn09BnUjFF2Wd57ZsGthTAjUe4L2jETwV0E=",
              "jobDuration": "1 Monat",
              "jobDates": "02/2016 - 02/2016"
            },
            {
              "jobTitle": "BWS2VF1+aoyPmMiAozrv8irWNQAE6OMnlMb287cnQjI=",
              "company": "DqDsrgc1nQei0tTJQcmZd2iuK0BkD9yJc6eG5jdF83+E=",
              "company_url": "https://www.xing.com/companies/go?name=FN3mNLs/INAh9mgGZ7mDBvUqHLT9ZZ3iU8b5GvOjWkY=",
              "jobDates": "2012 - 2016"
            },
            {
              "jobTitle": "+Pvd3LxcUSiWYg4q6Fp8JwhHJA1EZre2eIvfcSQ0vgI=",
              "company": "VA/IU+aQutij+Cpb8B4m1ZJsys5hQsdk2kPvvDGXUOnE=",
              "company_url": "https://www.xing.com/companies/go?name=tsCnUz6t2g2NVlp7aQROuf1KVZI40FnPolmAeR36z08=",
              "jobDuration": "6 Monat ",
              "jobDates": "07/2012 - 12/2012"
            },
            {
              "jobTitle": "3kaN56OHNtwN9etjlUvaJCwcdYwCqD1DNi6nAEqd2zY=",
              "company": "SFENiGZPZvtbYpoUjXBLh4H4GdWDkpTDJ7x4iZxSy7ZY=",
              "company_url": "https://www.xing.com/companies/go?name=kp5lVWJ8V8qI9nE0aaYtmdZ+w8iHApCu1qisboIpNq8=",
              "jobDuration": "4 Monat ",
              "jobDates": "06/2011 - 09/2011"
            },
            {
              "jobTitle": "MMYW9RPeOgtKdl17sOawua3A/hviS/UaqeedSgzJMv4=",
              "company": "SFENiGZPZvtbYpoUjXBLh4H4GdWDkpTDJ7x4iZxSy7ZY=",
              "company_url": "https://www.xing.com/companies/go?name=kp5lVWJ8V8qI9nE0aaYtmdZ+w8iHApCu1qisboIpNq8=",
              "jobDuration": "3 Jahre",
              "jobDates": "08/2008 - 07/2011"
            }
          ]
        }
      ],
      "languages": [
        {
        }
      ],
      "education": [
        {
          "institution": "eLf7fvozk/Dfxaw+2yExvHuPrJdyIIfR9ykNHkOAA0A=",
          "url": "https://www.xing.com/search/members?keywords=NPnAo7qkHo3JpvDCwQMnjlI1Cwqm1DQActpPiplhTFk=",
          "degree": "Gesellschaftsfragen, Japanische Sprache, Programmierung, Stipendiat der Uni Bonn und des DAAD",
          "eduDuration": "09/2013 - 09/2014"
        },
        {
          "institution": "8LlIALZhSnsn5Aci7xNkR7IY9MaDcTf4iQZhB683MiY=",
          "url": "https://www.xing.com/search/members?keywords=mrWH7pZN/gqpf1mGKpP9lBImlSE64XZ0qNtKjrvyybA=",
          "degree": "Asienwissenschaften (Wirtschaft und Gesellschaft Japans), Bachelor of Art (B.A.)",
          "eduDuration": "10/2011 - 07/2015"
        }
      ]
    },
    {
      "profile": [
        {
          "sex": "f",
          "memberSince_Hits": "29. August 2007 / 3143",
          "currJobDescr": "OcR55qVn7DsHwjrP3OJrFnQBdEp84h2hqpNPYw8+MDw=",
          "jobs": [
            {
              "jobTitle": "OcR55qVn7DsHwjrP3OJrFnQBdEp84h2hqpNPYw8+MDw=",
              "company": "SgH5E9oYFgYJm+LXx/UU1v2ZzFfuZ1CuYr1ac9YHGXXE=",
              "company_url": "https://www.xing.com/companies/go?name=8ygq4rrSc98MylMbAxekCr02MaIalyDZuyyhbRenHYs=",
              "jobDuration": "3 Jahr, 5 Monat ",
              "jobDates": "09/2013 - 01/2017"
            },
            {
              "jobTitle": "nOnK/iYQWX4++vTWzrUcWgR9KE8oV3SvHy6fgQ3WyzY=",
              "company": "GTPJHPqWA6E4KfQpqs280q70nzPNeduuLCMLw8mCsPOA=",
              "company_url": "https://www.xing.com/companies/go?name=IJ9VdcpkluDEQ/m1kUfEfHYmpVGgLTZ1I5tTLTPTS4Q=",
              "jobDuration": "2 Jahr, 1 Monat",
              "jobDates": "07/2011 - 07/2013"
            },
            {
              "jobTitle": "cF/9Yg4EXEohYrGoi3Ma1UoITLz6sS/GuJEMqDkfWyw=",
              "company": "GTPJHPqWA6E4KfQpqs280q70nzPNeduuLCMLw8mCsPOA=",
              "company_url": "https://www.xing.com/companies/go?name=IJ9VdcpkluDEQ/m1kUfEfHYmpVGgLTZ1I5tTLTPTS4Q=",
              "jobDuration": "1 Jahr",
              "jobDates": "08/2010 - 07/2011"
            },
            {
              "jobTitle": "PzktyIztScteUkOvLd4Natwq+fONjYIvEoLwA6EanFE=",
              "company": "DlOFbjCirm8qX1VVW3B3k4jfDUMvXzrgiUoPdcsi87Yo=",
              "company_url": "https://www.xing.com/companies/go?name=a9PuPamu8qjJu+atlbEzEBgMeQW74mjSrp95EljJVns=",
              "jobDuration": "3 Monat ",
              "jobDates": "02/2009 - 04/2009"
            },
            {
              "jobTitle": "PzktyIztScteUkOvLd4Natwq+fONjYIvEoLwA6EanFE=",
              "company": "TyRxzv7ctpBSjdLfEe4kxkfJmz9KnZnWNcQ6mGjNizvI=",
              "company_url": "https://www.xing.com/companies/go?name=ZE+lP+Dt6v8lrT8gKSPH5p1aY4BaLeoT860hY+NIqW0=",
              "jobDuration": "3 Monat ",
              "jobDates": "11/2008 - 01/2009"
            },
            {
              "jobTitle": "02hOISah6n1uSw+UsmT2BgZSMVvo3j+IBSMnPBWGGno=",
              "company": "GtfLgeMGbTjopi/RUM8gkFtkbK9N/dDomUpJEl8ThSMY=",
              "company_url": "https://www.xing.com/companies/go?name=ByC2wTssMfk1nCu1V0bOtqNeEOkjCggK6UhoiTiOVD8=",
              "jobDuration": "9 Monat ",
              "jobDates": "01/2008 - 09/2008"
            },
            {
              "jobTitle": "PzktyIztScteUkOvLd4Natwq+fONjYIvEoLwA6EanFE=",
              "company": "Ey2O/M6S1DRIGvgvk4d2rtH6zykdWI87rRMYKiiyeGhs=",
              "company_url": "https://www.xing.com/companies/go?name=tnp7R78JE6BOd3CCWguIoxcaYqW6uPeZJi17UBAnFxg=",
              "jobDuration": "3 Monat ",
              "jobDates": "07/2007 - 09/2007"
            }
          ]
        }
      ],
      "languages": [
        {
        }
      ],
      "education": [
        {
          "institution": "aKZGXZCqsV1RKYA/hoxKxOT3D8lXrx6kBc+pR10tVcA=",
          "url": "https://www.xing.com/search/members?keywords=F4lJvKi44el6BjV3gN56ArCmYIoUHZLtvfRw6Tn81Ww=",
          "degree": "M.A. Angewandte Kulturwissenschaften",
          "eduDuration": "10/2007 - 04/2010"
        },
        {
          "institution": "JYjXW+n60r/70eIWQ6LbQLMyuKEDbM5QWO1o50NvlJE=",
          "url": "https://www.xing.com/search/members?keywords=lUMF/udVQmuf9s0TB3mjaremgtyXJ9PujNnk+63GHCE=",
          "degree": "BWL, Sprache und Kommunikation",
          "eduDuration": "09/2006 - 07/2007"
        },
        {
          "institution": "aKZGXZCqsV1RKYA/hoxKxOT3D8lXrx6kBc+pR10tVcA=",
          "url": "https://www.xing.com/search/members?keywords=F4lJvKi44el6BjV3gN56ArCmYIoUHZLtvfRw6Tn81Ww=",
          "degree": "M.A. Angewandte Kulturwissenschaften",
          "eduDuration": "10/2004 - 08/2006"
        }
      ]
    },
    {
      "profile": [
        {
          "sex": "f",
          "memberSince_Hits": "2. September 2013 / 1712",
          "currJobDescr": "680fK1PxHxn14t9/lIJeatC2D8WEkPftH5if627/TCM=",
          "jobs": [
            {
              "jobTitle": "680fK1PxHxn14t9/lIJeatC2D8WEkPftH5if627/TCM=",
              "company": "M6jq97RqjqNTWszmrcPUWO5GV2F8hjr1MvVR4xzCsLgQ=",
              "company_url": "https://www.xing.com/companies/go?name=gNxU3fB4Ua9+XJUmYlEnqoyk8GHNqSdIkTQ/5NtskVc=",
              "jobDuration": "1 Jahr, 7 Monat ",
              "jobDates": "07/2015 - 01/2017"
            },
            {
              "jobTitle": "d/LeiEx1q+ePWtA1R9p+szwNtxrPSJ2e7+wsUAiGg5I=",
              "company": "M6jq97RqjqNTWszmrcPUWO5GV2F8hjr1MvVR4xzCsLgQ=",
              "company_url": "https://www.xing.com/companies/go?name=gNxU3fB4Ua9+XJUmYlEnqoyk8GHNqSdIkTQ/5NtskVc=",
              "jobDuration": "4 Monat ",
              "jobDates": "03/2015 - 06/2015"
            },
            {
              "jobTitle": "1U65C2x5UT1jiUh9N4bmNMgQGY/ea29faljZFy2MpMI=",
              "company": "IeZouhtVlXlMckHgWlRoodrkxr0aYDC+CXjHup6BwKLM=",
              "company_url": "https://www.xing.com/companies/go?name=tuDjkoO5LLdvXrdVwNQ+OG48bm5iSFGERcspzLey7G8=",
              "jobDuration": "1 Jahr, 6 Monat ",
              "jobDates": "05/2013 - 10/2014"
            },
            {
              "jobTitle": "4G2rCYQLD2nqR5s2TDjg5BKkBnAuSqdz13rZ4usALSs=",
              "company": "IjoxfaqrLE8ZMfdWHfAjq/5DFCWpjozcjG3SkKMsWv7c=",
              "company_url": "https://www.xing.com/companies/go?name=u8oxpys2HmDfGyLUN2cLUFdEi0Jv/VpuUvad/uvSZkE=",
              "jobDuration": "3 Jahr, 3 Monat ",
              "jobDates": "03/2010 - 05/2013"
            },
            {
              "jobTitle": "tXiZgisHSbJ3hv7utvmyINA+hT96KtrIxMnMhN7wDCA=",
              "company": "IEZX71vyhxljDHNn9nAc6ouqA7hVyP0sx38y2+BbBOYc=",
              "company_url": "https://www.xing.com/companies/go?name=+At8uAznjwFTYJqD5Y5/+JAyXjJi1eg/mvecqctQ8Ec=",
              "jobDuration": "5 Monat ",
              "jobDates": "11/2009 - 03/2010"
            },
            {
              "jobTitle": "WdAJNDGG5NfBt5xVg8MKbP/MeRDUflcPqeGzOR8awrY=",
              "company": "I+t1hu6aovJMR/LAf89wZfDzTPRIQ8LVyL1+6Y1g/Ok4=",
              "company_url": "https://www.xing.com/companies/go?name=3EZvpC8LFF5ncO8cSc+oiVufqYq0+5z8SwWpTRkOg5E=",
              "jobDuration": "1 Jahr, 2 Monat ",
              "jobDates": "04/2007 - 05/2008"
            },
            {
              "jobTitle": "WdAJNDGG5NfBt5xVg8MKbP/MeRDUflcPqeGzOR8awrY=",
              "company": "Snfp+oBgET40EJgTeaB04BHTEIaTdWs4fVR6qAkQnUto=",
              "company_url": "https://www.xing.com/companies/go?name=jaheENEsX/NzUEHW+2wTGMdA8sEO7CRU7RnhvhGtcd4=",
              "jobDuration": "1 Jahr, 4 Monat ",
              "jobDates": "12/2005 - 03/2007"
            }
          ]
        }
      ],
      "languages": [
        {
        }
      ],
      "education": [
        {
          "institution": "+NgpOFM4ujF7RIsJ1goLtnUwRus5IlkzfHPtBjNaSrc=",
          "url": "https://www.xing.com/search/members?keywords=CEPmOzRDgybY3kCOI4qDnlh8KisAF/9fkTrs5U/9nbs=",
          "degree": "Projektmanagement, Klinische Forschung, Projektmanagementfachfrau nach GPM/ IPMA Level D",
          "eduDuration": "11/2014 - 03/2015"
        },
        {
          "institution": "oMPt5q0EA1IPHO542elIqmQ/DrI7dEGHdq5XnMNQz6c=",
          "url": "https://www.xing.com/search/members?keywords=4shf/npDtG/8F/rLPJuXcz+e9Dn8AinvITUqC4xABMo=",
          "degree": "Biochemie (biologische Richtung), Dr. rer. nat. (Gesamtnote: magna cum laude)",
          "eduDuration": "03/2010 - 05/2013"
        },
        {
          "institution": "Ibw3nxRvfx3a4110mDIBGfgK/eQqk3XGcPXF1HN0N5s=",
          "url": "https://www.xing.com/search/members?keywords=4QilMhxca97kB+z/oplvYDYsvsEMNeC9gZ3bRoFgyyM=",
          "degree": "Biologie, Diplom",
          "eduDuration": "10/2004 - 11/2009"
        }
      ],
      "awards": [
        {
        }
      ]
    },
    {
      "profile": [
        {
          "sex": "f",
          "memberSince_Hits": "24. September 2010 / 2620",
          "currJobDescr": "e7nWe34GVEc0aFK1crwxvWEIxc4pyGCMqy1cX9IsD3Y=",
          "jobs": [
            {
              "jobTitle": "e7nWe34GVEc0aFK1crwxvWEIxc4pyGCMqy1cX9IsD3Y=",
              "company": "MSF7PgGXaev8jqyaQZj3xseISAdPxKFGrFzTLUaaDBV8=",
              "company_url": "https://www.xing.com/companies/go?name=4O7n6BTY/dQIKCtXJsX2YoQlDV+jP8biD9gM226OD/Y=",
              "jobDuration": "1 Jahr, 2 Monat ",
              "jobDates": "12/2015 - 01/2017"
            },
            {
              "jobTitle": "e7nWe34GVEc0aFK1crwxvWEIxc4pyGCMqy1cX9IsD3Y=",
              "company": "MCkGZWIlmiVKe6UZaekhunipN4/VicU3oTeZ3Ega761Y=",
              "company_url": "https://www.xing.com/companies/go?name=inJtfMUqhvpd1YORoLHHsb8H7af8ghtQsgRzdsPjux4=",
              "jobDuration": "1 Jahr, 2 Monat ",
              "jobDates": "12/2015 - 01/2017"
            },
            {
              "jobTitle": "2eZIx6kpwBwPzxZVxf8x4pUwN/1AhNIRMyrouFgXplo=",
              "company": "T6O+MSvQF8MjGGXiiwLp+p77WxqkOy5DAhh2yheJBOVE=",
              "company_url": "https://www.xing.com/companies/go?name=TnE3YdOfLG6wyfs+1dezAwm7S76yu8yN8R4PRwTIGFo=",
              "jobDuration": "1 Jahr, 11 Monat ",
              "jobDates": "01/2014 - 11/2015"
            },
            {
              "jobTitle": "FgeZUkGE5LFw3Wkfs7z2wAj+Vm1yfzbU9SbKlyrEd3g=",
              "company": "T6O+MSvQF8MjGGXiiwLp+p77WxqkOy5DAhh2yheJBOVE=",
              "company_url": "https://www.xing.com/companies/go?name=TnE3YdOfLG6wyfs+1dezAwm7S76yu8yN8R4PRwTIGFo=",
              "jobDuration": "2 Jahr, 8 Monat ",
              "jobDates": "05/2011 - 12/2013"
            }
          ]
        }
      ],
      "languages": [
        {
        }
      ],
      "education": [
        {
          "institution": "IhRek2mxA7t9hIPDjB0/Ohp70i6f2dAr+UHRqBAq/UU=",
          "url": "https://www.xing.com/search/members?keywords=aG84/DbvHDiY2c3eHIXFt70gdrWS+d/vLf2Sh6FA1O4=",
          "degree": "Betriebswirtschaftslehre, MBA",
          "eduDuration": "04/2014 - 10/2016"
        },
        {
          "institution": "pVCYrItVS4Nx9flfMIUrk6irThZtZFiHpOJQxi/WxiY=",
          "url": "https://www.xing.com/search/members?keywords=dvfCSDwe4XmpeSlN6pitJYgYdvlGhlTdRGT8ixTNEjY=",
          "degree": "Event Management, Bachelor of Arts",
          "eduDuration": "09/2007 - 09/2010"
        }
      ]
    },
    {
      "profile": [
        {
          "sex": "m",
          "memberSince_Hits": "22. Mai 2006 / 3153",
          "currJobDescr": "UrEXdJL56F9vmpDxBVFFLmrWba6XR+8BosDt6JG+C3A=",
          "jobs": [
            {
              "jobTitle": "UrEXdJL56F9vmpDxBVFFLmrWba6XR+8BosDt6JG+C3A=",
              "company": "J+etrcrjTM5T5wjlzGPQqkf0lhaLV95bqqiv5olct278=",
              "company_url": "https://www.xing.com/companies/go?name=ifaBD0K3sdNEvHfd+64mUsu3wAQmrWNaJey6eRiRFec=",
              "jobDuration": "2 Jahr, 7 Monat ",
              "jobDates": "07/2014 - 01/2017"
            },
            {
              "jobTitle": "5RIaSI2+UUiPTXQZ6pWDhs/ZoJYK1E1f98mCq1RtRqo=",
              "company": "MmBUL3YZaQSROoRzep9T1EreYxfN0cbmpD+nXFNr1qys=",
              "company_url": "https://www.xing.com/companies/go?name=Y/MGWgshIKv6ZMwFLNbW6P/OlkZ4+jFyz842pRbER/Q=",
              "jobDuration": "1 Jahr, 5 Monat ",
              "jobDates": "03/2013 - 07/2014"
            },
            {
              "jobTitle": "v9SyzatNiXe1CQOR0qRs95IzXu/IJH335rSCt+CwUh8=",
              "company": "MmBUL3YZaQSROoRzep9T1EreYxfN0cbmpD+nXFNr1qys=",
              "company_url": "https://www.xing.com/companies/go?name=Y/MGWgshIKv6ZMwFLNbW6P/OlkZ4+jFyz842pRbER/Q=",
              "jobDuration": "1 Jahr, 6 Monat ",
              "jobDates": "10/2011 - 03/2013"
            },
            {
              "jobTitle": "GXSwnUeEH9yATz39ewg2axEoBg9K4velutS3sa43UCw=",
              "company": "HcFOiM75aXgHLo3QdEleCky8tD0WyDreKskR7v8K8jRM=",
              "company_url": "https://www.xing.com/companies/go?name=MZWHV03pxJSAIFodDdGTJuA9paLgTBO1k7npuoPMutY=",
              "jobDuration": "4 Monat ",
              "jobDates": "04/2011 - 07/2011"
            },
            {
              "jobTitle": "3GPMh75nwGU3oYmC+SVc1/B5NaSBY6VNBC0SetfBdmM=",
              "company": "MhTJrdIJSXhKquXF1I1m6tMxmVNYRfolYKyQ89o83uzc=",
              "company_url": "https://www.xing.com/companies/go?name=+fIyMjNxeDsKeWJCf+mIlUPSqbMPJmvbL77N136h1vI=",
              "jobDuration": "5 Monat ",
              "jobDates": "02/2011 - 06/2011"
            },
            {
              "jobTitle": "OWZWdF17PzC4tjh+SRutqo/58iZY7LbJ9JRGv9yKE2U=",
              "company": "S/cXGPH/utx5/tAG1mByfsyDHJPl2zwIo0HpqtMtLonc=",
              "company_url": "https://www.xing.com/companies/go?name=7+qKIhlUJMv5Ye6+gCF2k5vacqA0a+iyg3egEVY5Nuw=",
              "jobDuration": "6 Monat ",
              "jobDates": "09/2009 - 02/2010"
            }
          ]
        }
      ],
      "languages": [
        {
        }
      ],
      "education": [
        {
          "institution": "r533b3jyVyagWn8f5HkIIdRLuiyjMSpGGWnvZvgVvK4=",
          "url": "https://www.xing.com/search/members?keywords=kiVAT6aAH7X4sJ8fWGdpFhcDDWqr1xWA94djMGymvOM=",
          "degree": "Digital Marketing, Master of Science",
          "eduDuration": "09/2010 - 08/2011"
        },
        {
          "institution": "a5F0fBuN2d0qFsyvEGsD5fF34GsqPhsdEDP2Ea471ss=",
          "url": "https://www.xing.com/search/members?keywords=BJ/dmSdusxEAYPClbhL/z0uul8qBCuTJ9HRvSQ+sYKQ=",
          "degree": "Populäre Musik und Medien/ Popular Music and Media, Bachelor of Arts",
          "eduDuration": "10/2007 - 08/2010"
        }
      ]
    },
    {
      "profile": [
        {
          "sex": "f",
          "memberSince_Hits": "11. Januar 2016 / 46",
          "currJobDescr": "QaxhfU0CtxJVquAKmeipJGn4SsMCXWz6/ptDlS3VMLc=",
          "jobs": [
            {
              "jobTitle": "QaxhfU0CtxJVquAKmeipJGn4SsMCXWz6/ptDlS3VMLc=",
              "company": "JcWmaX4S5MzI5EfjsJL//cnjIjkC7Or5EM0LUEFwBV7Q=",
              "company_url": "https://www.xing.com/companies/go?name=EDeVmUcdgaelv2a6Lfu8Nynyuq2eY7VwkbAdBzaLHb8=",
              "jobDuration": "1 Jahr, 3 Monat ",
              "jobDates": "11/2015 - 01/2017"
            },
            {
              "jobTitle": "qeh3VzH4wc45X4d92apH5Y0qBybJZYOq6aoE4/B19GM=",
              "company": "A2cIz/Jg3OKlPeUunhK3srLkLdHtTfnTs+Zi95qC/1Rs=",
              "company_url": "https://www.xing.com/companies/go?name=cDy/kCAm6cxDPG3tN09g4Cgji+bnDpghXHyUUfTxWpE=",
              "jobDuration": "3 Jahr, 7 Monat ",
              "jobDates": "04/2012 - 10/2015"
            }
          ]
        }
      ],
      "languages": [
        {
        }
      ],
      "education": [
        {
          "institution": "qtxb3hNm3TT7QslUUYS4XdMBox5uG595v0u9UdikYiU=",
          "url": "https://www.xing.com/search/members?keywords=FzZDG2sFNMICSzyNMga3Yl+30oP6ZbZCy4jm4Khc/p8=",
          "degree": "Marketing Intelligence and Strategy, Master’s Degree",
          "eduDuration": "09/2011 - 06/2013"
        },
        {
          "institution": "qtxb3hNm3TT7QslUUYS4XdMBox5uG595v0u9UdikYiU=",
          "url": "https://www.xing.com/search/members?keywords=FzZDG2sFNMICSzyNMga3Yl+30oP6ZbZCy4jm4Khc/p8=",
          "degree": "Finance, Bachelor’s degree",
          "eduDuration": "09/2007 - 06/2010"
        }
      ]
    },
    {
      "profile": [
        {
          "sex": "m",
          "memberSince_Hits": "5. April 2012 / 676",
          "currJobDescr": "UrEXdJL56F9vmpDxBVFFLmrWba6XR+8BosDt6JG+C3A=",
          "jobs": [
            {
              "jobTitle": "UrEXdJL56F9vmpDxBVFFLmrWba6XR+8BosDt6JG+C3A=",
              "company": "SolmGUsxPuvjht7t2lncAcLDOn67IoBOV3Z2ZgwWWDv8=",
              "company_url": "https://www.xing.com/companies/go?name=yO68k9HY1QrPMQ20pcEUeEUtsEAZb1YDZbenDLjgw14=",
              "jobDuration": "4 Jahr, 6 Monat ",
              "jobDates": "08/2012 - 01/2017"
            },
            {
              "jobTitle": "48tBQFmLFbIY/4Zc0lUMEOOGejFCo4mRRrqkSZKcfB0=",
              "company": "T1uL7/LaUZVrjWzLnt+pOQye7magFJrFAvFNOsWqfpSs=",
              "company_url": "https://www.xing.com/companies/go?name=9wLk/7U9OrLJ6//z7Thf1nSkGKXnviz86v7OQFYrFME=",
              "jobDuration": "5 Jahr, 3 Monat ",
              "jobDates": "11/2011 - 01/2017"
            },
            {
              "jobTitle": "Zb5Lq22pmul9lnnqNQtZXu2VdmvT+FefEJDORj5sBiM=",
              "company": "M7RbqY+3f1ZUAqE5Ge1L0CyQghR5LFgPfqLLzre2t1HA=",
              "company_url": "https://www.xing.com/companies/go?name=llKW/f3ohbReK7u+g5BlWghbIs0LEwylpq7FGsa8f+k=",
              "jobDuration": "7 Monat ",
              "jobDates": "05/2011 - 11/2011"
            },
            {
              "jobTitle": "EWszd9hQzPCLZ/I0V57dGkHo+94TKWFavL1GocQHDSY=",
              "company": "b5gNE247PCjUhBcpSAnSQEs8Rxi9xOuERje/pqtqCoJI=",
              "company_url": "https://www.xing.com/companies/go?name=mfOeykbOqWnAsf2/u4WY2TCZB2PgjBVys+evggmFiT4=",
              "jobDuration": "6 Monat ",
              "jobDates": "03/2010 - 08/2010"
            }
          ]
        }
      ],
      "languages": [
        {
        }
      ],
      "education": [
        {
          "institution": "DfuvfX79bnqtgT2JxZ2/H8f9PyoIfgVZC+BCpkVxXj8=",
          "url": "https://www.xing.com/search/members?keywords=dBiQM7Z342Mzy1JnXQXE2GUs56v4ESynopCIGVmTPoI=",
          "degree": "International, Master / MBA",
          "eduDuration": "09/2007 - 07/2011"
        }
      ]
    }
  ]
}
