{
  "category": "Market Research Analyst",
  "dominantSexXing": "f",
  "profiles": [
    {
      "profile": [
        {
          "sex": "f",
          "memberSince_Hits": "14. Oktober 2014 / 608",
          "currJobDescr": "sFDlfAkVcuxH3jgJjzbWNzC5sYtdW9WwsSjIeHLarvI=",
          "jobs": [
            {
              "jobTitle": "sFDlfAkVcuxH3jgJjzbWNzC5sYtdW9WwsSjIeHLarvI=",
              "company": "S3M80bP388EXiyOvOeftU/ACN3ZlIrp5T8i+fkRTI2Qo=",
              "company_url": "https://www.xing.com/companies/go?name=3h7EWd833ldY59NL5Z6kxkezDR6BFKtsRzn9P6AsGE4=",
              "jobDuration": "2 Jahr, 1 Monat",
              "jobDates": "01/2015 - 01/2017"
            },
            {
              "jobTitle": "0D9RAvumo3SvZpVtV9rVlfT2PsxupQdxocH9L/j+7tA=",
              "company": "S3M80bP388EXiyOvOeftU/ACN3ZlIrp5T8i+fkRTI2Qo=",
              "company_url": "https://www.xing.com/companies/go?name=3h7EWd833ldY59NL5Z6kxkezDR6BFKtsRzn9P6AsGE4=",
              "jobDuration": "1 Jahr, 2 Monat ",
              "jobDates": "11/2013 - 12/2014"
            },
            {
              "jobTitle": "zEgNrQ5SaP0FMUfcL2CiU7LDNvVUY+5uJSLBCMGEGSA=",
              "company": "S04nf7vIa4/86oxG7X0vRN5ohbsPZb41O63/A2oS+V4I=",
              "company_url": "https://www.xing.com/companies/go?name=ercrw+KNzVpUftA9hsUrinU54gm+9IY9EyxopEqd0NY=",
              "jobDuration": "1 Jahr, 1 Monat",
              "jobDates": "08/2012 - 08/2013"
            }
          ]
        }
      ],
      "languages": [
        {
        }
      ],
      "education": [
        {
          "institution": "QLGyjrE/4wnPegTnwD96XF0ULJtRdlrL6o30aFqS36Q=",
          "url": "https://www.xing.com/search/members?keywords=BhL6A6b/HvTZLRvXynjd6FDpVzaHQ4Vc0gXYjJbnFvo=",
          "degree": "Continuing studies",
          "eduDuration": "2013 - 2013"
        },
        {
          "institution": "pibIPgwM4GUubSi3n7qhJTFlnJRmnNrUx8MDtrla+v4=",
          "url": "https://www.xing.com/search/members?keywords=g2qgwDWONMCpW/JNxDLF99TNVT35ezESq2Rl4S6rJxc=",
          "degree": "Psychology, Diplom",
          "eduDuration": "10/2007 - 03/2011"
        },
        {
          "institution": "cWLxNc41DsAPQKgpffvETaugOM5M0DRi7i4U1XhjAqQ=",
          "url": "https://www.xing.com/search/members?keywords=Q+cAvtMxkfRk6GNK29/bN8ARthm+EsIzvuXJXQ2g8Gg=",
          "degree": "Psychology, Vordiplom",
          "eduDuration": "10/2005 - 09/2011"
        }
      ]
    },
    {
      "profile": [
        {
          "sex": "m",
          "memberSince_Hits": "28. August 2013 / 386",
          "currJobDescr": "0D9RAvumo3SvZpVtV9rVlfT2PsxupQdxocH9L/j+7tA=",
          "jobs": [
            {
              "jobTitle": "0D9RAvumo3SvZpVtV9rVlfT2PsxupQdxocH9L/j+7tA=",
              "company": "Gmx8jTrFk7Txxg534wfq2njtCI6/NcF7Nk9KSI2MKEn0=",
              "company_url": "https://www.xing.com/companies/go?name=qaRsmdQz8WK+CeRN8uXIIwKfGTNrxgC1q3w4ifP6sGg=",
              "jobDuration": "3 Jahr, 6 Monat ",
              "jobDates": "08/2013 - 01/2017"
            },
            {
              "jobTitle": "0D9RAvumo3SvZpVtV9rVlfT2PsxupQdxocH9L/j+7tA=",
              "company": "a35ZPOhey5UDdbnsmqK//WkI/ESBngH9ZEsvgDbaqBHM=",
              "company_url": "https://www.xing.com/companies/go?name=3lQfOpGCmkae6E7cLcH4F3DGd5MM5VNHesT++8VZc9I=",
              "jobDuration": "1 Jahr, 4 Monat ",
              "jobDates": "05/2012 - 08/2013"
            }
          ]
        }
      ],
      "languages": [
        {
        }
      ],
      "education": [
        {
          "institution": "Lm0MEYvzlTSdJjBQUejUyvre+ogqmbhJPg6IarndTBA=",
          "url": "https://www.xing.com/search/members?keywords=urryymkwERdvlqqnIdbXeZ4r8O6hJ1My2DPE2zGjToI=",
          "degree": "Commerce, B.Com",
          "eduDuration": "06/2009 - 04/2012"
        }
      ]
    },
    {
      "profile": [
        {
          "sex": "f",
          "memberSince_Hits": "12. März 2008 / 1782",
          "currJobDescr": "q4T1FSBhkOmR9HXDNwm/my/wpDo1WMq1rkiOm9psRf8=",
          "jobs": [
            {
              "jobTitle": "q4T1FSBhkOmR9HXDNwm/my/wpDo1WMq1rkiOm9psRf8=",
              "company": "BFNslLrGrLZAxJgEeFr0pIYBL3YKBbNABKDCZ2Jerv/A=",
              "company_url": "https://www.xing.com/companies/go?name=HKWrGyKRUErHi4at+oCUfdoVScAPe0EDE7y6D2qnfn0=",
              "jobDuration": "2 Jahre",
              "jobDates": "02/2015 - 01/2017"
            },
            {
              "jobTitle": "0D9RAvumo3SvZpVtV9rVlfT2PsxupQdxocH9L/j+7tA=",
              "company": "BFNslLrGrLZAxJgEeFr0pIYBL3YKBbNABKDCZ2Jerv/A=",
              "company_url": "https://www.xing.com/companies/go?name=HKWrGyKRUErHi4at+oCUfdoVScAPe0EDE7y6D2qnfn0=",
              "jobDuration": "3 Jahr, 4 Monat ",
              "jobDates": "10/2011 - 01/2015"
            },
            {
              "jobTitle": "0D9RAvumo3SvZpVtV9rVlfT2PsxupQdxocH9L/j+7tA=",
              "company": "IZuKXueT6ZeUgzlQvgSsN0i5gLaSLkBq6PGfanTDHeUY=",
              "company_url": "https://www.xing.com/companies/go?name=VohZGswlKKRv4zVISrnxYqZsgopQz6Er5b6uxnHATSc=",
              "jobDuration": "8 Monat ",
              "jobDates": "07/2012 - 02/2013"
            }
          ]
        }
      ],
      "languages": [
        {
        }
      ],
      "education": [
        {
          "institution": "eoNZ5Cs3HF1wuFVQR+3rIL30CcbS2IQsMIEi18PN10Q=",
          "url": "https://www.xing.com/search/members?keywords=CH48NXnR3vYbUilKC44udarb55AtHoWygyjBo+HPH2M=",
          "degree": "Marketing, Market Research, Master of International Business Administration",
          "eduDuration": "10/2008 - 08/2012"
        },
        {
          "institution": "PKH0hDQPWMJHZakFVq8LVjdXCdbKOgsKYHeRfyUvDqQ=",
          "url": "https://www.xing.com/search/members?keywords=1tV6x0vs++TFUq9+5JtsGOwX5ifcswOXSD1tKFUDziI=",
          "degree": "Marketing, Strategic Management, BA (HONS) Business Administration",
          "eduDuration": "09/2004 - 07/2007"
        }
      ]
    },
    {
      "profile": [
        {
          "sex": "f",
          "memberSince_Hits": "4. September 2015 / 317",
          "currJobDescr": "sFDlfAkVcuxH3jgJjzbWNzC5sYtdW9WwsSjIeHLarvI=",
          "jobs": [
            {
              "jobTitle": "sFDlfAkVcuxH3jgJjzbWNzC5sYtdW9WwsSjIeHLarvI=",
              "company": "TXKd8oeA6GzVl7QQe+eGcm2ZS50+8hjRuH5JQO1VsC08=",
              "company_url": "https://www.xing.com/companies/go?name=I59vbxn14E0QmMIW475lTHRXfH6JVx4LxTH1emxipxs=",
              "jobDuration": "3 Jahr, 7 Monat ",
              "jobDates": "07/2013 - 01/2017"
            },
            {
              "jobTitle": "0D9RAvumo3SvZpVtV9rVlfT2PsxupQdxocH9L/j+7tA=",
              "company": "TwmBHZ8P+HBceYPZQDpKiM0V3vKUhfW6DcIcepLo5hjQ=",
              "company_url": "https://www.xing.com/companies/go?name=Ru3G5qtiIRUn5Mt6UFb9xdnBWcrACAsaEKMiHlfNeMI=",
              "jobDuration": "2 Jahr, 2 Monat ",
              "jobDates": "05/2011 - 06/2013"
            }
          ]
        }
      ],
      "languages": [
        {
        }
      ],
      "education": [
        {
          "institution": "sLnpfdBm4bgtq0bHDTcg5awkEUbg4geE44MVaSGykP0=",
          "url": "https://www.xing.com/search/members?keywords=0AC7ypMzWXM9BERuyRgcnCAZof6uEttPlFLcALqHRyg=",
          "degree": "International Business",
          "eduDuration": "09/2010 - 02/2011"
        },
        {
          "institution": "u1D2jQvcTLOHlGdUUEw6EwIqhF6jsaPstKuDAnYOea8=",
          "url": "https://www.xing.com/search/members?keywords=ce2mNV1has0sIneXgGcAzvsrcNrxTIWQmzfFj25wtP8=",
          "degree": "Commerce and Marketing (Language of study: German)",
          "eduDuration": "09/2007 - 06/2011"
        }
      ]
    },
    {
      "profile": [
        {
          "sex": "f",
          "memberSince_Hits": "14. April 2008 / 3190",
          "currJobDescr": "sFDlfAkVcuxH3jgJjzbWNzC5sYtdW9WwsSjIeHLarvI=",
          "jobs": [
            {
              "jobTitle": "sFDlfAkVcuxH3jgJjzbWNzC5sYtdW9WwsSjIeHLarvI=",
              "company": "Ic2wmtl1lGBpoKu2rQ+1TV2TKNX4nqJnTrEnkPDDMnYs=",
              "company_url": "https://www.xing.com/companies/go?name=J24JKBAUsy11VKbVRMtSU4rmOeHyBhu715k4wFMjZW4=",
              "jobDuration": "4 Monat ",
              "jobDates": "10/2016 - 01/2017"
            },
            {
              "jobTitle": "xY5hE36Ff+Ixj4FO25mysZqXaC0zuQJ6jZSlJMGN6SQ=",
              "company": "Ic2wmtl1lGBpoKu2rQ+1TV2TKNX4nqJnTrEnkPDDMnYs=",
              "company_url": "https://www.xing.com/companies/go?name=J24JKBAUsy11VKbVRMtSU4rmOeHyBhu715k4wFMjZW4=",
              "jobDuration": "3 Jahr, 7 Monat ",
              "jobDates": "04/2013 - 10/2016"
            },
            {
              "jobTitle": "pzp/lpIQ/u/Rgiiy9e+fOMXancnMx8i9lgMYKKu1yUU=",
              "company": "BPIhgWw/qX4RW311OPOs5bbP7hnls5p4oIrAosnmi0Xo=",
              "company_url": "https://www.xing.com/companies/go?name=R+bFAjXY+53K8VDdedhcJcuMuH+cQptuU5p51sp1uWk=",
              "jobDuration": "1 Jahr, 3 Monat ",
              "jobDates": "11/2011 - 01/2013"
            },
            {
              "jobTitle": "DKPk4LyO53+oJEP3MvTXcGfa/LHTk9EXOwoHH0HJ4zA=",
              "company": "T28GX3xyPbEojHbGvkhv+pOmKClLV6M6mVugvyushkYU=",
              "company_url": "https://www.xing.com/companies/go?name=aejoQO4/mtV0z8m80RrPfvGaEB7KXQzHv1c1IIFTECo=",
              "jobDuration": "6 Jahre",
              "jobDates": "10/2005 - 09/2011"
            },
            {
              "jobTitle": "taylNQ2JtrrgWEOdjx5q2cYrEB5bReXPYD2Rdqk+2ow=",
              "company": "AJ9sUUp80Mq7OMUS3nZ12owuunUYdSSvfckA71rN244s=",
              "company_url": "https://www.xing.com/companies/go?name=Bc+hHy6hqXKnbFmEWxmzIl/OfMwO+GxQYjqnX8oyYzY=",
              "jobDuration": "5 Monat ",
              "jobDates": "10/2007 - 02/2008"
            },
            {
              "jobTitle": "hZhFejLXGoZhwlZdkKmbMwLHwVFf3p5cE4hBpOf9ggs=",
              "company": "VZepYbqfbXcH4tTV7lGV53t8sxlKo6S3fensOs/MTaFc=",
              "company_url": "https://www.xing.com/companies/go?name=y3qNNyrmWpTgb/BO79er/llNa0PRK3zUFiHYUHU2jDA=",
              "jobDuration": "3 Monat ",
              "jobDates": "02/2005 - 04/2005"
            }
          ]
        }
      ],
      "languages": [
        {
        }
      ],
      "education": [
        {
          "institution": "tfDs7AVuVDw8roGHwPlcyPDWcJ8Ao4VI6sSviXM0Nsw=",
          "url": "https://www.xing.com/search/members?keywords=5lZiHCgO8imEB6q/ihxDja5zZldTrnwH6jKSc0cIR+c=",
          "degree": "Media and Communication Science (bilingual), Master of Arts",
          "eduDuration": "10/2009 - 09/2011"
        },
        {
          "institution": "tfDs7AVuVDw8roGHwPlcyPDWcJ8Ao4VI6sSviXM0Nsw=",
          "url": "https://www.xing.com/search/members?keywords=5lZiHCgO8imEB6q/ihxDja5zZldTrnwH6jKSc0cIR+c=",
          "degree": "Angewandte Medienwissenschaft, Bachelor of Arts",
          "eduDuration": "10/2005 - 09/2009"
        }
      ]
    },
    {
      "profile": [
        {
          "sex": "f",
          "memberSince_Hits": "31. Juli 2015 / 626",
          "currJobDescr": "sFDlfAkVcuxH3jgJjzbWNzC5sYtdW9WwsSjIeHLarvI=",
          "jobs": [
            {
              "jobTitle": "sFDlfAkVcuxH3jgJjzbWNzC5sYtdW9WwsSjIeHLarvI=",
              "company": "ApaMI0EPfyWTwPMImOk78CSE619JBmkM6r0FY/LCMBmg=",
              "company_url": "https://www.xing.com/companies/go?name=9qoyK5pkZdU/4gEAIy5XJKAZMnMmsfE5S3bDhFA84+k=",
              "jobDuration": "1 Jahr, 1 Monat",
              "jobDates": "01/2016 - 01/2017"
            },
            {
              "jobTitle": "0D9RAvumo3SvZpVtV9rVlfT2PsxupQdxocH9L/j+7tA=",
              "company": "BEfQEoKNmR/YdZ7VlVKaUa62yC875OFU7NzIkyWUzTeU=",
              "company_url": "https://www.xing.com/companies/go?name=Nc6gYwEMtZnBjCUCcGvjJ3qG8+ajIY/QaX9N6xlraC8=",
              "jobDuration": "1 Jahr, 9 Monat ",
              "jobDates": "03/2014 - 11/2015"
            }
          ]
        }
      ],
      "languages": [
        {
        }
      ],
      "education": [
        {
          "institution": "T7Q66175CtKnzU4/budgQeXSaz5dIETgLfIbatMscKk=",
          "url": "https://www.xing.com/search/members?keywords=U4iBxXGf0dzDbyWNzB1p7MDtxHfls8IcNgLhLvZQBFw=",
          "degree": "MBA",
          "eduDuration": "06/2011 - 05/2013"
        }
      ]
    },
    {
      "profile": [
        {
          "sex": "f",
          "memberSince_Hits": "20. Oktober 2005 / 5622",
          "currJobDescr": "sFDlfAkVcuxH3jgJjzbWNzC5sYtdW9WwsSjIeHLarvI=",
          "jobs": [
            {
              "jobTitle": "sFDlfAkVcuxH3jgJjzbWNzC5sYtdW9WwsSjIeHLarvI=",
              "company": "Gmb9eFDC9DhPz62bdIMgFHBEel22QEgIINBXgJkO+ADk=",
              "company_url": "https://www.xing.com/companies/go?name=i1arSk573G2Lq/3BHOBorMjIIpxH2FCol9pSS6QMC1E=",
              "jobDuration": "6 Jahre",
              "jobDates": "02/2011 - 01/2017"
            },
            {
              "jobTitle": "0D9RAvumo3SvZpVtV9rVlfT2PsxupQdxocH9L/j+7tA=",
              "company": "Gmb9eFDC9DhPz62bdIMgFHBEel22QEgIINBXgJkO+ADk=",
              "company_url": "https://www.xing.com/companies/go?name=i1arSk573G2Lq/3BHOBorMjIIpxH2FCol9pSS6QMC1E=",
              "jobDuration": "4 Jahr, 4 Monat ",
              "jobDates": "10/2006 - 01/2011"
            },
            {
              "jobTitle": "LMnGWL/tPzbmWbl91aDn0SK2jsMmmkMusZ/HES8wXrk=",
              "company": "GMnjtStrwSL6kQu83sXytXwkaidvULxu5l5VjivoSp14=",
              "company_url": "https://www.xing.com/companies/go?name=xdtiFNXGuRgJb76tuuws41LOryeAuPv6WCUEV1lp+PY=",
              "jobDuration": "6 Monat ",
              "jobDates": "02/2006 - 07/2006"
            }
          ]
        }
      ],
      "languages": [
        {
        }
      ],
      "education": [
        {
          "institution": "jNu1EynzvMSSYrZFPNGbv5QSTdypm+2gtPRgyUzzvq0=",
          "url": "https://www.xing.com/search/members?keywords=v5aP6kgz6FjqK7dV8UqgqiYT5velJF9Iw3wSKq2fpDg=",
          "degree": "Betriebswirtschaftslehre, Dipl.-Kffr."
        }
      ]
    },
    {
      "profile": [
        {
          "sex": "m",
          "memberSince_Hits": "31. Januar 2014 / 519",
          "currJobDescr": "0D9RAvumo3SvZpVtV9rVlfT2PsxupQdxocH9L/j+7tA=",
          "jobs": [
            {
              "jobTitle": "0D9RAvumo3SvZpVtV9rVlfT2PsxupQdxocH9L/j+7tA=",
              "company": "JASROXh2LvkI6d01hGYjtDunkTHQKdAyCjx7NwS0s3UI=",
              "company_url": "https://www.xing.com/companies/go?name=Lec2xwYSajqpqQhyc8rI4hsfbHLThePE+oDGg6WUZMY=",
              "jobDates": "bis heute"
            }
          ]
        }
      ],
      "languages": [
        {
        }
      ]
    },
    {
      "profile": [
        {
          "sex": "f",
          "memberSince_Hits": "5. Oktober 2008 / 2512",
          "currJobDescr": "gUdzMe/4Lyt6Z9ORkcWbMlE8E0rjGc6XF8w8eCxNoJc=",
          "jobs": [
            {
              "jobTitle": "gUdzMe/4Lyt6Z9ORkcWbMlE8E0rjGc6XF8w8eCxNoJc=",
              "company": "42wevGbu9J7HKBsl3SbdFQvoGD+TqPiIgJJTUJro9PbE=",
              "company_url": "https://www.xing.com/companies/go?name=pDY0H/8yvDfLayVBhJ0/Rjnl1Q/ENRDlP0TfkyU1N68=",
              "jobDates": "bis heute"
            }
          ]
        }
      ],
      "languages": [
        {
        }
      ],
      "education": [
        {
          "institution": "64ihdZA2bQMR/yQC14IGdG3TgWVS5DMCU0GePTzyHZs=",
          "url": "https://www.xing.com/search/members?keywords=8cMFbWyEjBn3WDNOm3RoPrVyQgztwz1vKKsWyxAdFd8=",
          "degree": "Nursing, Master of Nursing Science (Hons)",
          "eduDuration": "09/2003 - 06/2007"
        }
      ]
    },
    {
      "profile": [
        {
          "sex": "f",
          "memberSince_Hits": "16. April 2013 / 2061",
          "currJobDescr": "0D9RAvumo3SvZpVtV9rVlfT2PsxupQdxocH9L/j+7tA=",
          "jobs": [
            {
              "jobTitle": "0D9RAvumo3SvZpVtV9rVlfT2PsxupQdxocH9L/j+7tA=",
              "company": "PA98u3z2Cx5oC5z6xZCUlhXDzOAxZUQZJf90HFNytyEQ=",
              "company_url": "https://www.xing.com/companies/go?name=onW8TTVfeM3x4fS+aRGN3Pfs2jxVL/EInF2ky3WPjIk=",
              "jobDuration": "9 Monat ",
              "jobDates": "05/2016 - 01/2017"
            },
            {
              "jobTitle": "JeJdxjjMPId+NasoJ3FznCNNKcHKQJlNDOGkUGSIqSA=",
              "company": "KK9csQRZlTIh9QGfVuPO7DYeR+gRKDl0jRcQHZlLiWlQ=",
              "company_url": "https://www.xing.com/companies/go?name=mrBgazeDAYiKoFNxbVMaEKeADF6cDdla9qZe+659Dr0=",
              "jobDuration": "2 Jahr, 2 Monat ",
              "jobDates": "03/2014 - 04/2016"
            },
            {
              "jobTitle": "NztTmElYPYktBy+aoJxzDhUGNlLbn0SSsg8RXq9mmJI=",
              "company": "B7dsO/Sg3XCQ6kmg8UUjLhNbWbucGlbvku7ImDvp2O4c=",
              "company_url": "https://www.xing.com/companies/go?name=sWnPY/rQKO0dVwpNUKNxHGOiSvM4wX774mN0KtylxjM=",
              "jobDuration": "4 Monat ",
              "jobDates": "11/2013 - 02/2014"
            },
            {
              "jobTitle": "Unrtz6s8KmKZMEJgHQQ26hVjq+5qJWXa21X+wGNU1JY=",
              "company": "HW+1oZ2J9qv6oGFmb3oCrUwRB+QZ0kLnWkbV6aievUA0=",
              "company_url": "https://www.xing.com/companies/go?name=YVZA9HMTnBCF4MpUGWPG0XUh84qb7JQpJM0K1FVBgig=",
              "jobDuration": "9 Monat ",
              "jobDates": "06/2013 - 02/2014"
            },
            {
              "jobTitle": "BtBzx/gEcf/cooNa5gwCaJI+w+1C0aJ0R2gZfYDEEzQ=",
              "company": "DURplGRzex1aJoFoCfeYMdnOQp3xc59RFQ6Ih9qn3Liw=",
              "company_url": "https://www.xing.com/companies/go?name=eKyzu1FlOgdTokIGWn2RhRndqHgQXpmRe5TSy3piJwY=",
              "jobDuration": "3 Monat ",
              "jobDates": "07/2013 - 09/2013"
            },
            {
              "jobTitle": "BtBzx/gEcf/cooNa5gwCaJI+w+1C0aJ0R2gZfYDEEzQ=",
              "company": "HW+1oZ2J9qv6oGFmb3oCrUwRB+QZ0kLnWkbV6aievUA0=",
              "company_url": "https://www.xing.com/companies/go?name=YVZA9HMTnBCF4MpUGWPG0XUh84qb7JQpJM0K1FVBgig=",
              "jobDuration": "6 Monat ",
              "jobDates": "01/2013 - 06/2013"
            },
            {
              "jobTitle": "cF/9Yg4EXEohYrGoi3Ma1UoITLz6sS/GuJEMqDkfWyw=",
              "company": "Aqxosgp7E2X11OSMLrPMnOU/wESMwNpCHcn5aivkgHC8=",
              "company_url": "https://www.xing.com/companies/go?name=AZSrj5E6QncigCu4z3z65t/+qQZSEn56zx50lUSMOwE=",
              "jobDuration": "6 Monat ",
              "jobDates": "04/2010 - 09/2010"
            },
            {
              "jobTitle": "BtBzx/gEcf/cooNa5gwCaJI+w+1C0aJ0R2gZfYDEEzQ=",
              "company": "AcJskUI5MUY0laIbQZK7FZwV5LHNgmZVlmG5Z+mFgO+c=",
              "company_url": "https://www.xing.com/companies/go?name=N2L1oDHPyHQic//ZIjp8tEEPNKmGzuHm3TkyzNWFduQ=",
              "jobDuration": "2 Monat ",
              "jobDates": "11/2009 - 12/2009"
            },
            {
              "jobTitle": "WdAJNDGG5NfBt5xVg8MKbP/MeRDUflcPqeGzOR8awrY=",
              "company": "ZiHWKLGESAKVd0yCeRYo79mn2YRUVCzmf9xgauqa3xso=",
              "company_url": "https://www.xing.com/companies/go?name=uK/ojY5XJfSAO3r7Q/lpuF7xy5QYaymlWr5JiNzCh8A=",
              "jobDuration": "11 Monat ",
              "jobDates": "10/2008 - 08/2009"
            }
          ]
        }
      ],
      "languages": [
        {
        }
      ],
      "education": [
        {
          "institution": "kB5UORmbT4veYUiOVgsnN0gNSKRWJBJjAGixhPZPqFE=",
          "url": "https://www.xing.com/search/members?keywords=sgl9qmvPVZFRQg/t7SPh3WHVBecWcU5BOfKCQ0U/p5s=",
          "degree": "Psychologie, Master of Science",
          "eduDuration": "05/2014 - 01/2017"
        },
        {
          "institution": "Bkd/5+4KYv3wZDaEtQAyzEDzs/hkzw7DQeFZl6tDycs=",
          "url": "https://www.xing.com/search/members?keywords=Rygrb2seWgmKN8zgQYazNFNbc2sJW6fmom1CNAHcLbk=",
          "degree": "Psychologie, Bachelor of Science (2,1)",
          "eduDuration": "09/2010 - 02/2014"
        },
        {
          "institution": "qtWnLbQa49/muQtCDT8q1Hjhv0a/Q+C330B2wHgq+Rk=",
          "url": "https://www.xing.com/search/members?keywords=EYTi/X+BJenEbmzvNy21sNVSXAvurW8KWQdr6NHa8OE=",
          "degree": "Kulturwisschenschaft, Bachelor of Arts (1,3)",
          "eduDuration": "09/2006 - 09/2009"
        }
      ]
    },
    {
      "profile": [
        {
          "sex": "f",
          "memberSince_Hits": "11. Februar 2005 / 6416",
          "currJobDescr": "sFDlfAkVcuxH3jgJjzbWNzC5sYtdW9WwsSjIeHLarvI=",
          "jobs": [
            {
              "jobTitle": "sFDlfAkVcuxH3jgJjzbWNzC5sYtdW9WwsSjIeHLarvI=",
              "company": "Ic2wmtl1lGBpoKu2rQ+1TV2TKNX4nqJnTrEnkPDDMnYs=",
              "company_url": "https://www.xing.com/companies/go?name=J24JKBAUsy11VKbVRMtSU4rmOeHyBhu715k4wFMjZW4=",
              "jobDuration": "1 Jahr, 5 Monat ",
              "jobDates": "09/2015 - 01/2017"
            },
            {
              "jobTitle": "ry4bEAnkOdCuFcSlT2bKaFttLL/wneI56l6YG2VJjHo=",
              "company": "IVaBjfXjkcIaZvYHa/em1h5rHf7gMLjhjaSN5snC1d6Y=",
              "company_url": "https://www.xing.com/companies/go?name=avmGHyt87vIuZfdzOQvzxLS5CyDPvFS+4n6inHs3WJk=",
              "jobDuration": "3 Jahr, 6 Monat ",
              "jobDates": "03/2012 - 08/2015"
            },
            {
              "jobTitle": "WfdoOcmNv/ksfVwEKAedKyiZa7L0LqQ4/IWTko7ALcY=",
              "company": "Ic2wmtl1lGBpoKu2rQ+1TV2TKNX4nqJnTrEnkPDDMnYs=",
              "company_url": "https://www.xing.com/companies/go?name=J24JKBAUsy11VKbVRMtSU4rmOeHyBhu715k4wFMjZW4=",
              "jobDuration": "2 Jahr, 1 Monat",
              "jobDates": "02/2010 - 02/2012"
            },
            {
              "jobTitle": "FdKWsuCHQ4OubTUcNYCQSla9/splqadiF12HxmF8D1U=",
              "company": "Ua5F0fBuN2d0qFsyvEGsD5fF34GsqPhsdEDP2Ea471ss=",
              "company_url": "https://www.xing.com/companies/go?name=gqf8H59cOrplkETE3KOD7KvKVMwlegJ8SuWLSiUmTsM=",
              "jobDuration": "1 Jahr",
              "jobDates": "02/2009 - 01/2010"
            },
            {
              "jobTitle": "pdCFNHqzaVDmLigWXhARC5pQ4UXs+BQZLVG9Zgv7UxU=",
              "company": "AvuG5mKCKlizM0P2wW3uCJa1ZAYa4kTYK5tor6RyhEIk=",
              "company_url": "https://www.xing.com/companies/go?name=qvX7w4pZ4mqbL6shJv1jiwWZYDVrDcM2ZONr6EUnDog="
            }
          ]
        }
      ],
      "languages": [
        {
        }
      ],
      "education": [
        {
          "institution": "cksh8dtR2uZUtILU5Ks0JiAHV4tDpUfFc/w55qTQbf0=",
          "url": "https://www.xing.com/search/members?keywords=W2S1KvrcQlVMh4iXXW/ix3YV0DaN7nNapo97Dd///uA=",
          "degree": "Wirtschaftswissenschaften"
        },
        {
          "institution": "wcQaHhO8ARXwy5HK8nQLzsJ8tR3dtbsKb4ceGdozE4A=",
          "url": "https://www.xing.com/search/members?keywords=HkEKkwvjZ+jKNsyYRE3DVuSBMCqQTSNsUVQymNqmKlg=",
          "degree": "Medienwissenschaften, Wirtschaftswissenschaften, Germanistik, M.A."
        }
      ]
    },
    {
      "profile": [
        {
          "sex": "m",
          "memberSince_Hits": "23. Juni 2011 / 610",
          "currJobDescr": "VKt2bwtDw3e/+QAWdb+cpPz9mP4zfSUhc24Kj5wFFyU=",
          "jobs": [
            {
              "jobTitle": "VKt2bwtDw3e/+QAWdb+cpPz9mP4zfSUhc24Kj5wFFyU=",
              "company": "V4Nl3Z8e2AeYCHMW8FAOAgf9B/9HKMuwP4lfwd6e9eHc=",
              "company_url": "https://www.xing.com/companies/go?name=tsNNlhxQeSuevFa+qGBGo5DRPW+nW/YG4Hx91U8MF/c=",
              "jobDuration": "7 Jahr, 1 Monat",
              "jobDates": "01/2010 - 01/2017"
            }
          ]
        }
      ],
      "languages": [
        {
        }
      ]
    },
    {
      "profile": [
        {
          "sex": "m",
          "memberSince_Hits": "25. Juli 2012 / 1217",
          "currJobDescr": "ENIji7jfAdRIyrZz2u8i22HcLzCt5QPdBz7sGXes0HM=",
          "jobs": [
            {
              "jobTitle": "ENIji7jfAdRIyrZz2u8i22HcLzCt5QPdBz7sGXes0HM=",
              "company": "PWLADu9QVmmfNWbNLMmUOi+HbJzCH0nYWsiba9FYdQ0g=",
              "company_url": "https://www.xing.com/companies/go?name=6jbArSD7RPqk/1VT1nTXgbucDaadyeLGIhItb0FK2HQ=",
              "jobDuration": "5 Monat ",
              "jobDates": "09/2016 - 01/2017"
            },
            {
              "jobTitle": "wQtnNswpJSwH/wbeEDwzLNYJqoxDmmaPipKweaRIwXs=",
              "company": "PWLADu9QVmmfNWbNLMmUOi+HbJzCH0nYWsiba9FYdQ0g=",
              "company_url": "https://www.xing.com/companies/go?name=6jbArSD7RPqk/1VT1nTXgbucDaadyeLGIhItb0FK2HQ=",
              "jobDuration": "2 Jahre",
              "jobDates": "09/2014 - 08/2016"
            },
            {
              "jobTitle": "mprNuraXdbHmmXm1Z35T6IwAkmfyWp7U42OqaxvidoQ=",
              "company": "PWLADu9QVmmfNWbNLMmUOi+HbJzCH0nYWsiba9FYdQ0g=",
              "company_url": "https://www.xing.com/companies/go?name=6jbArSD7RPqk/1VT1nTXgbucDaadyeLGIhItb0FK2HQ=",
              "jobDuration": "7 Monat ",
              "jobDates": "02/2014 - 08/2014"
            },
            {
              "jobTitle": "TAp3UzzqdQlm0D8mN3xRmyMG11j4ORw9JptwicjFq+k=",
              "company": "S6egYJeBYFNqROnuxlDtj3zw0QVcgJ5GtKM7B3SGLYpE=",
              "company_url": "https://www.xing.com/companies/go?name=rPzrJopOfXZgOwT0pm3Ey/QA3wt6UyMN1V/AtUvRg1w=",
              "jobDuration": "7 Monat ",
              "jobDates": "01/2013 - 07/2013"
            },
            {
              "jobTitle": "8mJ+MVQH/FRdO4MJhtLRJOYjNKIfZxwTqCbHYffS5Uw=",
              "company": "L4h0LzngtcJTtt6LvhxMD0yziYdMXB4KA+UDlGhy3C/0=",
              "company_url": "https://www.xing.com/companies/go?name=U+h6JA3dYwzRmSUoxHb4hPmWnKLCdLSFlWLGMoyGrhw=",
              "jobDuration": "7 Monat ",
              "jobDates": "01/2012 - 07/2012"
            }
          ]
        }
      ],
      "languages": [
        {
        }
      ],
      "education": [
        {
          "institution": "1Z/2/KpC4XNnLLpgYF3vao+fiEBoqa7gc7kkTx+ZWSY=",
          "url": "https://www.xing.com/search/members?keywords=r9gPyonhYtypzv9QeG73so77B3IIdH13W13wWuzz1vo=",
          "degree": "BWL, Bachelor of Science",
          "eduDuration": "07/2012 - 01/2013"
        },
        {
          "institution": "xWlJV46tfB+kFQaIXTzv3acIrKgG0Wae8947YK8BlTA=",
          "url": "https://www.xing.com/search/members?keywords=zioKCdQmhIDXx1frRINp9mAMQk77gVranFctNTUfI8k=",
          "degree": "BWL, Bachelor of Science",
          "eduDuration": "10/2010 - 02/2014"
        }
      ]
    },
    {
      "profile": [
        {
          "sex": "f",
          "memberSince_Hits": "20. Januar 2009 / 1870",
          "currJobDescr": "0D9RAvumo3SvZpVtV9rVlfT2PsxupQdxocH9L/j+7tA=",
          "jobs": [
            {
              "jobTitle": "0D9RAvumo3SvZpVtV9rVlfT2PsxupQdxocH9L/j+7tA=",
              "company": "42wevGbu9J7HKBsl3SbdFQvoGD+TqPiIgJJTUJro9PbE=",
              "company_url": "https://www.xing.com/companies/go?name=pDY0H/8yvDfLayVBhJ0/Rjnl1Q/ENRDlP0TfkyU1N68=",
              "jobDates": "bis heute"
            }
          ]
        }
      ],
      "languages": [
        {
        }
      ],
      "education": [
        {
          "institution": "b4K7WgNH2fWTp+kkn8xxcloyuja8cs7Jll84iQQveo4=",
          "url": "https://www.xing.com/search/members?keywords=xqreDfWsw/lUSQK8HkRsRAH0GbMKYL/UlGOZihDb6Mo=",
          "eduDuration": "08/1998 - 07/2002"
        }
      ]
    },
    {
      "profile": [
        {
          "sex": "f",
          "memberSince_Hits": "29. August 2007 / 3629",
          "currJobDescr": "0D9RAvumo3SvZpVtV9rVlfT2PsxupQdxocH9L/j+7tA=",
          "jobs": [
            {
              "jobTitle": "0D9RAvumo3SvZpVtV9rVlfT2PsxupQdxocH9L/j+7tA=",
              "company": "Oj6wBtTJqOsiEhNFl+7diJz9tQe2EOOKMEAMK3oCnpDc=",
              "company_url": "https://www.xing.com/companies/go?name=SYb0bqnZ/9n/RRtowTqWQkB/6SjUvqS1NUEkG2nlnYo=",
              "jobDuration": "2 Jahr, 3 Monat ",
              "jobDates": "11/2014 - 01/2017"
            },
            {
              "jobTitle": "s+badsD3P6XZrxlX+SumqI1YDlGjBb6CBz8Dt37n9bY=",
              "company": "Vg5ZROqUhrK+s/zc0EbDW+XtzllH72GudNoq+Rc30F4c=",
              "company_url": "https://www.xing.com/companies/go?name=LzkWjwtEPUsy7vmcPyW9zPTH2Q5sWGAvD/s/3KSWXo4=",
              "jobDuration": "1 Jahr, 4 Monat ",
              "jobDates": "02/2013 - 05/2014"
            },
            {
              "jobTitle": "kQ0ukSDXSJLmu7k97UWmg8y0CiCDOtiSX8DS3eeYkrs=",
              "company": "Vg5ZROqUhrK+s/zc0EbDW+XtzllH72GudNoq+Rc30F4c=",
              "company_url": "https://www.xing.com/companies/go?name=LzkWjwtEPUsy7vmcPyW9zPTH2Q5sWGAvD/s/3KSWXo4=",
              "jobDuration": "11 Monat ",
              "jobDates": "03/2012 - 01/2013"
            },
            {
              "jobTitle": "R8J3hJrpkuDrP+G4niN51pSLn1M2Dz+/97bemRuI36A=",
              "company": "EQpqCoOliHRTB6NnATvPvdUZnKfIQXZBuhMcYipvOBOA=",
              "company_url": "https://www.xing.com/companies/go?name=R88etbAsSRMOd2fZdREMQcumRP6TorcOAQ7vNMQYOGA=",
              "jobDuration": "1 Jahr, 3 Monat ",
              "jobDates": "01/2011 - 03/2012"
            },
            {
              "jobTitle": "9GsnzpEOuh9y/drhd45sgNjnYlr3oj936AG4ZfY8GGY=",
              "company": "PxHdYdeDseV7DLQiuPIsdJtrgwcl23cSaDJJQRVfG33w=",
              "company_url": "https://www.xing.com/companies/go?name=r8F9sWvs4Xub5hO1GzrfOfjN19ezHGHZFDMgC/mQPVc=",
              "jobDuration": "9 Monat ",
              "jobDates": "04/2010 - 12/2010"
            },
            {
              "jobTitle": "PbPrjWnpB+1tFrEfgTJSEtKBUHDwDUn0b4UwifIoHic=",
              "company": "U74igdcimZ/xBILdn6dVNktpR4Ky9sxDw+4+9mJbbeqo=",
              "company_url": "https://www.xing.com/companies/go?name=XuvyrerivXYj6pXF17FmqI9VcMyTiJwcsAOwIXk2cxI=",
              "jobDuration": "8 Monat ",
              "jobDates": "09/2009 - 04/2010"
            },
            {
              "jobTitle": "VnRjoR9SHlJ0e9buZaCyaTGFojILqlp0vDZjNLwa/j4=",
              "company": "WPC8RmFlAln7JuZCr8KOkhWVHiVlkF/wmdayr7uO07/o=",
              "company_url": "https://www.xing.com/companies/go?name=GK+4gA8s06Tsmfa94DvV9HStt2BBZCT2VoSwcUzivV4=",
              "jobDuration": "1 Jahr, 1 Monat",
              "jobDates": "04/2009 - 04/2010"
            },
            {
              "jobTitle": "Mo/7AXZqXdUaOaNx6YFxojsvDb7xiYCLx38Ei6lW9iM=",
              "company": "MR1BtyiClW+O+Pjtyb92TGENTJJHsWmJXiAv/bRAxLYQ=",
              "company_url": "https://www.xing.com/companies/go?name=ZqZ2eT2O0ybt8GngABrbLnZezXy5KfWCwYg2e4hr1uo=",
              "jobDuration": "7 Monat ",
              "jobDates": "03/2009 - 09/2009"
            },
            {
              "jobTitle": "NztTmElYPYktBy+aoJxzDhUGNlLbn0SSsg8RXq9mmJI=",
              "company": "WPC8RmFlAln7JuZCr8KOkhWVHiVlkF/wmdayr7uO07/o=",
              "company_url": "https://www.xing.com/companies/go?name=GK+4gA8s06Tsmfa94DvV9HStt2BBZCT2VoSwcUzivV4=",
              "jobDuration": "1 Jahr",
              "jobDates": "04/2008 - 03/2009"
            },
            {
              "jobTitle": "H2qQ+z5ZcImItIkAGPHrciCZR2R9g5madY1wPHefuOU=",
              "company": "WPC8RmFlAln7JuZCr8KOkhWVHiVlkF/wmdayr7uO07/o=",
              "company_url": "https://www.xing.com/companies/go?name=GK+4gA8s06Tsmfa94DvV9HStt2BBZCT2VoSwcUzivV4=",
              "jobDuration": "7 Monat ",
              "jobDates": "09/2007 - 03/2008"
            },
            {
              "jobTitle": "BtBzx/gEcf/cooNa5gwCaJI+w+1C0aJ0R2gZfYDEEzQ=",
              "company": "DufFaT4gHj0qr2MsQIQRv260u6qLHVM5fpEdLx1e3mjs=",
              "company_url": "https://www.xing.com/companies/go?name=0tGIzqP2XWUbttoCuM726db9DN4ZtKiwjfVLfcQfHMY=",
              "jobDuration": "3 Monat ",
              "jobDates": "07/2004 - 09/2004"
            }
          ]
        }
      ],
      "languages": [
        {
        }
      ],
      "education": [
        {
          "institution": "299Eg4l0j5UeA4EtP3EgV7IBohZAtVAkuN6V5tu/dzc=",
          "url": "https://www.xing.com/search/members?keywords=LzOUpWEfNl9DOMIHjV84IZiEbGmK9GvDVppKJ1hjdjA=",
          "degree": "Project Management, Diplom",
          "eduDuration": "03/2013 - 11/2013"
        },
        {
          "institution": "74igdcimZ/xBILdn6dVNktpR4Ky9sxDw+4+9mJbbeqo=",
          "url": "https://www.xing.com/search/members?keywords=cUh/ndjmmlquFR98K6rl2XNdjyLy753kMq+s90A+48c=",
          "degree": "Dipl. Kauffrau",
          "eduDuration": "2003 - 2009"
        }
      ],
      "awards": [
        {
        }
      ]
    },
    {
      "profile": [
        {
          "sex": "m",
          "memberSince_Hits": "18. November 2009 / 1717",
          "currJobDescr": "0D9RAvumo3SvZpVtV9rVlfT2PsxupQdxocH9L/j+7tA=",
          "jobs": [
            {
              "jobTitle": "0D9RAvumo3SvZpVtV9rVlfT2PsxupQdxocH9L/j+7tA=",
              "company": "r7jxtWrk81theKscpbT5UpkrYy160BVvFP6zAcJCYji0=",
              "company_url": "https://www.xing.com/companies/go?name=fw5PiR94a6b1pYa8DKK2G5wlG5Znlz6ithMBuPOPW+o=",
              "jobDuration": "3 Jahre",
              "jobDates": "02/2014 - 01/2017"
            },
            {
              "jobTitle": "joAN7C7hoasdvdDBp4lEvbLKDy6pmBlLFTwwbT4FFIo=",
              "company": "FEYWv9IMp0i2vrsPAcyKsQqFCw/QurN5pPnv7iU/WVHo=",
              "company_url": "https://www.xing.com/companies/go?name=gRn8cRa2lWCANqB73ZkojX6y0jCd9UTBZZ1rkRWzz4c=",
              "jobDuration": "2 Jahr, 10 Monat ",
              "jobDates": "03/2011 - 12/2013"
            },
            {
              "jobTitle": "pHejfLLQrOlCiz1ydNpfKB8Grgi2D5qbH8+CuUZfYnk=",
              "company": "BNpnsLHDjZqeGZUfBVyK2blL36KMauMS8nFbO8q/4wCI=",
              "company_url": "https://www.xing.com/companies/go?name=ftPNl12BfMXTfAL4sSDgYFm/rWBZv90Ia6A6bon05oE="
            }
          ]
        }
      ],
      "languages": [
        {
        }
      ],
      "education": [
        {
          "institution": "VSZ+27vReiHVt0snoEZ1zlfZvolx1l4LWv3z5R5WuVI=",
          "url": "https://www.xing.com/search/members?keywords=wS/GnvPL2FTHEXky+q1odhqx2STo4j4MRSuMk6j8zFk=",
          "degree": "Kulturgeographie, BWL, Kulturwissenschaften, M.A.",
          "eduDuration": "10/2004 - 06/2010"
        }
      ]
    },
    {
      "profile": [
        {
          "sex": "m",
          "memberSince_Hits": "9. Dezember 2016 / 35",
          "currJobDescr": "0D9RAvumo3SvZpVtV9rVlfT2PsxupQdxocH9L/j+7tA=",
          "jobs": [
            {
              "jobTitle": "0D9RAvumo3SvZpVtV9rVlfT2PsxupQdxocH9L/j+7tA=",
              "company": "PvukyH4GuzoEcpd5hukDqCyfyy3Yb04RkyH3kGJjXiGI=",
              "company_url": "https://www.xing.com/companies/go?name=Y1DUGkJGjc4AXiFxGB5dPXFSfR0xs7F0+kba7uuKoFY=",
              "jobDates": "bis heute"
            }
          ]
        }
      ],
      "languages": [
        {
        }
      ],
      "education": [
        {
          "institution": "IgMuAJNjidoY/qR5LaHJjcIEIf509VlhCUlP0Dp2gG0=",
          "url": "https://www.xing.com/search/members?keywords=IgMuAJNjidoY/qR5LaHJjcIEIf509VlhCUlP0Dp2gG0=",
          "degree": "Engineering, B.E."
        }
      ],
      "awards": [
        {
        }
      ]
    },
    {
      "profile": [
        {
          "sex": "m",
          "memberSince_Hits": "15. Januar 2016 / 175",
          "currJobDescr": "0D9RAvumo3SvZpVtV9rVlfT2PsxupQdxocH9L/j+7tA=",
          "jobs": [
            {
              "jobTitle": "0D9RAvumo3SvZpVtV9rVlfT2PsxupQdxocH9L/j+7tA=",
              "company": "SwRzNBXHuwdSpPrSuj8ay+APFEsOELJoBMgb9dsMrt8s=",
              "company_url": "https://www.xing.com/companies/go?name=KxiGonSJWNqmRL6yoIr7KJPFo5/+n7gkzOQGsji7mL8=",
              "jobDates": "bis heute"
            }
          ]
        }
      ],
      "languages": [
        {
        }
      ],
      "education": [
        {
          "institution": "IaUq89O1O0rfz10P2R67mTTDqvOQ0kLXp4IoUgn9e1E=",
          "url": "https://www.xing.com/search/members?keywords=Sezgo8LoRQ2bxzsohmCwwe85yVGZHjAHtCKJozb5lT0=",
          "degree": "Computer Science, Master of Science",
          "eduDuration": "06/2013 - 06/2015"
        },
        {
          "institution": "IaUq89O1O0rfz10P2R67mTTDqvOQ0kLXp4IoUgn9e1E=",
          "url": "https://www.xing.com/search/members?keywords=Sezgo8LoRQ2bxzsohmCwwe85yVGZHjAHtCKJozb5lT0=",
          "degree": "Computer Science, Bachelor of Science",
          "eduDuration": "06/2010 - 04/2013"
        }
      ]
    },
    {
      "profile": [
        {
          "sex": "f",
          "memberSince_Hits": "12. Dezember 2006 / 3869",
          "currJobDescr": "0D9RAvumo3SvZpVtV9rVlfT2PsxupQdxocH9L/j+7tA=",
          "jobs": [
            {
              "jobTitle": "0D9RAvumo3SvZpVtV9rVlfT2PsxupQdxocH9L/j+7tA=",
              "company": "DmAJ6nwDQNrGHe8wBEX/jAtsgsY4ddRlx7teHyAL7Np0=",
              "company_url": "https://www.xing.com/companies/go?name=FmJ4q9Z9LpZY2e/vISqj9jKzS0HRpdJ4OSIC4R45O6k=",
              "jobDuration": "8 Jahr, 5 Monat ",
              "jobDates": "09/2008 - 01/2017"
            },
            {
              "jobTitle": "JRMfoRNEue/CYLz77Ri8D/v9zVFrkFyfN+h4G9s6P+E=",
              "company": "VFhwqEE1G1h0QHFeGSNDqstTuDIuFQ6tWudBVsyl8oFE=",
              "company_url": "https://www.xing.com/companies/go?name=rIVHR+6XmcPchoSDDP09Q0/W/xJ1R0RRaYz1fcgI/ns=",
              "jobDuration": "1 Jahr, 8 Monat ",
              "jobDates": "01/2007 - 08/2008"
            },
            {
              "jobTitle": "3+nhI7rrufTmS2aFn+HNa08wTRza9IhSgCJZRbr6LTI=",
              "company": "PYMNAVXSzcEyGRBVHcPhBoqwxelJusinhpBJL9QFB/RU=",
              "company_url": "https://www.xing.com/companies/go?name=/oNidcuuj1bUx7Z0mv//1P640RTPsMR1uFT59cUiPSM=",
              "jobDuration": "6 Monat ",
              "jobDates": "08/2006 - 01/2007"
            },
            {
              "jobTitle": "FdKWsuCHQ4OubTUcNYCQSla9/splqadiF12HxmF8D1U=",
              "company": "U0g+kP6qByg1p3CIrkzN3NYmbBBMikwf7dCeTD0/wf98=",
              "company_url": "https://www.xing.com/companies/go?name=0xajKnx1Kli4SGILwkXvFqZ4yEvrW/A05XXnf3feuZA=",
              "jobDuration": "4 Monat ",
              "jobDates": "12/2005 - 03/2006"
            },
            {
              "jobTitle": "BtBzx/gEcf/cooNa5gwCaJI+w+1C0aJ0R2gZfYDEEzQ=",
              "company": "UkhYr3F2XQgRVyeNRvka7T/FTWwZAkAOK0ht07uXhiBE=",
              "company_url": "https://www.xing.com/companies/go?name=zjTRF0qzWYABoLQLiyQBk8oWNH1Oghgb4leYRtoVK+s=",
              "jobDuration": "5 Monat ",
              "jobDates": "05/2005 - 09/2005"
            },
            {
              "jobTitle": "BtBzx/gEcf/cooNa5gwCaJI+w+1C0aJ0R2gZfYDEEzQ=",
              "company": "SVCSdfwdA7Wd8sMZiEo0k1qcIDH2CkSNpVSy/uHLetBs=",
              "company_url": "https://www.xing.com/companies/go?name=c1V9Ct3k070mMlw3cSeCl8Sy/EdN5dI+aTR7qvv8w5U=",
              "jobDuration": "2 Monat ",
              "jobDates": "08/2003 - 09/2003"
            },
            {
              "jobTitle": "BtBzx/gEcf/cooNa5gwCaJI+w+1C0aJ0R2gZfYDEEzQ=",
              "company": "DuDI2x2cmei5oonjww2EZp4vghbXmycP2YBliG6jhCQo=",
              "company_url": "https://www.xing.com/companies/go?name=9fdu8pABgLr0GLx6pEj+oRKS42lmePw9FeD0LpRwaA0=",
              "jobDuration": "3 Monat ",
              "jobDates": "03/2002 - 05/2002"
            }
          ]
        }
      ],
      "languages": [
        {
        }
      ],
      "education": [
        {
          "institution": "64VlPOtDG49oXZvG62Gtmv6mStxUErLSLlguZ72ZFmI=",
          "url": "https://www.xing.com/search/members?keywords=dvziilUYT47dof5z9Ir1WS/s91Z0lUEs78fnGczZbws=",
          "degree": "Betriebswirtschaftslehre mit quantitativem Schwerpunkt"
        }
      ]
    },
    {
      "profile": [
        {
          "sex": "m",
          "memberSince_Hits": "6. Februar 2010 / 699",
          "currJobDescr": "0D9RAvumo3SvZpVtV9rVlfT2PsxupQdxocH9L/j+7tA=",
          "jobs": [
            {
              "jobTitle": "0D9RAvumo3SvZpVtV9rVlfT2PsxupQdxocH9L/j+7tA=",
              "company": "DTPvGdrdqn8102qrT7XAQzuI5WhQy2VRKwMIy9WV6NNQ=",
              "company_url": "https://www.xing.com/companies/go?name=TzJXgzez29dysHH4xFy75JcAmFxcOdu4gnu8dBdYIMo=",
              "jobDates": "bis heute"
            }
          ]
        }
      ],
      "languages": [
        {
        }
      ],
      "education": [
        {
          "institution": "vx7m9PeRHEAaT9VccjzSihlMZFQsb+4D48V+Pa+MDTY=",
          "url": "https://www.xing.com/search/members?keywords=eGliU0wB7B+CDoLawvrgR4Rd7rBlEMfokR3xuLWrD/Q="
        }
      ]
    },
    {
      "profile": [
        {
          "sex": "f",
          "memberSince_Hits": "12. Juni 2014 / 742",
          "currJobDescr": "0D9RAvumo3SvZpVtV9rVlfT2PsxupQdxocH9L/j+7tA=",
          "jobs": [
            {
              "jobTitle": "0D9RAvumo3SvZpVtV9rVlfT2PsxupQdxocH9L/j+7tA=",
              "company": "MfbG+o45/TZAFibuvOIpV3+e0nNwgGqOQBhtuWSDTFFs=",
              "company_url": "https://www.xing.com/companies/go?name=+ZPWFfEy3TQ5aGmKZvEwWR7k075Zqcx390wVyE8jxZ4=",
              "jobDates": "bis heute"
            }
          ]
        }
      ],
      "languages": [
        {
        }
      ]
    },
    {
      "profile": [
        {
          "sex": "f",
          "memberSince_Hits": "19. September 2016 / 12",
          "currJobDescr": "0D9RAvumo3SvZpVtV9rVlfT2PsxupQdxocH9L/j+7tA=",
          "jobs": [
            {
              "jobTitle": "0D9RAvumo3SvZpVtV9rVlfT2PsxupQdxocH9L/j+7tA=",
              "company": "C2wJf+GB0dDZVnmt6tNH6v9DoD0ZRkibLYYAmK+B4VrI=",
              "company_url": "https://www.xing.com/companies/go?name=PXU8IgVAvS2AOpYhw6nYYlxr9keJJRZDA9Ljru46LiM=",
              "jobDuration": "5 Monat ",
              "jobDates": "09/2016 - 01/2017"
            },
            {
              "jobTitle": "56z0hcLENGW+SepKJOZAPGqNwTKGRzOLFiSSkxRoduw=",
              "company": "NM5Vk+iHj8UJcvlGwzCehZk86dbdVQ7nqbpHTGxtIhJ8=",
              "company_url": "https://www.xing.com/companies/go?name=RhWAOoLUSHsMqJDHOotgkgL/WYKMPimaoKXmXVJ+an4=",
              "jobDuration": "1 Jahr, 7 Monat ",
              "jobDates": "10/2014 - 04/2016"
            },
            {
              "jobTitle": "bAyWa1lmJzPGD54j2K1OZG6Os1gyIBM8EH7buczAOwQ=",
              "company": "NM5Vk+iHj8UJcvlGwzCehZk86dbdVQ7nqbpHTGxtIhJ8=",
              "company_url": "https://www.xing.com/companies/go?name=RhWAOoLUSHsMqJDHOotgkgL/WYKMPimaoKXmXVJ+an4=",
              "jobDuration": "2 Monat ",
              "jobDates": "07/2014 - 08/2014"
            }
          ]
        }
      ],
      "languages": [
        {
        }
      ],
      "education": [
        {
          "institution": "aETFbDraM9VlQ6Qn8IkFK80X6FtiyRpIGUQTrVfiNDg=",
          "url": "https://www.xing.com/search/members?keywords=6HZgCRr7MiG8Gg9Epx//jrFD2fypckhmVbDSR85nwbs=",
          "eduDuration": "07/2015 - 07/2015"
        },
        {
          "institution": "RUwxFGajrkoNWNFiQ3yLWLTX885c5wtjQ5nt7yrAIC0=",
          "url": "https://www.xing.com/search/members?keywords=VpRaP17DHHp8X3ZxWopmUSpLPpA/7eM41crfM+aGYQs=",
          "degree": "International Economics and Management",
          "eduDuration": "09/2012 - 01/2017"
        }
      ]
    },
    {
      "profile": [
        {
          "sex": "m",
          "memberSince_Hits": "4. März 2013 / 441",
          "currJobDescr": "0D9RAvumo3SvZpVtV9rVlfT2PsxupQdxocH9L/j+7tA=",
          "jobs": [
            {
              "jobTitle": "0D9RAvumo3SvZpVtV9rVlfT2PsxupQdxocH9L/j+7tA=",
              "company": "Sz6YXwh6ny3P2l/wDwRfYNsjH5f7hXcyrZou/+EFfr2A=",
              "company_url": "https://www.xing.com/companies/go?name=hpNzMb23N1b8q8tZ9qpK4gsrK1p7MJ20SEJYjGUG2ZQ=",
              "jobDuration": "4 Jahr, 2 Monat ",
              "jobDates": "12/2012 - 01/2017"
            }
          ]
        }
      ],
      "languages": [
        {
        }
      ],
      "education": [
        {
          "institution": "zHdBsPqF8VLbWezMeXldJWitrn0UWPI/Ma7dmJyHNnQ=",
          "url": "https://www.xing.com/search/members?keywords=gverol0C2P2rR1fp8HOBjj9rcL62uOdQy6NkukJZaIo=",
          "degree": "Marketing, M.B.A",
          "eduDuration": "09/2010 - 08/2012"
        },
        {
          "institution": "hYil20i4VRhmWrxgxopLDqqjp1yGWVXdiIZfXQFJnZg=",
          "url": "https://www.xing.com/search/members?keywords=fz4rhLGn09ULt/uAcsLxx/okQ1Wp9mN1qSmbElFLJaY=",
          "degree": "Commerce, Bachelor Of Commerce",
          "eduDuration": "06/2007 - 05/2010"
        },
        {
          "institution": "BlBa1jWDzS43IwxqPnjOxCph6Op5lp+IoAIle/Ube8A=",
          "url": "https://www.xing.com/search/members?keywords=ervKE8QxMPaIpMYVlRcNH2STPlzpgYhNMul4XPhWcZQ=",
          "degree": "Commerce, High School",
          "eduDuration": "04/2005 - 03/2007"
        }
      ]
    },
    {
      "profile": [
        {
          "sex": "f",
          "memberSince_Hits": "8. Februar 2013 / 510",
          "currJobDescr": "KuwCelbIK57kTu5cjHKR9FZlIZ64wDqneV/pPdfNtrk=",
          "jobs": [
            {
              "jobTitle": "KuwCelbIK57kTu5cjHKR9FZlIZ64wDqneV/pPdfNtrk=",
              "company": "T3ahINYwTo1w/3+ZiUSXFXdgVhMuhL+DF43iK6GIcY58=",
              "company_url": "https://www.xing.com/companies/go?name=nkQcZ8sQdyDxpPLEgoVLdgrNTEBQ+mg42b4QSBPIYl0=",
              "jobDates": "bis heute"
            }
          ]
        }
      ],
      "languages": [
        {
        }
      ],
      "education": [
        {
          "institution": "G6QxHEIeeIwHLeTFJLpIbB+NfNfGqnq/21ENmpGGtKQ=",
          "url": "https://www.xing.com/search/members?keywords=8gy+LyH+gsxr3Z/LjdhYCpCayAWNn+bWgSByXA6W2eo=",
          "degree": "Marketing, Barchelor",
          "eduDuration": "09/2009 - 05/2013"
        }
      ]
    },
    {
      "profile": [
        {
          "sex": "f",
          "memberSince_Hits": "9. Juni 2010 / 2334",
          "currJobDescr": "0D9RAvumo3SvZpVtV9rVlfT2PsxupQdxocH9L/j+7tA=",
          "jobs": [
            {
              "jobTitle": "0D9RAvumo3SvZpVtV9rVlfT2PsxupQdxocH9L/j+7tA=",
              "company": "GUDrGOJ6iBsi/r0c6I3C7GQK/v43ZlumRr2RZkKlhuWA=",
              "company_url": "https://www.xing.com/companies/go?name=JnULzlhz77hkXzTB9LrHuJof6GfeAtbw+05AaRKht84=",
              "jobDuration": "4 Monat ",
              "jobDates": "10/2016 - 01/2017"
            },
            {
              "jobTitle": "nzk5N7v81aXCdByyM6juc25QdfXKoZGZS+6nY1l5K5Y=",
              "company": "LiL2tubAU1C7i3L5UtPUjQOvFGF5gjp2Rn1y6IZ5UX4k=",
              "company_url": "https://www.xing.com/companies/go?name=ovTZSuhg92S+M8DO4MNgnJBMdQw65ESHh75xCy0tm5o=",
              "jobDuration": "5 Monat ",
              "jobDates": "08/2015 - 12/2015"
            },
            {
              "jobTitle": "9XJ12NqdxE9zMfR6vsmkpF5ygmQDIosFpFKK/QaExfs=",
              "company": "F8P2G5c8ITUddI5zV+V/6OMHXNYbOn6r+/7R0xjoKOPI=",
              "company_url": "https://www.xing.com/companies/go?name=09k6CyP0JDci1mKqfXEDUvpCwYa7F+F+aovaXl+9gOE=",
              "jobDuration": "1 Jahr, 2 Monat ",
              "jobDates": "01/2014 - 02/2015"
            },
            {
              "jobTitle": "2/ycs6omYHS/kpkp5ko0vENZic9l6aNwilTWuSXlM+o=",
              "company": "ESS0kC5LwwS/FvK0yFw30zZM/eFYL3qLOHSxP3MrBAjs=",
              "company_url": "https://www.xing.com/companies/go?name=6E29g0x8aGDTgLID9ofaU3DJFeR82ilNyP+Kup/HxMI=",
              "jobDuration": "1 Jahr, 2 Monat ",
              "jobDates": "10/2010 - 11/2011"
            },
            {
              "jobTitle": "IXJtRTey20t4kZac4lL2oFQE/f1NSPZJvOOTerx1sWY=",
              "company": "P2rV5gRJBdo5GrpkU0fNokkl4Lu30B4CnFikyCTIKhOY=",
              "company_url": "https://www.xing.com/companies/go?name=3yrUdbW+6Boh/aoJQCk88Ho01yzKZm4/nrMvVyCRnoU=",
              "jobDuration": "6 Monat ",
              "jobDates": "03/2010 - 08/2010"
            }
          ]
        }
      ],
      "languages": [
        {
        }
      ],
      "education": [
        {
          "institution": "AWEST1xyge7Ia4uc2ss9kh7tR67lscHO2ei1uhECZcw=",
          "url": "https://www.xing.com/search/members?keywords=HYMDNTtomLPBqZZ1Gu0X0qssW1GaigHtmHEkBpGeG+M=",
          "degree": "International Management",
          "eduDuration": "08/2013 - 12/2013"
        },
        {
          "institution": "IuDvh5N9lTuEddTSflL4yyR1LlNDKEIRr5+6idjCkxk=",
          "url": "https://www.xing.com/search/members?keywords=h0JUdhYhiq+KhS2D3RtBMmOzROeyKRklDk7xOkxL7Jg=",
          "degree": "Betriebswirtschaftslehre, B. Sc.",
          "eduDuration": "03/2012 - 02/2016"
        },
        {
          "institution": "DefpvaPDSdn90Ac3j9T8DOBqEDyTxW/6NRflVhyZYSU=",
          "url": "https://www.xing.com/search/members?keywords=TmNNlQkkjXoG66VvihWC4Z7nHXxhWcl0eV+7o8L3OnM=",
          "degree": "Communication Management, Fachwirtin für Marketingkommunikation",
          "eduDuration": "03/2010 - 03/2012"
        }
      ],
      "awards": [
        {
        }
      ]
    },
    {
      "profile": [
        {
          "sex": "f",
          "memberSince_Hits": "3. November 2015 / 107",
          "currJobDescr": "0D9RAvumo3SvZpVtV9rVlfT2PsxupQdxocH9L/j+7tA=",
          "jobs": [
            {
              "jobTitle": "0D9RAvumo3SvZpVtV9rVlfT2PsxupQdxocH9L/j+7tA=",
              "company": "C2wJf+GB0dDZVnmt6tNH6v9DoD0ZRkibLYYAmK+B4VrI=",
              "company_url": "https://www.xing.com/companies/go?name=PXU8IgVAvS2AOpYhw6nYYlxr9keJJRZDA9Ljru46LiM=",
              "jobDuration": "1 Jahr, 6 Monat ",
              "jobDates": "08/2015 - 01/2017"
            }
          ]
        }
      ],
      "languages": [
        {
        }
      ]
    },
    {
      "profile": [
        {
          "sex": "m",
          "memberSince_Hits": "15. Oktober 2011 / 1982",
          "currJobDescr": "JavUjgvAWOGPbrfaf/Rj1IpGaRCYTluSlxSCKRjbA6U=",
          "jobs": [
            {
              "jobTitle": "JavUjgvAWOGPbrfaf/Rj1IpGaRCYTluSlxSCKRjbA6U=",
              "company": "A6ZDMmmmR+t6V2j2CajydWOVvRwNK7cTv0BfZfwH7aQM=",
              "company_url": "https://www.xing.com/companies/go?name=8wj7hrV7pJqDEGYo1GK6R28UR+ivjHAuyyfJ1tl09og=",
              "jobDuration": "5 Jahr, 11 Monat ",
              "jobDates": "03/2011 - 01/2017"
            },
            {
              "jobTitle": "/FA0leYH9HZvu+ZUDfi1vXZ8zY69hn+HJHUxOoz/tH0=",
              "company": "IMUd0gBUGN0yO0EDYlbocQQNtLS5PAN5Y5gvU7EtouiM=",
              "company_url": "https://www.xing.com/companies/go?name=Ye5epWPA5Qb0hFs0J2MBWOj6V83K94+PHhfeViy+79Y=",
              "jobDuration": "1 Jahr, 2 Monat ",
              "jobDates": "02/2010 - 03/2011"
            },
            {
              "jobTitle": "eDR4W9Ym/cOKMxehGxSL2xsH8aFIzmzgWfAmT5UtckU=",
              "company": "AIu1cT6bJXOszB9RPtHcKFQKpFgd/PuJfe3EVtqEfn+8=",
              "company_url": "https://www.xing.com/companies/go?name=ksfumFPHxIAYXdUtHfm91dcKv/AdXqZ2xDoVyWNCOKM=",
              "jobDuration": "1 Jahr, 1 Monat",
              "jobDates": "01/2009 - 01/2010"
            }
          ]
        }
      ],
      "languages": [
        {
        }
      ],
      "education": [
        {
          "institution": "vxAD83iGZ4M/SFFv4yrbYopvG/yPu8ivdtaWKXrkHzQ=",
          "url": "https://www.xing.com/search/members?keywords=z5Ib8LZthIQPmmJhddEXhPky5EaaOs7Vr+hbdXuPhps=",
          "degree": "BA ( Bachelor of Arts ), BAP",
          "eduDuration": "01/2014 - 12/2016"
        },
        {
          "institution": "/C8osV6IcDEBqNCmnbYafEwgwfRo180o8KPcr/2Ik/o=",
          "url": "https://www.xing.com/search/members?keywords=94Ya6YC6kPrCL+MmKUd/lrU5Rj7Lu8husbBzB92Wvmc=",
          "degree": "B2 Level",
          "eduDuration": "01/2008 - 12/2009"
        },
        {
          "institution": "UBx4vAZeSMJpbZm2ixM17GfCKN0X8hMK/GnDtqt6KCQ=",
          "url": "https://www.xing.com/search/members?keywords=6TM/6tPvjhRWelzbNXKNEAHCIT5HinyjOPByc37zAcY=",
          "degree": "Biology, BSC .Science",
          "eduDuration": "01/2003 - 12/2005"
        }
      ],
      "awards": [
        {
        }
      ]
    },
    {
      "profile": [
        {
          "sex": "m",
          "memberSince_Hits": "29. Mai 2012 / 2022",
          "currJobDescr": "0D9RAvumo3SvZpVtV9rVlfT2PsxupQdxocH9L/j+7tA=",
          "jobs": [
            {
              "jobTitle": "0D9RAvumo3SvZpVtV9rVlfT2PsxupQdxocH9L/j+7tA=",
              "company": "Ic2wmtl1lGBpoKu2rQ+1TV2TKNX4nqJnTrEnkPDDMnYs=",
              "company_url": "https://www.xing.com/companies/go?name=J24JKBAUsy11VKbVRMtSU4rmOeHyBhu715k4wFMjZW4=",
              "jobDuration": "1 Jahr, 6 Monat ",
              "jobDates": "08/2015 - 01/2017"
            },
            {
              "jobTitle": "wWEjnB8gnnlEPMFeC2ndQD+XdrWmhJKwTFhN2ZjCBlI=",
              "company": "cG7A7292R3fRqZZmile7MXWw8pLWPLIF8Q5I8XFT8UwU=",
              "company_url": "https://www.xing.com/companies/go?name=5NJVNSepGip4Egd6jgHcTxFtNN5m8DP5xHEqfXH9wGQ=",
              "jobDuration": "4 Monat ",
              "jobDates": "02/2015 - 05/2015"
            },
            {
              "jobTitle": "1reTbiXb1mvuLdtBomNEIo6xT2qL/ZRJiKI55x/roy4=",
              "company": "AkUKhMYrox+SnDv9nAnH4LGIFPnkw5P7cxuuSupnidAU=",
              "company_url": "https://www.xing.com/companies/go?name=dIIWtWVLDh64QQRDCvjMsM4G/yEJyXxjvJVfUBuCe50=",
              "jobDuration": "7 Monat ",
              "jobDates": "07/2014 - 01/2015"
            },
            {
              "jobTitle": "itNKQ7YIyvCC8BqvLjEKMnuMGWM+NhFk29k6oGBZtik=",
              "company": "BPIhgWw/qX4RW311OPOs5bbP7hnls5p4oIrAosnmi0Xo=",
              "company_url": "https://www.xing.com/companies/go?name=R+bFAjXY+53K8VDdedhcJcuMuH+cQptuU5p51sp1uWk=",
              "jobDuration": "1 Jahr, 4 Monat ",
              "jobDates": "03/2013 - 06/2014"
            },
            {
              "jobTitle": "2CBVEMKvbSHdofrFFaFcWuITLgQR17rVteyLc9nK7+Q=",
              "company": "BPIhgWw/qX4RW311OPOs5bbP7hnls5p4oIrAosnmi0Xo=",
              "company_url": "https://www.xing.com/companies/go?name=R+bFAjXY+53K8VDdedhcJcuMuH+cQptuU5p51sp1uWk=",
              "jobDuration": "1 Jahr, 6 Monat ",
              "jobDates": "10/2011 - 03/2013"
            },
            {
              "jobTitle": "WdAJNDGG5NfBt5xVg8MKbP/MeRDUflcPqeGzOR8awrY=",
              "company": "TAojciKxoGkYPTRpYAqlnDznk7AoiAOR8QeBjQJwWxok=",
              "company_url": "https://www.xing.com/companies/go?name=uPWLQXCTsCPt/kWm2GkGpHQ3l6LHIfWRE1yoT9/916Q=",
              "jobDuration": "1 Jahr, 2 Monat ",
              "jobDates": "02/2010 - 03/2011"
            }
          ]
        }
      ],
      "languages": [
        {
        }
      ],
      "education": [
        {
          "institution": "AojciKxoGkYPTRpYAqlnDznk7AoiAOR8QeBjQJwWxok=",
          "url": "https://www.xing.com/search/members?keywords=jdCer/6e8QkyblbTXisOitQa4/Ez1dUa3Zxkq4q9VCQ=",
          "degree": "Human Factors, Master of Science",
          "eduDuration": "10/2008 - 03/2011"
        },
        {
          "institution": "/Ydjrcuvuuo1JfY2WEx82IIALrDSMkegvFdxbuuG8Yc=",
          "url": "https://www.xing.com/search/members?keywords=go9EQ0eRIgpuscNyciYWf3oN6AOH9S2lqwgTaRn6tJg=",
          "degree": "Cognitive Science, Bachelor of Science",
          "eduDuration": "10/2004 - 07/2008"
        }
      ]
    },
    {
      "profile": [
        {
          "sex": "f",
          "memberSince_Hits": "1. Dezember 2003 / 25066",
          "currJobDescr": "sFDlfAkVcuxH3jgJjzbWNzC5sYtdW9WwsSjIeHLarvI=",
          "jobs": [
            {
              "jobTitle": "sFDlfAkVcuxH3jgJjzbWNzC5sYtdW9WwsSjIeHLarvI=",
              "company": "MbFplDk1Lkgj2OyYPZT20fCkrFkVXlNrkWSR1i5fSb0I=",
              "company_url": "https://www.xing.com/companies/go?name=guVS1qMvOZZVcSJ/xOcoGlX9SpujPU6YIZJ6Mre7X7o=",
              "jobDuration": "5 Jahr, 11 Monat ",
              "jobDates": "03/2011 - 01/2017"
            },
            {
              "jobTitle": "JAwgLv+6GEfof9zuXuhV6ui6LedJUamCIQngf4c+OJc=",
              "company": "D63gUe9/YHy5+jvjO07aec92vDetTC+cF7BPtkGWwg/I=",
              "company_url": "https://www.xing.com/companies/go?name=F7Q9rYIuWSrjAbrGY2UrJdFj+dFeks8PpA/aSQA3TdQ=",
              "jobDuration": "2 Jahr, 1 Monat",
              "jobDates": "03/2009 - 03/2011"
            },
            {
              "jobTitle": "5K6H06KNctkyA8Ax3m+pwpTganfZgS6g+RLd6sy0/Qo=",
              "company": "Msk4Afdoz4/dmfsNZ0IE2llQLtY95kLOWZ5P4xKPfayI=",
              "company_url": "https://www.xing.com/companies/go?name=WWH2HujdgsLYacn3+AzUUMXoHH3/5yWAsfVRdQ4ldyY=",
              "jobDuration": "2 Jahr, 5 Monat ",
              "jobDates": "07/2005 - 11/2007"
            },
            {
              "jobTitle": "9e7Sn0f2aAJ8dRF4HC6V081c13tToAvouc8ac4+TMZ8=",
              "company": "SfG9riQkc4cI4W0qzAVdEligbx5unBBLEdWstKoUc08Y=",
              "company_url": "https://www.xing.com/companies/go?name=QVie7s/nzqfh7ZM3LlqZBBkgalFO58dpABZjlIeUUsg=",
              "jobDuration": "5 Jahre",
              "jobDates": "01/2001 - 12/2005"
            },
            {
              "jobTitle": "7+AI3K1Zv3+hcwA0KNsP8KOPpTu5WTs2fHjUxib3P0w=",
              "company": "Iajq3gA5dh/eqxGCHNrgfRLeJzzw9bkaZVadOere8Br0=",
              "company_url": "https://www.xing.com/companies/go?name=PlxZt9KgY8NFxX60Cq+9GE71iS3ot/YdlnURuKxQLeY="
            },
            {
              "jobTitle": "8fIxJVwlNmubdAHAm5Z0W9sMBIdGZ3F+oIhPXNLuAPc=",
              "company": "eXffpHw80VbbpgElZKUMZ+3Cbbs4GvrUGpmb3PAXa/KI=",
              "company_url": "https://www.xing.com/companies/go?name=JyuwJ18j27Jp3F0M4BLZInlkqKGJ2lLH3rHC8i6AEaI="
            },
            {
              "jobTitle": "0nSTeOePI6E5aM2ZPbXlLyrIzTXQMeq78x+R43L0FwY=",
              "company": "iP5whJGL+go/87zbL6SOpnRRKDcZ042KR40Q73nfNNyo=",
              "company_url": "https://www.xing.com/companies/go?name=Z5PwC1mFnZJErldiYuyFOUAWSuLJV3v5AQAjA2eykHw="
            },
            {
              "jobTitle": "G5RYOyt/jq8MYiYm3L+ZlLtzIZjcWdY5m6HjF4dq7uU=",
              "company": "GQuImRRLMKbcuvS6CMgHuQLcGOB8Al0UOWOlm4+On+GQ=",
              "company_url": "https://www.xing.com/companies/go?name=szTclEpyQtPur+GpnjMCifs+h7vxitewFRJo3MzOGX8="
            }
          ]
        }
      ],
      "languages": [
        {
        }
      ],
      "education": [
        {
          "institution": "9b6kFuddTBIXchfzIe17erH6zRsE9+V1wgRfNUU9OlY=",
          "url": "https://www.xing.com/search/members?keywords=+cF0Q2kLIqHIhs3I2P5jO60VYhOtOEkIpSTvrwaag/g=",
          "degree": "Economics"
        }
      ]
    },
    {
      "profile": [
        {
          "sex": "m",
          "memberSince_Hits": "31. Januar 2012 / 744",
          "currJobDescr": "q7gMHBMgGb6sWYSn/AR+U1DS6PdkvRUJBk6ML6yeEo0=",
          "jobs": [
            {
              "jobTitle": "q7gMHBMgGb6sWYSn/AR+U1DS6PdkvRUJBk6ML6yeEo0=",
              "company": "AqZllsRDZLXafiFi4sbxRImLSKk7p+Sw7a5yD6+8FW+k=",
              "company_url": "https://www.xing.com/companies/go?name=cWTd4BhjnHRBbyJ8OQSkUHDIcdR5OHoiH6WRPHpvjjA=",
              "jobDuration": "7 Jahr, 1 Monat",
              "jobDates": "01/2010 - 01/2017"
            },
            {
              "jobTitle": "LUt4rwvHI6yzxU4DSgXFRnBNRIKmCi/N+CL8s5Ynr6U=",
              "company": "TM+Jw/dLYe90YTpJs6QFaVS2XzpiuaEl5YoI+bRdRqvs=",
              "company_url": "https://www.xing.com/companies/go?name=0bcfZdIgsbTFYKDCifvd7eLyD/LlAD/Zont0NgVU04I=",
              "jobDuration": "5 Jahr, 7 Monat ",
              "jobDates": "01/2003 - 07/2008"
            }
          ]
        }
      ],
      "languages": [
        {
        }
      ]
    },
    {
      "profile": [
        {
          "sex": "m",
          "memberSince_Hits": "16. November 2011 / 357",
          "currJobDescr": "0D9RAvumo3SvZpVtV9rVlfT2PsxupQdxocH9L/j+7tA=",
          "jobs": [
            {
              "jobTitle": "0D9RAvumo3SvZpVtV9rVlfT2PsxupQdxocH9L/j+7tA=",
              "company": "AJXobCxtXii5UAmnUqY+z9mweFwhogLbYpy3ZooJwAA4=",
              "company_url": "https://www.xing.com/companies/go?name=azNKdCFkaudToBxqn6NMGd9Hxnc/mZVNKTy637OSNok=",
              "jobDuration": "5 Jahr, 6 Monat ",
              "jobDates": "08/2011 - 01/2017"
            },
            {
              "jobTitle": "WQ7ljWmnFxhnaC+PrdSPYa4D6RCcodAm6/zlFoKCp3Q=",
              "company": "T55l/G7DjnAaEQoytpvYYoqtV0Xo1LRA1LHxS0NHjWDI=",
              "company_url": "https://www.xing.com/companies/go?name=TshUhvbx4hA3LdTqekv/4R74izRpE++oWatts1A9JTA=",
              "jobDuration": "1 Jahr, 1 Monat",
              "jobDates": "07/2010 - 07/2011"
            },
            {
              "jobTitle": "f8m3rLADdtE14dJvp29Al22i/fZMGiJvKxV9dI3SlBU=",
              "company": "MrF58EppjnEG3BZGTv3V7PJ9cEOrj5jcMxgZbJvCK8NM=",
              "company_url": "https://www.xing.com/companies/go?name=drdAcyPEbveA8mGox/tpgCCVTaNEBUAyxAhFijgOJmQ=",
              "jobDuration": "1 Jahr, 3 Monat ",
              "jobDates": "01/2009 - 03/2010"
            },
            {
              "jobTitle": "S4CGdyn9fVA5G/KukwzvzTGP8cIcqpvd71wXjD1edSI=",
              "company": "HMkH74DsJfZwEOihX60EcGqc9V/5KeZ64K8kx5Y5LG1I=",
              "company_url": "https://www.xing.com/companies/go?name=yL+CnzopSFgTbFqZfSZXbTHsWj+5Z32k5/ofMJ4ja90=",
              "jobDuration": "3 Jahr, 9 Monat ",
              "jobDates": "08/2004 - 04/2008"
            },
            {
              "jobTitle": "o1Fk5BCfQk5rA3+5fpJBzeoQCC5r0ZSHf3FOasGMqOo=",
              "company": "HHtxjKVxp3lvqqAYsciaMzCRDe9h3WOngln0ABx+QA7s=",
              "company_url": "https://www.xing.com/companies/go?name=rYuWFgpgtlYxMUUQnN5gpC9sczuAxZmVwD9p9CXFNe0=",
              "jobDuration": "2 Jahr, 11 Monat ",
              "jobDates": "07/2001 - 05/2004"
            }
          ]
        }
      ],
      "languages": [
        {
        }
      ],
      "awards": [
        {
        }
      ]
    },
    {
      "profile": [
        {
          "sex": "m",
          "memberSince_Hits": "23. Mai 2013 / 973",
          "currJobDescr": "+Lq/pDuQgOqE0C95iQ74Ocg+a8WgyWTBzvRfCNIJgiE=",
          "jobs": [
            {
              "jobTitle": "+Lq/pDuQgOqE0C95iQ74Ocg+a8WgyWTBzvRfCNIJgiE=",
              "company": "AtAw0vyNguBgdpM+NUy/T+tvlc0L236VgFFeVJiejGps=",
              "company_url": "https://www.xing.com/companies/go?name=LCFUQXIuip99FkoWuEIbQalnHzyhc9vPSOnHtQZbW8o=",
              "jobDates": "bis heute"
            }
          ]
        }
      ],
      "languages": [
        {
        }
      ],
      "education": [
        {
          "institution": "NQVbhEwRjFupRgJILPaWrBbFZYBHk9z7uhaoPA2aaqc=",
          "url": "https://www.xing.com/search/members?keywords=eNDmYINVnBduy6MlX+mjvF52+ccRCbqwcs07h9rNVtk=",
          "degree": "Sukhadiya University, Biology, Science",
          "eduDuration": "01/2008 - 10/2009"
        }
      ]
    },
    {
      "profile": [
        {
          "sex": "m",
          "memberSince_Hits": "23. Januar 2009 / 4737",
          "currJobDescr": "L1fvGwhnuGmc2Ntj2TqjF30ebHqXa71PKO/pZCxh95Q=",
          "jobs": [
            {
              "jobTitle": "L1fvGwhnuGmc2Ntj2TqjF30ebHqXa71PKO/pZCxh95Q=",
              "company": "GMnjtStrwSL6kQu83sXytXwkaidvULxu5l5VjivoSp14=",
              "company_url": "https://www.xing.com/companies/go?name=xdtiFNXGuRgJb76tuuws41LOryeAuPv6WCUEV1lp+PY=",
              "jobDuration": "14 Jahr, 10 Monat ",
              "jobDates": "04/2002 - 01/2017"
            },
            {
              "jobTitle": "wWEjnB8gnnlEPMFeC2ndQD+XdrWmhJKwTFhN2ZjCBlI=",
              "company": "IKQUm6Z57Y/v0iGIE6qBSjXvUxzxMtSZKSa8aRHAkImM=",
              "company_url": "https://www.xing.com/companies/go?name=cX0nxwDgry64vWb0IgyTMZvglBFF5Ef9/gLWX4Hs+Rs="
            }
          ]
        }
      ],
      "languages": [
        {
        }
      ],
      "education": [
        {
          "institution": "f8rKOlOjNMsVsCCcLKek4DAVgZOrbsnQr2nmhCFadgk=",
          "url": "https://www.xing.com/search/members?keywords=gqdYf7F0hVQX3OSlBLIkwjl0/Z8e4TX1iaSf8meis6s=",
          "degree": "Soziologie, Diplom-Soziologin Univ."
        }
      ]
    },
    {
      "profile": [
        {
          "sex": "f",
          "memberSince_Hits": "27. Oktober 2008 / 1795",
          "currJobDescr": "0D9RAvumo3SvZpVtV9rVlfT2PsxupQdxocH9L/j+7tA=",
          "jobs": [
            {
              "jobTitle": "0D9RAvumo3SvZpVtV9rVlfT2PsxupQdxocH9L/j+7tA=",
              "company": "G6TArewX0Y/tW9pDOqX6vereIbARAx+7SoLHsLtamkqI=",
              "company_url": "https://www.xing.com/companies/go?name=ZVAbjI7T9O3NBQFUFz19IdxpAf8X7cuYgvO/AUac7Bw=",
              "jobDuration": "2 Jahr, 9 Monat ",
              "jobDates": "05/2014 - 01/2017"
            },
            {
              "jobTitle": "+ySncydqp496eub6PQVRm46P5LLgQSOa0T+Ys1iCPEo=",
              "company": "SkjXGOoZRnXvTtnxvbvI1D52LtPJpJGFFrYo9euqNs0g=",
              "company_url": "https://www.xing.com/companies/go?name=eWd2o4zO2IFSZSF3cEgWI2Vge5PwNUwnPIALJPZDuxc=",
              "jobDuration": "1 Jahr, 10 Monat ",
              "jobDates": "07/2012 - 04/2014"
            },
            {
              "jobTitle": "5S9Wa86fOT3m3VnKBK2qxT/YYp2iUTLBJB126CI7Rrg=",
              "company": "SCtbr3kkKt0BRQBdsewUTG7TkoJwJ1+4F47ZfGdgn+4c=",
              "company_url": "https://www.xing.com/companies/go?name=kMIv/h662mfxjB1fvKR10leQq8znxPYCeoBBqgRE7pU=",
              "jobDuration": "5 Monat ",
              "jobDates": "11/2011 - 03/2012"
            },
            {
              "jobTitle": "bnwT6kq71XOe/Ov4PDP1MoCLcZ9RLD3y/xpzFU3vlUs=",
              "company": "MjLuQkKm9HzfmIQrSF/sCfA2QOO4zoKec6exB+Y7rQ1A=",
              "company_url": "https://www.xing.com/companies/go?name=ma68xdVaGvSwfqKwrwfrW4manEtmgUmedOwlsMkLCpE=",
              "jobDuration": "5 Monat ",
              "jobDates": "03/2011 - 07/2011"
            },
            {
              "jobTitle": "GGwsFEnZoCrHgqdEqAOgRe85mQgHx1EIVzPbYb2UmYQ=",
              "company": "VY9jfskGk0+4hQtyVuO1MiDq13FK8KXJzzzCk19NAqs4=",
              "company_url": "https://www.xing.com/companies/go?name=DXMvqeB3BSL19ahuwsU7gXK6BQ/lG9wpKF7eiD8C07Q=",
              "jobDuration": "4 Monat ",
              "jobDates": "07/2010 - 10/2010"
            },
            {
              "jobTitle": "B5kC5TNPzx9KZukWjOuREWKxjEPekLj4j05zTUgr/bU=",
              "company": "DJLR5cjbPrk5EfgZj/ZE4iA1US082F1nZGbah5SrLUqM=",
              "company_url": "https://www.xing.com/companies/go?name=44gpkZbV3MpdV8ihWOFiUYoFh1ySqpPIXj60ilpZSS8=",
              "jobDuration": "6 Monat ",
              "jobDates": "03/2010 - 08/2010"
            },
            {
              "jobTitle": "WZLOr2ztjj7dzINjBBxHnAYkAtRxgi1xoxLyXZYM/V0=",
              "company": "SCtbr3kkKt0BRQBdsewUTG7TkoJwJ1+4F47ZfGdgn+4c=",
              "company_url": "https://www.xing.com/companies/go?name=kMIv/h662mfxjB1fvKR10leQq8znxPYCeoBBqgRE7pU=",
              "jobDuration": "4 Monat ",
              "jobDates": "08/2009 - 11/2009"
            },
            {
              "jobTitle": "ht02M6b1ZOoOJQj+iiVz4hf7Zd647FRIRDJm8R3XyDs=",
              "company": "RY6Nd0ZeBvsLpIlloVjX0yMlvtNv5lQORaojmQLsKvmI=",
              "company_url": "https://www.xing.com/companies/go?name=Go90/ycoY01tb7ObVddFJiCSLRAIT8nOuG9bhEiFrMU="
            }
          ]
        }
      ],
      "languages": [
        {
        }
      ],
      "education": [
        {
          "institution": "sIGLG/cbMwWQSbOLIxJEiQlCRFVhziFiixHsq3aGC/M=",
          "url": "https://www.xing.com/search/members?keywords=cv3T2qMsVc+SkXfO3epyMWqBZEozSUAk1168fFm9F0s=",
          "degree": "Musikbusiness, Bachelor of Arts",
          "eduDuration": "09/2008 - 01/2013"
        }
      ]
    },
    {
      "profile": [
        {
          "sex": "f",
          "memberSince_Hits": "23. September 2014 / 780",
          "currJobDescr": "0D9RAvumo3SvZpVtV9rVlfT2PsxupQdxocH9L/j+7tA=",
          "jobs": [
            {
              "jobTitle": "0D9RAvumo3SvZpVtV9rVlfT2PsxupQdxocH9L/j+7tA=",
              "company": "S9vWoARYGbNuWhg8dZBPaYxgHbF1RUA6RKR0JKcvksvo=",
              "company_url": "https://www.xing.com/companies/go?name=HopdBLqwxGIrzsfhPy5COyVQaQZPhrfrL2w0tAD7dJQ=",
              "jobDuration": "2 Jahr, 9 Monat ",
              "jobDates": "05/2014 - 01/2017"
            },
            {
              "jobTitle": "xm60yVNPI8qcXu0HE33LWok9J7eZv7l8sMw3nyoEbvg=",
              "company": "BSMuPLWPyOqmu7Ec7V22T978RD20sbNJc9c8rmt0hXLs=",
              "company_url": "https://www.xing.com/companies/go?name=eRNhr2gQdJQ8oQLl0rwyF4oBoqJFSJBt4t7Ngw0niZI=",
              "jobDuration": "3 Jahr, 6 Monat ",
              "jobDates": "10/2010 - 03/2014"
            },
            {
              "jobTitle": "B2FUgaq39fjvEj4pSPD607pBAlJBpgV9IAvjKKZSrd0=",
              "company": "NscBHrYTFy1xlohdS0/+S/Z2JR/+n/9cCo0MYIAB0WHc=",
              "company_url": "https://www.xing.com/companies/go?name=+5EjuapH/DQhltNT3z377IstbAqGVilmm2JtFw07eDM=",
              "jobDuration": "4 Jahr, 6 Monat ",
              "jobDates": "02/2006 - 07/2010"
            }
          ]
        }
      ],
      "languages": [
        {
        }
      ],
      "education": [
        {
          "institution": "nQqPDnm5YGp5N++zKvOqjoSmJYiWKF/K3vG8aEK6F40=",
          "url": "https://www.xing.com/search/members?keywords=pW0q2eWEhztTvzyR0B4XcXzMy1nxE4+CzFTolIzbhpc=",
          "degree": "BWL, Bachelor of Science in Business Administration",
          "eduDuration": "10/2010 - 03/2014"
        }
      ]
    },
    {
      "profile": [
        {
          "sex": "m",
          "memberSince_Hits": "6. Januar 2014 / 893",
          "currJobDescr": "0D9RAvumo3SvZpVtV9rVlfT2PsxupQdxocH9L/j+7tA=",
          "jobs": [
            {
              "jobTitle": "0D9RAvumo3SvZpVtV9rVlfT2PsxupQdxocH9L/j+7tA=",
              "company": "PtT/7MGUQ5gsQxdiUC2LvoYENcMzyT7hjGrgnU2Es46U=",
              "company_url": "https://www.xing.com/companies/go?name=RrbBWed+yZMa/sMtOdhIhJnVQfO+j913TzhKPtOHAcM=",
              "jobDuration": "2 Jahr, 4 Monat ",
              "jobDates": "10/2014 - 01/2017"
            },
            {
              "jobTitle": "o7/3HdhnHdCm5tiKF7+mS8pDSZLHs1hNK3JbXGg8HEU=",
              "company": "IZuKXueT6ZeUgzlQvgSsN0i5gLaSLkBq6PGfanTDHeUY=",
              "company_url": "https://www.xing.com/companies/go?name=VohZGswlKKRv4zVISrnxYqZsgopQz6Er5b6uxnHATSc=",
              "jobDuration": "2 Jahr, 8 Monat ",
              "jobDates": "02/2012 - 09/2014"
            },
            {
              "jobTitle": "YOZmbMPbigAIfkvXMouek88yLYxXaDUJ+uaKjRfd8pk=",
              "company": "SXA0Q4BpOvw6t5kedzGjA5y3ElZM1jOkJ5N6ub1Zoe9c=",
              "company_url": "https://www.xing.com/companies/go?name=2Ciyx6NfPbj248VrAKZcSmgHNGlksZip0wE5v368S+Y=",
              "jobDuration": "5 Monat ",
              "jobDates": "09/2011 - 01/2012"
            },
            {
              "jobTitle": "YOZmbMPbigAIfkvXMouek88yLYxXaDUJ+uaKjRfd8pk=",
              "company": "SO5OYQMFw+EsppibhGHaBQGudiGleuV6iIr0qQ5evpaU=",
              "company_url": "https://www.xing.com/companies/go?name=cs+O3DcPITBhWLoZm1c0by1fxdL2hBsjQt+JNwYv12o=",
              "jobDuration": "3 Monat ",
              "jobDates": "08/2006 - 10/2006"
            }
          ]
        }
      ],
      "languages": [
        {
        }
      ],
      "education": [
        {
          "institution": "13yjCzLKI/9rFYx47FNdJu4+DplK5DHJJ6xYjThFZSU=",
          "url": "https://www.xing.com/search/members?keywords=QtCPNr6aNfLV2H/IfJjrgU38vAVR1CsoN+y7XMPVHdU=",
          "degree": "Soziologie, Master of Arts",
          "eduDuration": "10/2008 - 05/2011"
        },
        {
          "institution": "PW/87oRi9UDWSPM9zi31Nsh0zebPi4bjkYqpUlxJTgE=",
          "url": "https://www.xing.com/search/members?keywords=tyRzX9S+ppaIAAU6dtDfFsO/FcJIsFJgRq6UKhSAqqA=",
          "degree": "Soziologie, Auslandssemester",
          "eduDuration": "08/2007 - 01/2008"
        },
        {
          "institution": "13yjCzLKI/9rFYx47FNdJu4+DplK5DHJJ6xYjThFZSU=",
          "url": "https://www.xing.com/search/members?keywords=QtCPNr6aNfLV2H/IfJjrgU38vAVR1CsoN+y7XMPVHdU=",
          "degree": "Soziologie, Wirtschaftswissenschaften, Bachelor of Arts",
          "eduDuration": "10/2004 - 05/2008"
        }
      ],
      "awards": [
        {
        }
      ]
    },
    {
      "profile": [
        {
          "sex": "f",
          "memberSince_Hits": "26. Juni 2012 / 946",
          "currJobDescr": "0D9RAvumo3SvZpVtV9rVlfT2PsxupQdxocH9L/j+7tA=",
          "jobs": [
            {
              "jobTitle": "0D9RAvumo3SvZpVtV9rVlfT2PsxupQdxocH9L/j+7tA=",
              "company": "MfuaH+WEBWAUxwUQ1KF5ZAmqRHdMoQDVW7wmCC4057GE=",
              "company_url": "https://www.xing.com/companies/go?name=YnqGeeI+x8BSp0x3RlryImtG0hqTAoUMHRAVRsvgXik=",
              "jobDates": "2011 - 01/2017"
            },
            {
              "jobTitle": "AYZ06rLNCK4sSA7VYPJ/Jgr/3LX/ft1SaHkik+/Nphs=",
              "company": "ZPvKwZ9nBC3AubXIec6Q318vGuEqj50r4PlmsnbAvhuU=",
              "company_url": "https://www.xing.com/companies/go?name=4AKsKZU5ZIxPQfx8i0grs54LDdpKZ0DUa+4mhXwwk+8=",
              "jobDuration": "6 Monat ",
              "jobDates": "12/2011 - 05/2012"
            },
            {
              "jobTitle": "6Kd0rgeAj0yZmZsYlxcKiv/poEfYx0dSBzk+jS9w5lM=",
              "company": "Cp7IbBQ/o6AYW8QnFqm/jhvgG2STLW5bOUPCfXeOZMgQ=",
              "company_url": "https://www.xing.com/companies/go?name=zldLOQaRfwlybcJSsCapAZkQc8lofzICVfsLinMr9UY=",
              "jobDuration": "6 Monat ",
              "jobDates": "12/2011 - 05/2012"
            },
            {
              "jobTitle": "aaYv0IEZatNF8xXy/Kin/kVsBIGvm6LND8gUYrSKriQ=",
              "company": "aQb8DwVqHyhdCFDaFOK5yRiU4yB+iRzJJBz1EfM1s+Gg=",
              "company_url": "https://www.xing.com/companies/go?name=yY/r8YOwK9Zg4k9NCHhfR0MjYgc8NMUWfay+RqtbZx8=",
              "jobDuration": "4 Jahr, 1 Monat",
              "jobDates": "10/2007 - 10/2011"
            }
          ]
        }
      ],
      "languages": [
        {
        }
      ],
      "education": [
        {
          "institution": "BHYKSJRv/DOf0SLjt1r9JE4oxwUc8Aqc1b7lIdoKg3k=",
          "url": "https://www.xing.com/search/members?keywords=cbgUAo8fjsFawMNg5eXkY4VzEa0DdSa7tnbT3iACZ3A=",
          "degree": "Media and Communication Science, Magistra",
          "eduDuration": "10/2007 - 10/2011"
        }
      ]
    },
    {
      "profile": [
        {
          "sex": "m",
          "memberSince_Hits": "26. August 2009 / 727",
          "currJobDescr": "0D9RAvumo3SvZpVtV9rVlfT2PsxupQdxocH9L/j+7tA=",
          "jobs": [
            {
              "jobTitle": "0D9RAvumo3SvZpVtV9rVlfT2PsxupQdxocH9L/j+7tA=",
              "company": "SQYXKXrnHggxexLF9HQYFIbP20PZpz+nUEIQddvjpSsI=",
              "company_url": "https://www.xing.com/companies/go?name=50l3I6PXsQgj3Hrpv6mMMrNrJCHEv1lUVPxKz/L+D3A=",
              "jobDates": "bis heute"
            },
            {
              "jobTitle": "rye4GoEbuJ1kcuYZnZso+N7ibRJHR2abLw0N/hZWBys=",
              "company": "CzINDN2cJlkEEwH2hUwpWuULe8mKTqs7qjqsFKqYWFO4=",
              "company_url": "https://www.xing.com/companies/go?name=m7GgvTIdYCLQ1fj2yghMJfCYpwbRYDGJlSY9yP9jUJQ=",
              "jobDuration": "1 Jahr, 1 Monat",
              "jobDates": "05/2008 - 05/2009"
            }
          ]
        }
      ],
      "languages": [
        {
        }
      ],
      "education": [
        {
          "institution": "6zgfdhpF+e0Sg4LSdRo1HUvd7hdHiLolditcg0gBVHw=",
          "url": "https://www.xing.com/search/members?keywords=RstKvCs3fUoCPYRYrHeosAOpt8c2aXFjoqyb9K44H9A=",
          "degree": "Information Technology, B.Tech",
          "eduDuration": "06/2001 - 05/2004"
        }
      ]
    },
    {
      "profile": [
        {
          "sex": "f",
          "memberSince_Hits": "25. September 2013 / 1404",
          "currJobDescr": "HtXEr4gy9hDcj7f5WNCUI5/3V3dpRDvOSno81k6KVQw=",
          "jobs": [
            {
              "jobTitle": "HtXEr4gy9hDcj7f5WNCUI5/3V3dpRDvOSno81k6KVQw=",
              "company": "SoQhKW35waznlAypKPF89eerU0bJjiFI121q0BGO2Gdc=",
              "company_url": "https://www.xing.com/companies/go?name=D86gOumkeeIiNk+uV/n3DtAaTN3+wWL9nV80MI8aiAU=",
              "jobDuration": "5 Monat ",
              "jobDates": "09/2016 - 01/2017"
            },
            {
              "jobTitle": "zrBPdt7/G4LPgpPbXZSwV1ws32A+FXyuJZuP8C5oMy0=",
              "company": "ER7TNlPziIG20Zt8sdzZOd5V48e9bDz1Y46k06vHARn8=",
              "company_url": "https://www.xing.com/companies/go?name=lzlZsZSCyhbh2rn7MNeVfkTABcg4GmFGU5n/edUTJU0=",
              "jobDuration": "6 Monat ",
              "jobDates": "03/2016 - 08/2016"
            },
            {
              "jobTitle": "tXbh/8yF9Eskusx1prhAVAb0WksVATOZr+ybycUCCgw=",
              "company": "Imj1q+0Y/Uy+P2DjeQZ7eR0Vl7ACyOUj/WTIHhaGRgog=",
              "company_url": "https://www.xing.com/companies/go?name=PC6jewnHIhnA+xgl1PWkBtZgRAYEw5ec8YJF70p0Jdc=",
              "jobDuration": "2 Jahr, 3 Monat ",
              "jobDates": "12/2013 - 02/2016"
            },
            {
              "jobTitle": "VmHgz6AWWjhyzpx/2aoKPj9Y3m6fQ9Gu7gZ03kFW6VI=",
              "company": "SG3WpheGlub9WebDjWqoOQJcNdcce7TaDroOtpzBlSG8=",
              "company_url": "https://www.xing.com/companies/go?name=RDwYhnqKkik7xx1pt77kOWeSjXsJQgge7z9/IOMtSiA=",
              "jobDuration": "1 Jahr",
              "jobDates": "09/2012 - 08/2013"
            },
            {
              "jobTitle": "VgP3lZjskpsgqtZZDm22+BagymjZqS8cs7uYwB9WEV0=",
              "company": "mA0Tyt6IGd8g1w8hNKtUGpDL9oHt3pDZSr5GIaAJyDhY=",
              "company_url": "https://www.xing.com/companies/go?name=NWvpie3LOEAa0XSBZ5I3PooePVJ79ztCRtxzQgaIYAs=",
              "jobDuration": "7 Monat ",
              "jobDates": "11/2011 - 05/2012"
            },
            {
              "jobTitle": "Qs5LoNpgRenU5t3fT6LiUmWuRXOD9c9qU8AVHw73xQc=",
              "company": "SG3WpheGlub9WebDjWqoOQJcNdcce7TaDroOtpzBlSG8=",
              "company_url": "https://www.xing.com/companies/go?name=RDwYhnqKkik7xx1pt77kOWeSjXsJQgge7z9/IOMtSiA=",
              "jobDuration": "2 Jahr, 9 Monat ",
              "jobDates": "01/2009 - 09/2011"
            },
            {
              "jobTitle": "02hOISah6n1uSw+UsmT2BgZSMVvo3j+IBSMnPBWGGno=",
              "company": "Z4sl+JccziFcpdDIV6Ni3ql+SlvyXqdKZPI8Yr2Kk7To=",
              "company_url": "https://www.xing.com/companies/go?name=loIJn9P5WEAlCIPpYVAOk/3DGEUF3RLYR8AU4J60uD0=",
              "jobDuration": "3 Monat ",
              "jobDates": "01/2010 - 03/2010"
            },
            {
              "jobTitle": "uwa/u2UGmVKe7jCu/pH429fR2cmmpMVEL2O8IcP7q9I=",
              "company": "A6l2FR2krSjVcXhIHs2mMas80auJDvdaBtsWC3MUFtDQ=",
              "company_url": "https://www.xing.com/companies/go?name=opCdpibBB4SBm/J41b53ERjbKKYT2DFRGLTMizUhdFs=",
              "jobDuration": "4 Jahr, 2 Monat ",
              "jobDates": "08/2003 - 09/2007"
            }
          ]
        }
      ],
      "languages": [
        {
        }
      ],
      "education": [
        {
          "institution": "vqtuESsUmGVojDE6DZsF1XTrWKQ/QG7XsEPE3S7LOHE=",
          "url": "https://www.xing.com/search/members?keywords=XXF8XrZZRoI2ZUa7nDx4Vu4PiRAuyWCJbC1WYFovxiQ=",
          "degree": "Publizistik, Magistra Artium",
          "eduDuration": "10/2007 - 03/2013"
        }
      ]
    },
    {
      "profile": [
        {
          "sex": "f",
          "memberSince_Hits": "7. Januar 2011 / 811",
          "currJobDescr": "0D9RAvumo3SvZpVtV9rVlfT2PsxupQdxocH9L/j+7tA=",
          "jobs": [
            {
              "jobTitle": "0D9RAvumo3SvZpVtV9rVlfT2PsxupQdxocH9L/j+7tA=",
              "company": "QlOKlkywy5QBh31m/29Msos5DdIxUzLU5ypTIMcKCn9w=",
              "company_url": "https://www.xing.com/companies/go?name=xY5ZLisBzrfdLzNKDrz8PWBHger3HvgNy8ZvjFf0yws=",
              "jobDates": "bis heute"
            }
          ]
        }
      ],
      "languages": [
        {
        }
      ]
    }
  ]
}
