{
  "category": "Civil Engineer",
  "dominantSexXing": "m",
  "profiles": [
    {
      "profile": [
        {
          "sex": "m",
          "memberSince_Hits": "26. Juni 2009 / 1037",
          "currJobDescr": "+3paOPBzQWPfhT+Lb3pjpALLOqcwXBpYxP0pWTrJKeA=",
          "jobs": [
            {
              "jobTitle": "+3paOPBzQWPfhT+Lb3pjpALLOqcwXBpYxP0pWTrJKeA=",
              "company": "SwoJo0lAI7JCoiqjt7dCcht8zFqwB5h/1gS434K8/7BY=",
              "company_url": "https://www.xing.com/companies/go?name=EbdnRY/pl7jZWh9gtpRyFLUBsakeQhSMQ2yBKQ/SEj0=",
              "jobDuration": "8 Jahr, 6 Monat ",
              "jobDates": "08/2008 - 01/2017"
            },
            {
              "jobTitle": "kBQ/UHWHShsApHq8UGtlDFQPFqVMcn4o/lc0BUzCB7M=",
              "company": "MKCU0QNMVVjgL/4+05EtLTFSqzSnD0zHFX3UqPzSgNSQ=",
              "company_url": "https://www.xing.com/companies/go?name=4kB+GflTuMXYaW4w3PG/m7zLBIXw1HdUTb0M4dmrvaQ=",
              "jobDuration": "1 Jahr, 8 Monat ",
              "jobDates": "01/2007 - 08/2008"
            },
            {
              "jobTitle": "vVswkpt9A/lEq4C5a5FsF5/x3/IJvPeNABTGI+ilZUo=",
              "company": "I5toh8lBk0MQoj7bPVYsSH6iotU1MB5CIbhazrQG6HNk=",
              "company_url": "https://www.xing.com/companies/go?name=CegYcnY/BQMfw+qhBY83y/tDd0V6BDHZQV9aeeUoFmg=",
              "jobDuration": "1 Jahr, 10 Monat ",
              "jobDates": "04/2005 - 01/2007"
            },
            {
              "jobTitle": "b86WIhBw85RVt5HdQSiSD9fPga9/UGz8qoooknnAkZM=",
              "company": "BhixMjAiZhDLZw+X0gd3a21o86X8Vf1I8U5h7oCkH0K4=",
              "company_url": "https://www.xing.com/companies/go?name=G2odX6GJAyt35bwtcNZ8iFMauawhaoor3+HpO1e41QQ=",
              "jobDuration": "1 Jahr",
              "jobDates": "05/2004 - 04/2005"
            },
            {
              "jobTitle": "vVswkpt9A/lEq4C5a5FsF5/x3/IJvPeNABTGI+ilZUo=",
              "company": "CoCJOAOHXkfF9VUuSYZ3RpwGKxVBLa2hIKjoWo0EeHHk=",
              "company_url": "https://www.xing.com/companies/go?name=gqVhI/WNnP5j9+RcW67DO+sE8hhZva+y1IyZR1LbqUM=",
              "jobDuration": "1 Jahr, 3 Monat ",
              "jobDates": "03/2003 - 05/2004"
            }
          ]
        }
      ],
      "languages": [
        {
        }
      ],
      "education": [
        {
          "institution": "gqEgtaCV++I/g3x7bZ7R4RX3o/L0elg2kZDhKCJjHgA=",
          "url": "https://www.xing.com/search/members?keywords=St05qgVGfGEvB9+H7Qa2Vwx2rMPQOOu/HuVg4NWPfUQ=",
          "degree": "Special concrete structures, Msc. Civil engineering",
          "eduDuration": "10/2002 - 06/2003"
        },
        {
          "institution": "gqEgtaCV++I/g3x7bZ7R4RX3o/L0elg2kZDhKCJjHgA=",
          "url": "https://www.xing.com/search/members?keywords=St05qgVGfGEvB9+H7Qa2Vwx2rMPQOOu/HuVg4NWPfUQ=",
          "degree": "Civil engineering, Bsc. Civil engineer",
          "eduDuration": "10/1997 - 06/2002"
        }
      ]
    },
    {
      "profile": [
        {
          "sex": "m",
          "memberSince_Hits": "25. Juli 2008 / 2132",
          "currJobDescr": "kAbU0cgHwNYiBYKOp8KcnaKYk4RxwTu8de8DQNWwkxs=",
          "jobs": [
            {
              "jobTitle": "kAbU0cgHwNYiBYKOp8KcnaKYk4RxwTu8de8DQNWwkxs=",
              "company": "Zje/kafYBnb9EjAyRpWVKUtKY03i4D5XOj59VXdc1fzA=",
              "company_url": "https://www.xing.com/companies/go?name=5AK3H2e0bFFzsAvJopnjtXaWQHXiC6dBy2MSVma2YOA=",
              "jobDuration": "9 Jahr, 4 Monat ",
              "jobDates": "10/2007 - 01/2017"
            },
            {
              "jobTitle": "kAbU0cgHwNYiBYKOp8KcnaKYk4RxwTu8de8DQNWwkxs=",
              "company": "GxsIHYkwqic2vZldbK0c2az9R0wOFJSd4kT1QYWMyg2E=",
              "company_url": "https://www.xing.com/companies/go?name=KFa8CwrVI+oyZVfWXefRVMQVYcd+CfA4VZc6FC0jm74=",
              "jobDuration": "1 Jahr, 2 Monat ",
              "jobDates": "06/2006 - 07/2007"
            }
          ]
        }
      ],
      "languages": [
        {
        }
      ],
      "education": [
        {
          "institution": "CbRpk5Krtg6FUmabAv1QgpMPQ0lcu2szgfHGS6Dsk30=",
          "url": "https://www.xing.com/search/members?keywords=y5X0AL2RKwMas6D+qn4l8MO8InahLsx1LHF7G4GdHqI=",
          "degree": "Civil Engineer B.Sc, 70/100",
          "eduDuration": "09/1999 - 07/2003"
        }
      ],
      "awards": [
        {
        }
      ]
    },
    {
      "profile": [
        {
          "sex": "m",
          "memberSince_Hits": "16. September 2010 / 1474",
          "currJobDescr": "m8oQuzkvZPDJZ2H/Dqx0pY9/e1pUA4ZYLoBaDaw1NdQ=",
          "jobs": [
            {
              "jobTitle": "m8oQuzkvZPDJZ2H/Dqx0pY9/e1pUA4ZYLoBaDaw1NdQ=",
              "company": "IAyJ/NMyMt1sDPgwy8ONYw5NzB8zN8H02DLQ7NI/8fH4=",
              "company_url": "https://www.xing.com/companies/go?name=m2dtojLXedfbIIvNospjN2DLP6QRBtu7SHOstoVTWl4=",
              "jobDuration": "6 Jahre",
              "jobDates": "02/2011 - 01/2017"
            },
            {
              "jobTitle": "1IrhIvTzNK3nHhJB183XlBjOL7/tr+VCcEs/epBs/a8=",
              "company": "IAyJ/NMyMt1sDPgwy8ONYw5NzB8zN8H02DLQ7NI/8fH4=",
              "company_url": "https://www.xing.com/companies/go?name=m2dtojLXedfbIIvNospjN2DLP6QRBtu7SHOstoVTWl4=",
              "jobDuration": "3 Monat ",
              "jobDates": "11/2010 - 01/2011"
            },
            {
              "jobTitle": "DicVUYgRADiUzNEu/ep0B+UuNT3nY9wIZhAWRW4/fIg=",
              "company": "BI79IYzBoUcLIzA66cAQSbiIedP+K3B3VzGZqInDugYU=",
              "company_url": "https://www.xing.com/companies/go?name=6g7q5NM2UlgjjkT/UCgPxDNUDgnRjwb4kMLSLKAhhW0=",
              "jobDuration": "4 Monat ",
              "jobDates": "06/2009 - 09/2009"
            }
          ]
        }
      ],
      "languages": [
        {
        }
      ],
      "education": [
        {
          "institution": "qHXdWcKWjclMppLHwD7mumm6Kfx5Tnm2Au23hQ+ImFE=",
          "url": "https://www.xing.com/search/members?keywords=Z2nsFLjfJqbyywTWmGVaPIep/n/TBNJCu3HCQZmsayI=",
          "degree": "Civil Engineering, M.Sc.",
          "eduDuration": "2007 - 2010"
        },
        {
          "institution": "qHXdWcKWjclMppLHwD7mumm6Kfx5Tnm2Au23hQ+ImFE=",
          "url": "https://www.xing.com/search/members?keywords=Z2nsFLjfJqbyywTWmGVaPIep/n/TBNJCu3HCQZmsayI=",
          "degree": "Civil Enginering, B.Sc.",
          "eduDuration": "2004 - 2007"
        },
        {
          "institution": "qHXdWcKWjclMppLHwD7mumm6Kfx5Tnm2Au23hQ+ImFE=",
          "url": "https://www.xing.com/search/members?keywords=Z2nsFLjfJqbyywTWmGVaPIep/n/TBNJCu3HCQZmsayI=",
          "degree": "Ingegneria Civile - Strutture, Laurea Specialistica Ing. Civile - Strutture"
        }
      ]
    },
    {
      "profile": [
        {
          "sex": "f",
          "memberSince_Hits": "29. August 2013 / 1098",
          "currJobDescr": "vVswkpt9A/lEq4C5a5FsF5/x3/IJvPeNABTGI+ilZUo=",
          "jobs": [
            {
              "jobTitle": "vVswkpt9A/lEq4C5a5FsF5/x3/IJvPeNABTGI+ilZUo=",
              "company": "SVK2ZnrkFvoUjbfWlAkaouRsVqbjwge+IkRGOw+kjLiQ=",
              "company_url": "https://www.xing.com/companies/go?name=DjXMlZWx9iUXWaxC/lTOn6Da/7RUDKXJroK8Su5nvTA=",
              "jobDates": "bis heute"
            },
            {
              "jobTitle": "l9w8vqX/kiK3Me3Pzi3Lparjjt+E8wsKTyzw/dc6zRE=",
              "company": "SVK2ZnrkFvoUjbfWlAkaouRsVqbjwge+IkRGOw+kjLiQ=",
              "company_url": "https://www.xing.com/companies/go?name=DjXMlZWx9iUXWaxC/lTOn6Da/7RUDKXJroK8Su5nvTA=",
              "jobDuration": "7 Jahr, 8 Monat ",
              "jobDates": "06/2009 - 01/2017"
            },
            {
              "jobTitle": "5sCEecCIVSB89N+IFRe+7AmfVScyu56qMrdIeZRiPbg=",
              "company": "E98p+7KScVE4oUudkmK2alLeBlNYtqB4iIr/b5SwOBfU=",
              "company_url": "https://www.xing.com/companies/go?name=LkMIhmGZUYYWmkwDlEnNYlblsWH0pt+UI4Lp2ptX5nw=",
              "jobDuration": "7 Jahr, 8 Monat ",
              "jobDates": "06/2009 - 01/2017"
            },
            {
              "jobTitle": "vVswkpt9A/lEq4C5a5FsF5/x3/IJvPeNABTGI+ilZUo=",
              "company": "FPAfwwQRFPfhjHRJ9FfpGotvDzgpc977ChBrzl5VbhDg=",
              "company_url": "https://www.xing.com/companies/go?name=uAavfWWC2F3FGJJ6Z+OJltW7f2hOmX8URcx/45Jh+l8=",
              "jobDuration": "1 Jahr, 5 Monat ",
              "jobDates": "06/2009 - 10/2010"
            },
            {
              "jobTitle": "h2IG+bUbQb6AQhr2DrSh84hBXxy+T+VNblLDduvjmHU=",
              "company": "VL8L9nfdgPbPbiR3HJ8Z/5ceGuBx+QZsyVwkwIshlylI=",
              "company_url": "https://www.xing.com/companies/go?name=9sOKRKxsvhvmdhj8jebHvxPUT1f15x76QDjHsa4+wIs=",
              "jobDuration": "7 Monat ",
              "jobDates": "11/2008 - 05/2009"
            }
          ]
        }
      ],
      "languages": [
        {
        }
      ],
      "education": [
        {
          "institution": "go2aKOTT/vEEzFtzaTmpKGqIzuMW8Cyppon0SdAFW5k=",
          "url": "https://www.xing.com/search/members?keywords=HCxyGpzPFyVcNKBe60prg6nc6cAR2ke4TTIVZy120Yg=",
          "degree": "Environmental Protection and Sustainable Development, MSc",
          "eduDuration": "09/2007 - 10/2008"
        },
        {
          "institution": "go2aKOTT/vEEzFtzaTmpKGqIzuMW8Cyppon0SdAFW5k=",
          "url": "https://www.xing.com/search/members?keywords=HCxyGpzPFyVcNKBe60prg6nc6cAR2ke4TTIVZy120Yg=",
          "degree": "Civil Engineering, Diploma",
          "eduDuration": "10/2001 - 07/2007"
        }
      ]
    },
    {
      "profile": [
        {
          "sex": "m",
          "memberSince_Hits": "22. September 2013 / 616",
          "currJobDescr": "d4Nkosvvg6Jv1NR7STuYl0LM7veY1VpF7AgyuV4ICXQ=",
          "jobs": [
            {
              "jobTitle": "d4Nkosvvg6Jv1NR7STuYl0LM7veY1VpF7AgyuV4ICXQ=",
              "company": "SDWlP6WUXRJB4eXDGuESymHaM0U+VciGFAenaS1pDYEY=",
              "company_url": "https://www.xing.com/companies/go?name=E0eB6r6+ednzeg1JkXQ002ra6HYFayH8gnRnk7lZktA=",
              "jobDates": "bis heute"
            },
            {
              "jobTitle": "eD2Mb54xtJKYS1szaYjDSO0YgKwL+znVsuzWBkq4UwQ=",
              "company": "DjTkzgbEMdP7MGmYrh4z8mdvmt0L7LH/RNZb5xrQ8aNQ=",
              "company_url": "https://www.xing.com/companies/go?name=w4NHf/0Mk8xtyX805QYELBhQLgw5WhybWeberHpWNKI=",
              "jobDuration": "2 Jahre",
              "jobDates": "01/2010 - 12/2011"
            },
            {
              "jobTitle": "J85MOV8CLHLiXzvbhzuSyAFcMrBfebiIpXFvzgcxAis=",
              "company": "EngL+v+Aj5zFeZZO0ld7sSIztXXzUG1i7YY22SwRJ9cY=",
              "company_url": "https://www.xing.com/companies/go?name=8BuwxX0GyNvk6D7Y0m9AxrQVFVIxpAxTy65PzqBDz2s=",
              "jobDuration": "1 Jahr, 3 Monat ",
              "jobDates": "05/2008 - 07/2009"
            },
            {
              "jobTitle": "8pAujOn+U/um66vx/3jp3XqK3tDjy2i9diLXnZJLAcI=",
              "company": "Em2fOX9lCvUjugmJFdwI+zbDJEmg2vIJwJe1FoUq3X04=",
              "company_url": "https://www.xing.com/companies/go?name=jNUhPQwI2/uU8h8qC9AJxiq00EclOKQQpUWDzRZLbDI=",
              "jobDuration": "3 Monat ",
              "jobDates": "01/2008 - 03/2008"
            },
            {
              "jobTitle": "XpegWrlmEu5RFXSmA7/GdmQYyJ27nGPLZs2vHU6UUt8=",
              "company": "NDYw+Njp1TZauDFnAxbkth7ZuPEZAcMutvr8RNSZPa28=",
              "company_url": "https://www.xing.com/companies/go?name=Kw2NFiPP/5Bd+sr9yD01lMX4rtB/F6zFZtxmMv3GL4A=",
              "jobDuration": "7 Monat ",
              "jobDates": "01/2007 - 07/2007"
            }
          ]
        }
      ],
      "languages": [
        {
        }
      ],
      "education": [
        {
          "institution": "pDlGZvVbo8M7neLj5BprPUu2jxHU+D1hSgW3W80luzQ=",
          "url": "https://www.xing.com/search/members?keywords=b1+piA1oOhv3+0p+B/7kyt0ohWppS/flCj+T+nPfLGg=",
          "degree": "CIVIL ENGINEER",
          "eduDuration": "09/1999 - 05/2007"
        }
      ]
    },
    {
      "profile": [
        {
          "sex": "m",
          "memberSince_Hits": "3. Oktober 2016 / 36",
          "currJobDescr": "vVswkpt9A/lEq4C5a5FsF5/x3/IJvPeNABTGI+ilZUo=",
          "jobs": [
            {
              "jobTitle": "vVswkpt9A/lEq4C5a5FsF5/x3/IJvPeNABTGI+ilZUo=",
              "company": "AfKjbMLggK3FI3ub5yWS7ahefWlz0QwQT+TmtzqFWrPE=",
              "company_url": "https://www.xing.com/companies/go?name=vmfTcGoGOZoFv8n0sxEKGeXHiV0vWDKqEZrDE0UVeBI=",
              "jobDuration": "1 Jahr, 9 Monat ",
              "jobDates": "05/2015 - 01/2017"
            },
            {
              "jobTitle": "hTySRHc5uA52ivS1iBJPuNAZu+YX82FX1fbDs/l2jUE=",
              "company": "IOyd9PpTINLl2m1U5/5GoKMAo1o9fLzNImIdEGWJob3s=",
              "company_url": "https://www.xing.com/companies/go?name=fM43sFMwoxki8ZBmTZQs4rMAQATksUqyK5x0bYMqs8Q=",
              "jobDuration": "5 Monat ",
              "jobDates": "09/2014 - 01/2015"
            },
            {
              "jobTitle": "vVswkpt9A/lEq4C5a5FsF5/x3/IJvPeNABTGI+ilZUo=",
              "company": "TioaqxJv3pwr6Y0mfIuCqOMPpqPSlVC4wKBzE29+22do=",
              "company_url": "https://www.xing.com/companies/go?name=TzRJ4/mXY8ZIqRb5acTQdnIPc8+hdSGWbU3SycypogI=",
              "jobDuration": "3 Monat ",
              "jobDates": "03/2013 - 05/2013"
            }
          ]
        }
      ],
      "languages": [
        {
        }
      ],
      "education": [
        {
          "institution": "67VSJtf0uVejtWvU69vLbwxhDMPGRljxYE0dqfCv29o=",
          "url": "https://www.xing.com/search/members?keywords=xY03IXNbyBHCxVTwR/FhO8KX+fEmlu35ttqwva6XEBI=",
          "degree": "Civil Engineering",
          "eduDuration": "01/2010 - 01/2014"
        }
      ]
    },
    {
      "profile": [
        {
          "sex": "f",
          "memberSince_Hits": "7. November 2015 / 100",
          "currJobDescr": "vVswkpt9A/lEq4C5a5FsF5/x3/IJvPeNABTGI+ilZUo=",
          "jobs": [
            {
              "jobTitle": "vVswkpt9A/lEq4C5a5FsF5/x3/IJvPeNABTGI+ilZUo=",
              "company": "Aa1e/7bTwylSTdw7nW2uttmYH92+sziHGhGISEqnTgDI=",
              "company_url": "https://www.xing.com/companies/go?name=HY83n9aDJjL/HMfyNCf6lxKJBs8fNyajuEDNth81ZIA=",
              "jobDuration": "2 Jahr, 6 Monat ",
              "jobDates": "08/2014 - 01/2017"
            },
            {
              "jobTitle": "vVswkpt9A/lEq4C5a5FsF5/x3/IJvPeNABTGI+ilZUo=",
              "company": "AGF9we9rqK6rWH4HBa8fsr0WfLla5JQbcKo7Z+/DFJ6g=",
              "company_url": "https://www.xing.com/companies/go?name=vA3AAJSBlprruy3X7Ysq6T28xxKkQid7ozuS79wzlO8=",
              "jobDuration": "1 Jahr, 5 Monat ",
              "jobDates": "04/2013 - 08/2014"
            },
            {
              "jobTitle": "W4nU4QCZgYtpLQUidW+Uu7h54PDsszNvSytyR/Yx4/E=",
              "company": "Aau5l8mnSRtrdYr8BeA6YLcr0caRXxBc1JHrUTtcrjU4=",
              "company_url": "https://www.xing.com/companies/go?name=8eDxOTpxyLcWKPCvyCFKSOzNEJUVbJ7CG7r8lgDodCg=",
              "jobDuration": "11 Monat ",
              "jobDates": "03/2012 - 01/2013"
            },
            {
              "jobTitle": "G28ryacBnsfG+2bfaDxdRDqE5lQEhtpTRbOdGXijtkU=",
              "company": "DSOZ/85dlF7CS7bFG7z+flB0dLOse6fkSAAtxb2r26Tw=",
              "company_url": "https://www.xing.com/companies/go?name=ZsAnkMSAD/lX74kk0VdZXcDoqsvAm1MaB0sOrjHPi44=",
              "jobDuration": "1 Jahr, 8 Monat ",
              "jobDates": "01/2010 - 08/2011"
            },
            {
              "jobTitle": "PR+LmHlJE+dpzaPz5p5/C9pIU0bIMGOi4ObL68/VPCw=",
              "company": "D+6MOmhVlS9g1tzzynXqWK/CWUixjJC0llMfWMEQWer8=",
              "company_url": "https://www.xing.com/companies/go?name=v2PK3EtzUfJClbKbJj9Lhm0i2+gqwyzK8M/MieuXKJY=",
              "jobDuration": "2 Jahr, 1 Monat",
              "jobDates": "09/2007 - 09/2009"
            }
          ]
        }
      ],
      "languages": [
        {
        }
      ],
      "education": [
        {
          "institution": "iYiQnFIiDxjDSfWfrc/ZSwAVH935zm8ZoMTK67be7qo=",
          "url": "https://www.xing.com/search/members?keywords=uiPfCNPrmdYJU9CkBVXVaSYe6gzBmIWF3ihDsPVBGPk=",
          "degree": "Management",
          "eduDuration": "09/2011 - 09/2012"
        },
        {
          "institution": "8STHIRm+WSiZaAzi2wJl1SoffRT7O6XxtDeaXflb+oY=",
          "url": "https://www.xing.com/search/members?keywords=T/R8+yzKbJnDPZR8EoZ53BAJ4IPriAw1PAU4Z/rZvIA=",
          "degree": "Civil & Industrial Engineering",
          "eduDuration": "09/2003 - 06/2008"
        }
      ]
    },
    {
      "profile": [
        {
          "sex": "m",
          "memberSince_Hits": "11. Oktober 2011 / 1240",
          "currJobDescr": "k03Y8PjIQS2zYh3xsxItFex+s/u8gev4ASJSgQ65ljc=",
          "jobs": [
            {
              "jobTitle": "k03Y8PjIQS2zYh3xsxItFex+s/u8gev4ASJSgQ65ljc=",
              "company": "Ö7ir+JZrimWncZI8JR3RhsOzxFXFEL5A/quVPUq6Cmtc=",
              "company_url": "https://www.xing.com/companies/go?name=ftxy3cYDe8DRzdunS/GH0L+A5pV0J0B5w0+CnU4AU2A=",
              "jobDates": "2010 - 01/2017"
            },
            {
              "jobTitle": "vVswkpt9A/lEq4C5a5FsF5/x3/IJvPeNABTGI+ilZUo=",
              "company": "MJJv3jDcki//680Qg558MctMGtvBQsG/CpA1KwyuAJp4=",
              "company_url": "https://www.xing.com/companies/go?name=7f1slY2WukAzuRNYM73H0NdETyIdqktaqeG+3sUq+Ro=",
              "jobDates": "2009 - 2010"
            }
          ]
        }
      ],
      "languages": [
        {
        }
      ],
      "education": [
        {
          "institution": "Uww726y22v32LIQHgqPCJPHhRccWbU84zznWcvhndIQ=",
          "url": "https://www.xing.com/search/members?keywords=ZDn7Z0MTdvTEPAF1wj8M5NZi5HWX+YVj09O7zOlXxl8=",
          "degree": "Coastal Geosciences and Engineering, Master",
          "eduDuration": "2007 - 2009"
        },
        {
          "institution": "KACfQ8qAfRYx3GhbJ6MBSB4yRV5cOCf6JqbKgP0UKeI=",
          "url": "https://www.xing.com/search/members?keywords=PimFewHaR8KP1iANp+YGCnyTG7m18btKHb3KjD6B1pc=",
          "degree": "Faculty of Engineering, 3,3/4",
          "eduDuration": "2003 - 2007"
        }
      ]
    },
    {
      "profile": [
        {
          "sex": "m",
          "memberSince_Hits": "3. September 2014 / 421",
          "currJobDescr": "178tdDSdZYuHGGkjplhiquxKGm2jAciDyQDLW6YCzIU=",
          "jobs": [
            {
              "jobTitle": "178tdDSdZYuHGGkjplhiquxKGm2jAciDyQDLW6YCzIU=",
              "company": "IGojvFIisPQJZGMO+uy4GK6uqzC1wRBMxcMNKcuLO3+I=",
              "company_url": "https://www.xing.com/companies/go?name=yRASUX/p1oVO+94eN7W9zUB4azeiq1cySYUpQolbKqI=",
              "jobDuration": "1 Jahr, 11 Monat ",
              "jobDates": "03/2015 - 01/2017"
            },
            {
              "jobTitle": "vVswkpt9A/lEq4C5a5FsF5/x3/IJvPeNABTGI+ilZUo=",
              "company": "B3RHOrybGvekOyLw2klZqDyfgWYUOMSE2MRRiJAREPAs=",
              "company_url": "https://www.xing.com/companies/go?name=cjiHXE3Vv/yR4usRjZR3/frKQ4BYN3rpOnRvLpoeT7U=",
              "jobDuration": "2 Jahr, 9 Monat ",
              "jobDates": "04/2011 - 12/2013"
            }
          ]
        }
      ],
      "languages": [
        {
        }
      ],
      "education": [
        {
          "institution": "q6qE5FRosGMhJFUCvFa0s16t3kdhM60Rio7XpyJt5IA=",
          "url": "https://www.xing.com/search/members?keywords=cSbQCmQaCsjf0YLtoYisplgBFY3mw07BhoPUVCqVn6k=",
          "degree": "Civil Engineering, Masters",
          "eduDuration": "04/2002 - 03/2004"
        },
        {
          "institution": "GD2shYPCTwZ0vQjmuZS+TMmwRBjzezoIFA49xMRGGgw=",
          "url": "https://www.xing.com/search/members?keywords=P+OmisBTkV80ZUEH2ENyl6dtpuZgIhFkL4G268xH73s=",
          "degree": "Civil Engineering, Post-graduate Diploma",
          "eduDuration": "09/1998 - 08/1999"
        },
        {
          "institution": "GD2shYPCTwZ0vQjmuZS+TMmwRBjzezoIFA49xMRGGgw=",
          "url": "https://www.xing.com/search/members?keywords=P+OmisBTkV80ZUEH2ENyl6dtpuZgIhFkL4G268xH73s=",
          "degree": "Civil Engineering, Bachelor",
          "eduDuration": "09/1992 - 08/1997"
        }
      ]
    },
    {
      "profile": [
        {
          "sex": "m",
          "memberSince_Hits": "31. August 2013 / 727",
          "currJobDescr": "wb9L3bTqEFkqAw256ZKx8EzSbCLGxX71wV+oxVz2O+U=",
          "jobs": [
            {
              "jobTitle": "wb9L3bTqEFkqAw256ZKx8EzSbCLGxX71wV+oxVz2O+U=",
              "company": "SYYh5bTTWEt8QP/MTccCY5OpPCtxsqG7s1bvQUSPck1Q=",
              "company_url": "https://www.xing.com/companies/go?name=GyrJZRf78nlIbSjWjJ7rt/VI7enmopnIMEW8wM4DyyY=",
              "jobDuration": "5 Jahr, 5 Monat ",
              "jobDates": "09/2011 - 01/2017"
            },
            {
              "jobTitle": "YbzPQXzSqNdAFQMScQqywhFGgf0AaXDkaj2vEBkPuzg=",
              "company": "SYYh5bTTWEt8QP/MTccCY5OpPCtxsqG7s1bvQUSPck1Q=",
              "company_url": "https://www.xing.com/companies/go?name=GyrJZRf78nlIbSjWjJ7rt/VI7enmopnIMEW8wM4DyyY=",
              "jobDuration": "5 Jahr, 5 Monat ",
              "jobDates": "09/2011 - 01/2017"
            },
            {
              "jobTitle": "wb9L3bTqEFkqAw256ZKx8EzSbCLGxX71wV+oxVz2O+U=",
              "company": "IfogyScv9zMr/piOdnclIZBAyatNeb9TfwytBo0ZGZMU=",
              "company_url": "https://www.xing.com/companies/go?name=E7oxlOq1AAQUb0Lj1HhwMiMKv4hpvEGa2hVM+GddxLU=",
              "jobDuration": "1 Jahr, 3 Monat ",
              "jobDates": "07/2010 - 09/2011"
            },
            {
              "jobTitle": "jGm5KlAPHUBWhEh28KTqfl5u8s/O7IkYC37b8SeBps8=",
              "company": "IfogyScv9zMr/piOdnclIZBAyatNeb9TfwytBo0ZGZMU=",
              "company_url": "https://www.xing.com/companies/go?name=E7oxlOq1AAQUb0Lj1HhwMiMKv4hpvEGa2hVM+GddxLU=",
              "jobDuration": "11 Monat ",
              "jobDates": "09/2009 - 07/2010"
            },
            {
              "jobTitle": "bqqD+9kDvaZvsbt4XJJ315lIom5YlRGkWpQ5m82KQp0=",
              "company": "NOfrc7ifURiCDMu0cx92bCvi9o9YCAJj6dukoazTBHS8=",
              "company_url": "https://www.xing.com/companies/go?name=hOV500LljArK8A8ODBeS+fJSWcNbo2/lblVIp+XCDNQ=",
              "jobDuration": "1 Jahr",
              "jobDates": "10/2008 - 09/2009"
            },
            {
              "jobTitle": "zABzHPnd4XBL8zWApToV3ca17jCvyXnaqvJWrxgPnBA=",
              "company": "VArVk22Zn9rvn3KWxiLH6AkDdw3UUk/5BVxmH24bKgLA=",
              "company_url": "https://www.xing.com/companies/go?name=0I6Uy+T4V+oXOyurbrkjoO6ImdAZvhPp8BFLMnGb5O4=",
              "jobDuration": "1 Jahr, 1 Monat",
              "jobDates": "10/2007 - 10/2008"
            },
            {
              "jobTitle": "ZrbCW3WX+Dey0Df1BDQJEmeykj6uqVFpfQFzzVWxfak=",
              "company": "VArVk22Zn9rvn3KWxiLH6AkDdw3UUk/5BVxmH24bKgLA=",
              "company_url": "https://www.xing.com/companies/go?name=0I6Uy+T4V+oXOyurbrkjoO6ImdAZvhPp8BFLMnGb5O4=",
              "jobDuration": "1 Jahr, 2 Monat ",
              "jobDates": "09/2006 - 10/2007"
            },
            {
              "jobTitle": "cppa+ciNVICuROKts6Y4w36tYIBam3EcWdBZa/JTR8c=",
              "company": "AFEp10YAE3MCX9G0IdHyNK2SZv4FNLEMLzZbVuWw0NBY=",
              "company_url": "https://www.xing.com/companies/go?name=5qf/Tgb9rHffaDZ+4Ukx0GCyYttgc62OefJLNwjRP2Y=",
              "jobDuration": "6 Monat ",
              "jobDates": "04/2006 - 09/2006"
            },
            {
              "jobTitle": "0tWtpNUm1atwID0YqIqeiUyf2SYfgPAANk5z6xjydHs=",
              "company": "BqCZbl2kPac3tVCYTKcgyHUWhE6fgADzfE4bnagiZqyc=",
              "company_url": "https://www.xing.com/companies/go?name=teuaeyeJprmZ5gXoutFukDiJbV/jHKPtACx1LNSnUVI=",
              "jobDuration": "1 Jahr, 3 Monat ",
              "jobDates": "05/2004 - 07/2005"
            }
          ]
        }
      ],
      "languages": [
        {
        }
      ],
      "education": [
        {
          "institution": "mDL+BibomR2ReFVDdyABu8HsaKEkvxX2BGq2tbssyuo=",
          "url": "https://www.xing.com/search/members?keywords=INGF81j5APYzLod+ojrcNXzDD3v/zLJANYzQ4AvYW2g=",
          "degree": "Civil Engineering, Mathematics, Physics, Marketing & Innovation, Master",
          "eduDuration": "09/2002 - 09/2006"
        }
      ]
    },
    {
      "profile": [
        {
          "sex": "m",
          "memberSince_Hits": "1. März 2016 / 91",
          "currJobDescr": "vVswkpt9A/lEq4C5a5FsF5/x3/IJvPeNABTGI+ilZUo=",
          "jobs": [
            {
              "jobTitle": "vVswkpt9A/lEq4C5a5FsF5/x3/IJvPeNABTGI+ilZUo=",
              "company": "Oz707AVYlJe+ve2gBEEa6n9YKJCCq0ZSGpPLqKtZxh70=",
              "company_url": "https://www.xing.com/companies/go?name=XwHXjCdureiR6au/vOlBmoti//jwnyOHTF7OCqX9WU4=",
              "jobDuration": "2 Jahr, 4 Monat ",
              "jobDates": "10/2014 - 01/2017"
            },
            {
              "jobTitle": "vVswkpt9A/lEq4C5a5FsF5/x3/IJvPeNABTGI+ilZUo=",
              "company": "Oz707AVYlJe+ve2gBEEa6n9YKJCCq0ZSGpPLqKtZxh70=",
              "company_url": "https://www.xing.com/companies/go?name=XwHXjCdureiR6au/vOlBmoti//jwnyOHTF7OCqX9WU4=",
              "jobDuration": "2 Jahr, 9 Monat ",
              "jobDates": "02/2012 - 10/2014"
            },
            {
              "jobTitle": "PyzouaE75HkFoxNcr2TwYMyd2sIeclIk8O41iIlcrUM=",
              "company": "D+TgLBQIn49tZgJQffhFAmzwWDOgTn0MIl//6VC/Cfso=",
              "company_url": "https://www.xing.com/companies/go?name=tJP5/hW+N18ZuHQhaeuFQuqX3M0baP6i96pJW7i8shI=",
              "jobDuration": "1 Jahr",
              "jobDates": "04/2012 - 03/2013"
            },
            {
              "jobTitle": "zABzHPnd4XBL8zWApToV3ca17jCvyXnaqvJWrxgPnBA=",
              "company": "IAtOrklJMcG/owmAc8U8w2p6vxP4X6cHY1WwtcslMiqM=",
              "company_url": "https://www.xing.com/companies/go?name=WCTxsyfuqnSUcHb82+drxAWc3n66w43PEdpvEQnbhxE=",
              "jobDuration": "2 Jahr, 2 Monat ",
              "jobDates": "02/2010 - 03/2012"
            },
            {
              "jobTitle": "AU/6HCPnqtiKh5boC3/56eABMF62SHmG4vfbgPD2Nto=",
              "company": "CAo/ojIBOAHmnzawgxsGXtr7RnIUNn240m5neCa2j8xg=",
              "company_url": "https://www.xing.com/companies/go?name=+yEVBccFdKjUf5rFQmCMUvGHLkJsjaEpUzGnr1uR12E=",
              "jobDuration": "6 Monat ",
              "jobDates": "08/2009 - 01/2010"
            }
          ]
        }
      ],
      "languages": [
        {
        }
      ],
      "education": [
        {
          "institution": "x27Btv6aJdtxCUlprzLRRc9aiFkVtKciqEcAhLGmDj4=",
          "url": "https://www.xing.com/search/members?keywords=EjNk8qT7uZ+wzmFrx7JqPTKtzNUiDQvMH+TCWia+YIs=",
          "degree": "Civil Engineering, Excellent, GPA 3.6/4",
          "eduDuration": "09/2009 - 05/2010"
        },
        {
          "institution": "x27Btv6aJdtxCUlprzLRRc9aiFkVtKciqEcAhLGmDj4=",
          "url": "https://www.xing.com/search/members?keywords=EjNk8qT7uZ+wzmFrx7JqPTKtzNUiDQvMH+TCWia+YIs=",
          "degree": "Civil Engineering, Good",
          "eduDuration": "09/2004 - 05/2009"
        }
      ]
    },
    {
      "profile": [
        {
          "sex": "m",
          "memberSince_Hits": "28. Januar 2016 / 365",
          "currJobDescr": "RxtjwdGWN6MeeLQBa21+kep/b7LjRBv7orehSoPgeO8=",
          "jobs": [
            {
              "jobTitle": "RxtjwdGWN6MeeLQBa21+kep/b7LjRBv7orehSoPgeO8=",
              "company": "OqhgJEmLJpgM4xlnma7qnvKpHKkXybwsJmcvb6Y1H59Y=",
              "company_url": "https://www.xing.com/companies/go?name=fUW1T+NlQgoRFSOUofu/Mw+N1sRT4uPOOjVP7x3UHZo=",
              "jobDuration": "5 Jahre",
              "jobDates": "02/2012 - 01/2017"
            },
            {
              "jobTitle": "pTLoNpmagMhD+ZQGQZ0TNbkafTotPItaVwzaRhZZkaE=",
              "company": "FWbhmfHvGhP3oqr0FFge4qnNFUzkeJpWY/l0hVKIu9ls=",
              "company_url": "https://www.xing.com/companies/go?name=DtTBViLCbdIuWd8huTu4lVuYQEpvR/9W5ZJVSoajWVI=",
              "jobDates": "2008 - 2011"
            },
            {
              "jobTitle": "LJqNd0SyAWj8LxjJ9yKhvdj0Yk8E1n3xERxoLFWrNj4=",
              "company": "BsG1woy2r7flQfhKjz93Oy1ZEDoobo3gLtLXuQdqm3L0=",
              "company_url": "https://www.xing.com/companies/go?name=IyMYR9rSZg+mVE9S1cjk/7kMK5mBZL81yRXXaVb96H0=",
              "jobDates": "2006 - 2007"
            },
            {
              "jobTitle": "oW36eTFnlerG5ndd3XCkjkUxlqCPkZ446eF11j9tDvM=",
              "company": "TyZVNCElUmPirsolfeCK/O1ULADUGEv6GaRoMFdDP8uc=",
              "company_url": "https://www.xing.com/companies/go?name=H+wDG3qkJ9hG6typbryJUIZRCIw0SrZenG/KEJSVXpA=",
              "jobDates": "2003 - 2005"
            },
            {
              "jobTitle": "Uid7UOa66AWN226krROxuItne9LMWA9vCp/hPLdjDFw=",
              "company": "MWUQ5B1xbMzMMUmOmv5+EPR8ALX8BlUiswJN9tkefLbU=",
              "company_url": "https://www.xing.com/companies/go?name=XsxITqyvFoyVjQC1Eo1DP2IwADGndQXdAiulE1KYZPw=",
              "jobDates": "2001 - 2002"
            },
            {
              "jobTitle": "ySBCvSykFCw/hE41/4gJgSo6M5EQi5VnEnZqGWM0FQg=",
              "company": "JcZo/K86KmIAQy+gr66vHWXfhrRJyU/Z4qrjokH6g8cw=",
              "company_url": "https://www.xing.com/companies/go?name=V80hP7sk36DFvXXil1W03SN+66gZttVlPxOJEj4D5fI=",
              "jobDates": "1998 - 2000"
            },
            {
              "jobTitle": "rISrd1FZ3CENah+iICxa1eNCz9fO04nrhhDvP4xzbus=",
              "company": "MJQg1ehzZCcHRdE/O2ovTnqR5Zb5xVJ4wxU1aXLOXSUc=",
              "company_url": "https://www.xing.com/companies/go?name=b80Gc5uAD3tFbEX0S6fy9m2Dk4iVcejM6wHO7CAd8AI=",
              "jobDates": "1995 - 1997"
            },
            {
              "jobTitle": "tTaH1H+EzZ1Begw0s9KTefG15+b195BQocPWeIrouEY=",
              "company": "Mh6uTOGlqsAnYv5adO9zCbGUEAvspt5CY6pBMtF2FYVI=",
              "company_url": "https://www.xing.com/companies/go?name=aEuljBq8agVlwyR7u8YAHxPQbVZpmIZjnagCaULAWIY=",
              "jobDates": "1993 - 1995"
            },
            {
              "jobTitle": "cqmYk0IYCMeqK/Z7RbZVOW94V+CUdhx1Id6mzjwtE3c=",
              "company": "SUKSh/x77mlHQrpiguVj/EvO7z8kMHBrVX94bt2/acak=",
              "company_url": "https://www.xing.com/companies/go?name=UmjdUI6Ge6OK5bwhyPRGHk3cClGyg1oKspzaBH6JYtA=",
              "jobDates": "1990 - 1992"
            },
            {
              "jobTitle": "afg+aMw5XBta0OT2dTvU70UQxyah/iEe7FEc6bfq11w=",
              "company": "DoXGUt49rsFxYKzOyXB/PY61ZuuMcrMdlv8KV0z7F1MI=",
              "company_url": "https://www.xing.com/companies/go?name=0Egkp3Xr9yjyrYOwHLBaKMWebwen7JnNxzRSybK6kXM=",
              "jobDates": "1988 - 1989"
            },
            {
              "jobTitle": "fATlvbRpi1h9pywLiqlq6V2z7UCUhtlmSnrS06ng1BY=",
              "company": "TpOTJbuRnqCFf+SSxZdUmUBU5RAh2runVLsGlbSfXKp8=",
              "company_url": "https://www.xing.com/companies/go?name=7AGUHtX5Li4MJ9+y4LgX+ReRzKdYipI0+/dcFJulW14=",
              "jobDates": "1986 - 1987"
            },
            {
              "jobTitle": "JfYr8PxJ7MOW1VGwazP0n9c+qwmlYLYuc4WRLkJaSW0=",
              "company": "DoXGUt49rsFxYKzOyXB/PY61ZuuMcrMdlv8KV0z7F1MI=",
              "company_url": "https://www.xing.com/companies/go?name=0Egkp3Xr9yjyrYOwHLBaKMWebwen7JnNxzRSybK6kXM=",
              "jobDates": "1984 - 1985"
            }
          ]
        }
      ],
      "languages": [
        {
        }
      ],
      "education": [
        {
          "institution": "lpE8hObl2JIRWmV6Z72oGhaRVVUcLzqzd81Fu9P0YMA=",
          "url": "https://www.xing.com/search/members?keywords=Z+nXLaekB2xd7WmccDvWKe+j8rI2yHE+xeyVaXx5kpI="
        }
      ]
    },
    {
      "profile": [
        {
          "sex": "m",
          "memberSince_Hits": "30. März 2009 / 760",
          "currJobDescr": "xf+erR4S23PD5cuGCj9VXcLMIW6dwGUSslsQVeGuEmM=",
          "jobs": [
            {
              "jobTitle": "xf+erR4S23PD5cuGCj9VXcLMIW6dwGUSslsQVeGuEmM=",
              "company": "H8CWltDLNS8c8cNzkpVUTqrnX/gIuEcy3An12LnE0pw0=",
              "company_url": "https://www.xing.com/companies/go?name=oYx6gEKR3ni2QFYQLZCsQEdmUpH2CZ9YRFZ3qSkO9X0=",
              "jobDuration": "7 Jahr, 7 Monat ",
              "jobDates": "07/2009 - 01/2017"
            },
            {
              "jobTitle": "rruL24rzg+I4foSv69XI7rrDXCd92e6gcQqiBB5ggfA=",
              "company": "OnqCH+cc7rhRUw21FMuPPQs9aXvMsPQL7WdK56lS6XQ4=",
              "company_url": "https://www.xing.com/companies/go?name=Ztg6mvcghQ8dyI5V635PQ2klFEWeSMDy09aCvTMRUvM=",
              "jobDuration": "7 Monat ",
              "jobDates": "10/2007 - 04/2008"
            },
            {
              "jobTitle": "d4Nkosvvg6Jv1NR7STuYl0LM7veY1VpF7AgyuV4ICXQ=",
              "company": "EXA7FRysrIh01vZp15P3hgx0TaHR0rZoCc3cOvRBtsnE=",
              "company_url": "https://www.xing.com/companies/go?name=zYv00WmjAJT4+drBd7c3W52/6BS+For24RWaL98TYEQ=",
              "jobDuration": "1 Jahr, 4 Monat ",
              "jobDates": "07/2006 - 10/2007"
            }
          ]
        }
      ],
      "languages": [
        {
        }
      ],
      "education": [
        {
          "institution": "UJ6e/NSjcdgRzxirVLHBlvUjYZwzOXhMmcf+DRb8dlc=",
          "url": "https://www.xing.com/search/members?keywords=YMatMisOo1ZwgggUreRyw9WycWCfdUAuB96G4Bz2Mvg=",
          "degree": "CIVIL ENGINEERING, BACHOLER'S DEGREE",
          "eduDuration": "09/1999 - 09/2007"
        }
      ]
    },
    {
      "profile": [
        {
          "sex": "m",
          "memberSince_Hits": "28. August 2007 / 1425",
          "currJobDescr": "UUO/uYmzIntcyuz3nT1aH8gCY6JwYqU4LjSNoJK+Ntk=",
          "jobs": [
            {
              "jobTitle": "UUO/uYmzIntcyuz3nT1aH8gCY6JwYqU4LjSNoJK+Ntk=",
              "company": "IKKsPvSbxXQtcP1QeAS4ni/wScOtn4MPmqV0yck9di14=",
              "company_url": "https://www.xing.com/companies/go?name=Xx0dhcrP7YPLSxc1Kj3Jwbd54TGkfaDSLbLnQS+J9qI=",
              "jobDuration": "3 Jahr, 3 Monat ",
              "jobDates": "11/2013 - 01/2017"
            },
            {
              "jobTitle": "p1GfWMkFmAR02hs24a8tllv2cwOANXYwu1jC5qgPQ7s=",
              "company": "AVLRGMxA4jOSNPuBnUsKslygUPQV+pqCbIZcfh1CUfbk=",
              "company_url": "https://www.xing.com/companies/go?name=YU3UjdWVy8O4UvepyQSJmBkFp3jYA0wcriyxqwwpQSA=",
              "jobDuration": "2 Jahr, 1 Monat",
              "jobDates": "11/2011 - 11/2013"
            },
            {
              "jobTitle": "jGm5KlAPHUBWhEh28KTqfl5u8s/O7IkYC37b8SeBps8=",
              "company": "TuBVEW/wa3fNHw88/oA80q/HDIaBc7qHzUEo31CZBXoQ=",
              "company_url": "https://www.xing.com/companies/go?name=PTpNQ167pPC4Ca4Zi2fACTHtJuGGqWJDQSXSy9WKjJw=",
              "jobDuration": "2 Jahr, 11 Monat ",
              "jobDates": "01/2009 - 11/2011"
            },
            {
              "jobTitle": "uzwAbdo18obDzI12zdBU48B2ktKQ1RxbOO4Jw2nI0Ks=",
              "company": "AJRVkVcfc6BVPQB3OxKDaUc6pQNhLXuJx6RNf3IKLkPo=",
              "company_url": "https://www.xing.com/companies/go?name=xwESVT8/apbIjO9N3qCDpWg0MxUb2+SVzxsQocqlgcI=",
              "jobDuration": "1 Jahr, 3 Monat ",
              "jobDates": "10/2007 - 12/2008"
            },
            {
              "jobTitle": "pMofqZRcK9B8gWYuK+ts6PLb5kPcYBUASIsjSVBi71Y=",
              "company": "SLOes+MlL+MCz+5AXZoB7ZuvZ0O0x8eWij+AZJWUJx7I=",
              "company_url": "https://www.xing.com/companies/go?name=gbDf+bwGATut2h+kkd931DIBCzKEp1W6wOKt/Q6GBKU=",
              "jobDuration": "7 Monat ",
              "jobDates": "03/2007 - 09/2007"
            },
            {
              "jobTitle": "lNwDlr5CFJRa+guDPqM5ywbiYR8vuf7B3RBN2xuvFmc=",
              "company": "TBnhP4I29Mqc/RR/+icBSgE/AYlmiwPXB9IIe8HdQC5M=",
              "company_url": "https://www.xing.com/companies/go?name=lQmoANH3PGvU83G8u/nRC8qT+aQIh8oTYPr8GCC2YQA=",
              "jobDuration": "1 Jahr, 10 Monat ",
              "jobDates": "04/2005 - 01/2007"
            },
            {
              "jobTitle": "h895+DNFm+jJJUbS0dqb97oa0KAWx9NLVGUp0bZ4fR8=",
              "company": "HzAQkI3rRQpswEneGBBAnvSqywffbm61rUa57lxD9gdo=",
              "company_url": "https://www.xing.com/companies/go?name=tr6zSa7PoDHoneHbCv4II+tZ8Q0Nx6Ag3I1h+4XmehE=",
              "jobDuration": "3 Jahr, 3 Monat ",
              "jobDates": "09/2001 - 11/2004"
            },
            {
              "jobTitle": "jHN3imMPR6fkzpJKLhVxTrt4Ph4Q0nLGtVRLUaWcOBo=",
              "company": "R9ylqrQiM7ftkdjNZmRr5/3K5MCtf6oe+npXhJkg6v88=",
              "company_url": "https://www.xing.com/companies/go?name=0l12GWpAENUBtzOZMvNJxYMhWgNI+kxDolVxNik9WTM=",
              "jobDuration": "3 Jahr, 1 Monat",
              "jobDates": "01/1998 - 01/2001"
            }
          ]
        }
      ],
      "languages": [
        {
        }
      ],
      "education": [
        {
          "institution": "6XcIVEVraiEKiAhfjwdWykjVhejyy4VFdODsNKykwgU=",
          "url": "https://www.xing.com/search/members?keywords=f2hdazZ5coSSoazfoDnKPr1LI3wR4zicACuM4FBN34Q=",
          "degree": "Civil Engineering, Civil Engineer",
          "eduDuration": "09/1997 - 09/2004"
        }
      ]
    },
    {
      "profile": [
        {
          "sex": "m",
          "memberSince_Hits": "29. Oktober 2016 / 13",
          "currJobDescr": "vVswkpt9A/lEq4C5a5FsF5/x3/IJvPeNABTGI+ilZUo=",
          "jobs": [
            {
              "jobTitle": "vVswkpt9A/lEq4C5a5FsF5/x3/IJvPeNABTGI+ilZUo=",
              "company": "Tz7yuoR2tqGWKschLtnWGpsWnQdwDQiYWnEMBrLF1a68=",
              "company_url": "https://www.xing.com/companies/go?name=3b3hMUSYc/1DTqqUSyJfz21S5gT6WUMDYDzHZelRNcc=",
              "jobDuration": "1 Jahr, 8 Monat ",
              "jobDates": "06/2015 - 01/2017"
            },
            {
              "jobTitle": "I87Ymfo7vXyLU41x4aBKdlixOcHTorCkq3zTkrNErBI=",
              "company": "MFcdW9vmFBxl4rk9rBs61404G5dsMYKAqla8OIykB9aU=",
              "company_url": "https://www.xing.com/companies/go?name=KeidSQfk5OtJkMM4TqKtyi2LbFFYiRCbdQJIIUmB73g=",
              "jobDuration": "5 Monat ",
              "jobDates": "05/2014 - 09/2014"
            },
            {
              "jobTitle": "vVswkpt9A/lEq4C5a5FsF5/x3/IJvPeNABTGI+ilZUo=",
              "company": "TvgH8tcK0i8nAf9j7vX16pXZgdd0hVZAEf54f+zfvq48=",
              "company_url": "https://www.xing.com/companies/go?name=P+vvK4uVkkDferXj+BE5JyqRarIJQ9XY9pVjd/XtlzI=",
              "jobDuration": "1 Jahr, 6 Monat ",
              "jobDates": "07/2012 - 12/2013"
            },
            {
              "jobTitle": "ZoWMEDXxRdVh76XBwlRHTFiUC9f39a1q0ZtIfNh7Xl8=",
              "company": "OJN8xu/bEdsmBJwn8Tl9efAaqJrh/d5PXG1D6B52UNqM=",
              "company_url": "https://www.xing.com/companies/go?name=gmYwvyASo+b1g4dD5cxjLHGhqHGTl63Lli5whIMpD/Q=",
              "jobDuration": "9 Monat ",
              "jobDates": "01/2006 - 09/2006"
            }
          ]
        }
      ],
      "languages": [
        {
        }
      ],
      "education": [
        {
          "institution": "1CrvJZH1JfdKYWw9783pcOSd24vclFhpuDuaM0fEers=",
          "url": "https://www.xing.com/search/members?keywords=3Mdi6EPdgA70tHLNPGGxpwEBvcfW47WVSo3VkmgUsGs=",
          "degree": "Business Administration, MBA",
          "eduDuration": "09/2015 - 01/2017"
        },
        {
          "institution": "4dgPz/eODahk6kvsd0WBhdwHyv5ZEtnhf/a5srVTeX8=",
          "url": "https://www.xing.com/search/members?keywords=4Emu0C+ZfFVcdfRvGT1ZFSMzxFxz75DzddOI/nEwTbg=",
          "degree": "Environmental science, Master",
          "eduDuration": "09/2012 - 06/2015"
        },
        {
          "institution": "4dgPz/eODahk6kvsd0WBhdwHyv5ZEtnhf/a5srVTeX8=",
          "url": "https://www.xing.com/search/members?keywords=4Emu0C+ZfFVcdfRvGT1ZFSMzxFxz75DzddOI/nEwTbg=",
          "degree": "Civil Engineering, MEng",
          "eduDuration": "09/2004 - 03/2012"
        }
      ]
    },
    {
      "profile": [
        {
          "sex": "m",
          "memberSince_Hits": "26. November 2014 / 298",
          "currJobDescr": "vVswkpt9A/lEq4C5a5FsF5/x3/IJvPeNABTGI+ilZUo=",
          "jobs": [
            {
              "jobTitle": "vVswkpt9A/lEq4C5a5FsF5/x3/IJvPeNABTGI+ilZUo=",
              "company": "A7+Lr2jkjEBXIeeFwL7D4x/tfnPSlmHc30CrVvAut5Hs=",
              "company_url": "https://www.xing.com/companies/go?name=Waxw1lz/Pm7yWCi+/bhbtMb0zHmQZFv2oyRjdAG7tY8=",
              "jobDuration": "2 Jahr, 8 Monat ",
              "jobDates": "06/2014 - 01/2017"
            },
            {
              "jobTitle": "vVswkpt9A/lEq4C5a5FsF5/x3/IJvPeNABTGI+ilZUo=",
              "company": "L3BjCB6UohQtP27AqyrTHILuFU/qF7+7yXEMQ4jtqR9c=",
              "company_url": "https://www.xing.com/companies/go?name=V5moFRXITpKN+z00SzLSqemRIGuSlT9u6fAyMpeIaKA=",
              "jobDuration": "3 Monat ",
              "jobDates": "06/2013 - 08/2013"
            },
            {
              "jobTitle": "vVswkpt9A/lEq4C5a5FsF5/x3/IJvPeNABTGI+ilZUo=",
              "company": "HHZN+GiAv3N5Mtj89uedUdLRnnR3e0u6RUnTATtJoorw=",
              "company_url": "https://www.xing.com/companies/go?name=12f2j5YlrAEfDLxvrXdCO2QaXvVotsXOSkkq9JYHBjM=",
              "jobDuration": "3 Monat ",
              "jobDates": "06/2012 - 08/2012"
            }
          ]
        }
      ],
      "languages": [
        {
        }
      ],
      "education": [
        {
          "institution": "4mhQk3okXMaA9ka6YGYWrwsLWVcfEfefqtYG/TP7YbU=",
          "url": "https://www.xing.com/search/members?keywords=wiPaUJB2TcXU+4CQDTjr9cSt5pf/YEmnK91+LhH8MMs=",
          "degree": "Civil Engineering, 3.58/4.00",
          "eduDuration": "02/2013 - 08/2013"
        },
        {
          "institution": "G/pbQ5pGzrkjTPAOHMdWFGzD4p7azGpe+alD52au6fY=",
          "url": "https://www.xing.com/search/members?keywords=E/LCk6HPYZ4BmZ0axFcpUkr7mZ2uDxCBlCacV3nSA4I=",
          "degree": "Civil Engineering, 2,94/4.00",
          "eduDuration": "09/2009 - 02/2013"
        }
      ]
    },
    {
      "profile": [
        {
          "sex": "m",
          "memberSince_Hits": "23. Februar 2014 / 462",
          "currJobDescr": "vVswkpt9A/lEq4C5a5FsF5/x3/IJvPeNABTGI+ilZUo=",
          "jobs": [
            {
              "jobTitle": "vVswkpt9A/lEq4C5a5FsF5/x3/IJvPeNABTGI+ilZUo=",
              "company": "SBkUz/CZuH+qUQEBNdkYyC+uyxBAmbZ5W4PXj0LVsZNE=",
              "company_url": "https://www.xing.com/companies/go?name=0dlNPQEf7TTjSw/peAjjvbgDyNe6NiKBTqbXhY1OGpg=",
              "jobDuration": "5 Jahr, 9 Monat ",
              "jobDates": "05/2011 - 01/2017"
            },
            {
              "jobTitle": "vVswkpt9A/lEq4C5a5FsF5/x3/IJvPeNABTGI+ilZUo=",
              "company": "P7Xqbu+LrBAabALc4bKgime5Uu+TbE3cMw16XknCfrWo=",
              "company_url": "https://www.xing.com/companies/go?name=YbBV/qkBX2fyRbPoTxlIAON/i/SUHn8pkN0XiLYye+U=",
              "jobDuration": "3 Monat ",
              "jobDates": "02/2010 - 04/2010"
            },
            {
              "jobTitle": "uK18M6DVn8ulTsf05db5PUrH2ZSkYgGXAoMCP1KzHrc=",
              "company": "SqmPkW4ZZUFGNqPnzMON8An9VN1juZsHYnwVULZMT158=",
              "company_url": "https://www.xing.com/companies/go?name=8ugn1uuHUqeGpZeWiX+aLOnTIJZFfKeSb01DMAittIc=",
              "jobDuration": "10 Monat ",
              "jobDates": "09/2008 - 06/2009"
            }
          ]
        }
      ],
      "languages": [
        {
        }
      ],
      "education": [
        {
          "institution": "wLD+dppDtMn47PoLexw5ffD4yksz2YDWWyJeuwLWqk0=",
          "url": "https://www.xing.com/search/members?keywords=YidNXrllaMpKYKwp0QiXN07YsgRx20bi9ILmUvR8Q/E=",
          "degree": "Structural Engineering, Masters",
          "eduDuration": "09/2005 - 12/2010"
        }
      ]
    },
    {
      "profile": [
        {
          "sex": "m",
          "memberSince_Hits": "25. Februar 2011 / 819",
          "currJobDescr": "jpYYzuUBjAW9uJIO5dlkCrNcctO0VI4EvIkmmbErhes=",
          "jobs": [
            {
              "jobTitle": "jpYYzuUBjAW9uJIO5dlkCrNcctO0VI4EvIkmmbErhes=",
              "company": "YX9LZvGIFEBloJq9oXH2N+mIkx0LMj7FHa8BolZCOHRM=",
              "company_url": "https://www.xing.com/companies/go?name=aNab+RndFB9l8PWU1I26/a+p1m3wTesL2/6CP0uFzZM=",
              "jobDuration": "6 Jahre",
              "jobDates": "02/2011 - 01/2017"
            },
            {
              "jobTitle": "5633dMTDq6GDiX8T3PzAQyCL0cwuFLA3+FmZW9AM5lU=",
              "company": "-7iGgXMH4Udmk0O880dH8PMVDivwTL3EGHyWOjHQr8MU=",
              "company_url": "https://www.xing.com/companies/go?name=5633dMTDq6GDiX8T3PzAQyCL0cwuFLA3+FmZW9AM5lU=",
              "jobDates": "bis heute"
            },
            {
              "jobTitle": "jpYYzuUBjAW9uJIO5dlkCrNcctO0VI4EvIkmmbErhes=",
              "company": "M4QQV794YO399xunlAPEM2FktQRsqQYXB1axhmTGJLHc=",
              "company_url": "https://www.xing.com/companies/go?name=RmB/l1JYhF8RJTlXZdDRSo1aOFvRvKJ2OrD1q29Ezrg=",
              "jobDuration": "5 Jahr, 8 Monat ",
              "jobDates": "07/2005 - 02/2011"
            }
          ]
        }
      ],
      "languages": [
        {
        }
      ],
      "education": [
        {
          "institution": "6EF16UuWv3eS2DY/jNE8ysuFFN08jCY+5d1PWK1LvA8=",
          "url": "https://www.xing.com/search/members?keywords=TlYEPPZ+PUhJYX3eAdgOpPilLuMLZgzAzJ+7We6U6HQ=",
          "degree": "Civil & Transportation Engineering, M.Sc.",
          "eduDuration": "09/2001 - 09/2004"
        },
        {
          "institution": "Pv2uy0COfk9d6259Dbo25TgBD53tJ+1lcy5MHxGoItg=",
          "url": "https://www.xing.com/search/members?keywords=Ed4Zy3TdFWezM3JNefVta82lUsHJ/ZBulQ3/snRsnrg=",
          "degree": "Civil Engineering, B.S.",
          "eduDuration": "09/1996 - 09/2000"
        }
      ]
    },
    {
      "profile": [
        {
          "sex": "f",
          "memberSince_Hits": "12. März 2013 / 540",
          "currJobDescr": "8QrVHkkyoX0mfN5mTJhhjC/h5rcWfBqU1kCPVcQgTdo=",
          "jobs": [
            {
              "jobTitle": "8QrVHkkyoX0mfN5mTJhhjC/h5rcWfBqU1kCPVcQgTdo=",
              "company": "MVRVTy85n7jXfcT9U97I4WiEQzpSZeQkJN/v3CkeIM8E=",
              "company_url": "https://www.xing.com/companies/go?name=m+EEAHGsU1BUVzGTHDJiWMe8eWrJ5XLtftphjHy2zZQ=",
              "jobDuration": "4 Jahr, 4 Monat ",
              "jobDates": "10/2012 - 01/2017"
            },
            {
              "jobTitle": "bfZLUNbfJ+ajkTjMRz4/bDxAEgq+uiekOG1lMdqOBOg=",
              "company": "BiOhrMq/dLusY8+DkBgtwuU3lBIQ16OrQP7tcQcPMqwY=",
              "company_url": "https://www.xing.com/companies/go?name=ExkdIRQdDdbeiZkWywQ0AOmyT/Tpm/WkJOHePjtSmcE=",
              "jobDuration": "1 Jahr",
              "jobDates": "09/2009 - 08/2010"
            },
            {
              "jobTitle": "8QrVHkkyoX0mfN5mTJhhjC/h5rcWfBqU1kCPVcQgTdo=",
              "company": "MVRVTy85n7jXfcT9U97I4WiEQzpSZeQkJN/v3CkeIM8E=",
              "company_url": "https://www.xing.com/companies/go?name=m+EEAHGsU1BUVzGTHDJiWMe8eWrJ5XLtftphjHy2zZQ=",
              "jobDuration": "10 Monat ",
              "jobDates": "09/2009 - 06/2010"
            },
            {
              "jobTitle": "8QrVHkkyoX0mfN5mTJhhjC/h5rcWfBqU1kCPVcQgTdo=",
              "company": "MVRVTy85n7jXfcT9U97I4WiEQzpSZeQkJN/v3CkeIM8E=",
              "company_url": "https://www.xing.com/companies/go?name=m+EEAHGsU1BUVzGTHDJiWMe8eWrJ5XLtftphjHy2zZQ=",
              "jobDuration": "3 Jahr, 7 Monat ",
              "jobDates": "09/2001 - 03/2005"
            },
            {
              "jobTitle": "bfZLUNbfJ+ajkTjMRz4/bDxAEgq+uiekOG1lMdqOBOg=",
              "company": "BiOhrMq/dLusY8+DkBgtwuU3lBIQ16OrQP7tcQcPMqwY=",
              "company_url": "https://www.xing.com/companies/go?name=ExkdIRQdDdbeiZkWywQ0AOmyT/Tpm/WkJOHePjtSmcE=",
              "jobDuration": "2 Jahre",
              "jobDates": "09/2002 - 08/2004"
            }
          ]
        }
      ],
      "languages": [
        {
        }
      ],
      "education": [
        {
          "institution": "Z8WTtT+c6nTTMnH8On2U3ArjZy8jRbDlZ5oEGz5L/AY=",
          "url": "https://www.xing.com/search/members?keywords=HTAJ72dx0rb2gKtNV2YEjGEbPWmxNrGjsv8KYrT4erE=",
          "degree": "Hydraulic and Water Resources Engineering, Master",
          "eduDuration": "09/1995 - 06/2002"
        }
      ]
    },
    {
      "profile": [
        {
          "sex": "m",
          "memberSince_Hits": "10. September 2009 / 1606",
          "currJobDescr": "vVswkpt9A/lEq4C5a5FsF5/x3/IJvPeNABTGI+ilZUo=",
          "jobs": [
            {
              "jobTitle": "vVswkpt9A/lEq4C5a5FsF5/x3/IJvPeNABTGI+ilZUo=",
              "company": "HYB5oMNyV6dx36SHJane5J9aRAt2jouBWZiC7O1G7nSU=",
              "company_url": "https://www.xing.com/companies/go?name=vROS8MXBGX0b7LLmdOOBql5lhOaLPv5aCUTr1qwZGsI=",
              "jobDuration": "9 Jahr, 4 Monat ",
              "jobDates": "10/2007 - 01/2017"
            },
            {
              "jobTitle": "vVswkpt9A/lEq4C5a5FsF5/x3/IJvPeNABTGI+ilZUo=",
              "company": "SAltSNpdaCC6B2UAcVqsK0XHBxCdxjD1F820oR1KPYbA=",
              "company_url": "https://www.xing.com/companies/go?name=L/IXpzM9Eh5EZ2AMpaiHtlAXWEKVL2jz4cXXq42bqZY=",
              "jobDuration": "1 Jahr, 9 Monat ",
              "jobDates": "06/2003 - 02/2005"
            }
          ]
        }
      ],
      "languages": [
        {
        }
      ],
      "education": [
        {
          "institution": "zsUmvP5AqXfeAbh2PXlDTgEKTtXs/gwWfswF16ztlv8=",
          "url": "https://www.xing.com/search/members?keywords=h8wdzgTRhIVCZyX8k0q8l5w22P1OhOfQFMpqp6WG93g=",
          "degree": "Hydroinformatics and Water Management, MSc",
          "eduDuration": "09/2005 - 09/2007"
        },
        {
          "institution": "ye+qm2hIPND9RYaYbZTahUg+2cNu2uizaonsNKieLrE=",
          "url": "https://www.xing.com/search/members?keywords=QL+4fPZ1qK6bscILILLGCGaeGi39jtTw+DuzSkrAEns=",
          "degree": "Civil Engineering, Bachelor",
          "eduDuration": "09/1998 - 02/2003"
        }
      ]
    },
    {
      "profile": [
        {
          "sex": "f",
          "memberSince_Hits": "13. März 2013 / 517",
          "currJobDescr": "vVswkpt9A/lEq4C5a5FsF5/x3/IJvPeNABTGI+ilZUo=",
          "jobs": [
            {
              "jobTitle": "vVswkpt9A/lEq4C5a5FsF5/x3/IJvPeNABTGI+ilZUo=",
              "company": "TS+Z3/DauVkBo1pC+BZYtbpKqcJJdT6hZScci50okAbI=",
              "company_url": "https://www.xing.com/companies/go?name=0mwhmGYVRBv1i2qB/GBqSi7NZP0WHQbN8MkXvklblD4=",
              "jobDuration": "5 Jahr, 1 Monat",
              "jobDates": "01/2012 - 01/2017"
            },
            {
              "jobTitle": "gtU9X33KCrty/XY0LF6o03ZMd7Sqq5L3Qzo8t2ebtEk=",
              "company": "TGN/qQCxpXcuMtmcSAkJq+7Zchm5Ygp1glwRtoivnncU=",
              "company_url": "https://www.xing.com/companies/go?name=YrHsnNiJRn+JndjTD2Qnb1W5t2EnYwYiIs9WcNLPp5U=",
              "jobDuration": "9 Monat ",
              "jobDates": "09/2011 - 05/2012"
            },
            {
              "jobTitle": "gtU9X33KCrty/XY0LF6o03ZMd7Sqq5L3Qzo8t2ebtEk=",
              "company": "P4nkPgAwvr62d817pnvxSeDIZdZe581SfUSMmm7XFSPI=",
              "company_url": "https://www.xing.com/companies/go?name=DxH+0YhvlDHCaSxmEpl6dqE2+3UGOAXF8y5HYSGicYI=",
              "jobDuration": "1 Jahr, 5 Monat ",
              "jobDates": "01/2010 - 05/2011"
            },
            {
              "jobTitle": "qp4EznqQhAvcu6E2zqhqRvRc+JZTaugMxKK5lLCR+3c=",
              "company": "OO2HRdx27LziP/k+TSQzwXUlONBLLQrwGjiHRuSq9i3s=",
              "company_url": "https://www.xing.com/companies/go?name=KNXILBVypZ+dzhiN+/0vneORx+fzYViDLs4qSW+ebc4=",
              "jobDuration": "1 Jahr, 1 Monat",
              "jobDates": "09/2009 - 09/2010"
            },
            {
              "jobTitle": "gtU9X33KCrty/XY0LF6o03ZMd7Sqq5L3Qzo8t2ebtEk=",
              "company": "Kiedq7+nxWCZmGalciVeuC6DDyOWuhgRUffDlUxN1XoI=",
              "company_url": "https://www.xing.com/companies/go?name=xHpsseGMocpdFG9Iw+U24kNZlEyYqSEoimSdUuVqSAs=",
              "jobDuration": "3 Jahr, 9 Monat ",
              "jobDates": "03/2006 - 11/2009"
            },
            {
              "jobTitle": "qp4EznqQhAvcu6E2zqhqRvRc+JZTaugMxKK5lLCR+3c=",
              "company": "OO2HRdx27LziP/k+TSQzwXUlONBLLQrwGjiHRuSq9i3s=",
              "company_url": "https://www.xing.com/companies/go?name=KNXILBVypZ+dzhiN+/0vneORx+fzYViDLs4qSW+ebc4=",
              "jobDuration": "8 Monat ",
              "jobDates": "06/2006 - 01/2007"
            }
          ]
        }
      ],
      "languages": [
        {
        }
      ],
      "education": [
        {
          "institution": "go2aKOTT/vEEzFtzaTmpKGqIzuMW8Cyppon0SdAFW5k=",
          "url": "https://www.xing.com/search/members?keywords=HCxyGpzPFyVcNKBe60prg6nc6cAR2ke4TTIVZy120Yg=",
          "degree": "Civil Engineer, MSc",
          "eduDuration": "10/2001 - 04/2012"
        }
      ]
    },
    {
      "profile": [
        {
          "sex": "m",
          "memberSince_Hits": "22. März 2013 / 477",
          "currJobDescr": "vVswkpt9A/lEq4C5a5FsF5/x3/IJvPeNABTGI+ilZUo=",
          "jobs": [
            {
              "jobTitle": "vVswkpt9A/lEq4C5a5FsF5/x3/IJvPeNABTGI+ilZUo=",
              "company": "OmR5tO28lQEl4hjGfCsNjQm5lpCEMCyB6ZMFIh5GC7fU=",
              "company_url": "https://www.xing.com/companies/go?name=bytruo4gmHHft2rqlovFxjjBbU0ObWx3VfxFp1SCjiM=",
              "jobDuration": "3 Jahr, 6 Monat ",
              "jobDates": "08/2013 - 01/2017"
            },
            {
              "jobTitle": "vVswkpt9A/lEq4C5a5FsF5/x3/IJvPeNABTGI+ilZUo=",
              "company": "SK6VqZztNavwsvFFLkY7UGpvfE4UOa75fN3fNZRpVMmg=",
              "company_url": "https://www.xing.com/companies/go?name=GL/xjFk45wgMjC4OPb23aIF31EVcfAGj8f0QgTn5UnQ=",
              "jobDuration": "1 Jahr, 8 Monat ",
              "jobDates": "01/2012 - 08/2013"
            }
          ]
        }
      ],
      "languages": [
        {
        }
      ]
    },
    {
      "profile": [
        {
          "sex": "m",
          "memberSince_Hits": "2. November 2011 / 1094",
          "currJobDescr": "VPr/j+E3VFNA0WHq7ar0w7D9WG+gDg4+rjvF9t1gfFQ=",
          "jobs": [
            {
              "jobTitle": "VPr/j+E3VFNA0WHq7ar0w7D9WG+gDg4+rjvF9t1gfFQ=",
              "company": "Tnq75PfKKfj0YlsX0kkZcFxCdlIBiLzoeh4SyeVcr0K8=",
              "company_url": "https://www.xing.com/companies/go?name=E18+PURK+/k1PsQkSUq7aGONfpY5o1mIgLKMHA6e5Ec="
            },
            {
              "jobTitle": "vVswkpt9A/lEq4C5a5FsF5/x3/IJvPeNABTGI+ilZUo=",
              "company": "TJk+5npGmV5pMIeOyWRSeR0a5g89gTZUAGvgUphQQI/Y=",
              "company_url": "https://www.xing.com/companies/go?name=zKmLUjn5WLdac/6ZWnBj8ZjQWj8xHKRoLra2Xusdlas=",
              "jobDates": "bis heute"
            },
            {
              "jobTitle": "PRRDcB7ZsKs7F65kcdJF7iKLyXLrhxxRTuhWlfPSCzE=",
              "company": "Z5mW90spP36RDdA8Uqk6VgvTwW4ibNQkTNS7YrOnj588=",
              "company_url": "https://www.xing.com/companies/go?name=ocHHR/a05HWxBuhhy7SdORDoKUzzaAja2ZheCOeAx+A=",
              "jobDuration": "3 Jahr, 10 Monat ",
              "jobDates": "06/2008 - 03/2012"
            },
            {
              "jobTitle": "PRRDcB7ZsKs7F65kcdJF7iKLyXLrhxxRTuhWlfPSCzE=",
              "company": "TOR0/Id/1Vs0gUKwOwsMP1FkuHsnNWeDxGC93Lgdaowg=",
              "company_url": "https://www.xing.com/companies/go?name=nkeJMPCVsU+Cd6aDTOFfBfRegS/wA0WXq0Hoc4f945Y=",
              "jobDuration": "4 Jahr, 2 Monat ",
              "jobDates": "11/2007 - 12/2011"
            },
            {
              "jobTitle": "PRRDcB7ZsKs7F65kcdJF7iKLyXLrhxxRTuhWlfPSCzE=",
              "company": "AHeTeq6ik5wR1Pb4J7awmWy1MB86kOjtRL7h2zzRJOqY=",
              "company_url": "https://www.xing.com/companies/go?name=TK8LkP2SeNVYn/uzarHeDAsuYgDN0puKa/5LP0wu/ko=",
              "jobDuration": "1 Jahr, 2 Monat ",
              "jobDates": "09/2006 - 10/2007"
            }
          ]
        }
      ],
      "languages": [
        {
        }
      ],
      "education": [
        {
          "institution": "aN+7gb09FTydom8qsbMTyD3bXpVrYoYdr/DgL6iOoGo=",
          "url": "https://www.xing.com/search/members?keywords=hWmV08gUwj+kKxNooAhKJE/OyRFULcZ4DlZ9pO9WCys=",
          "degree": "Civil engineering, Diplom-Ingenieur",
          "eduDuration": "10/2003 - 01/2012"
        }
      ]
    },
    {
      "profile": [
        {
          "sex": "f",
          "memberSince_Hits": "13. Oktober 2008 / 645",
          "currJobDescr": "vVswkpt9A/lEq4C5a5FsF5/x3/IJvPeNABTGI+ilZUo=",
          "jobs": [
            {
              "jobTitle": "vVswkpt9A/lEq4C5a5FsF5/x3/IJvPeNABTGI+ilZUo=",
              "company": "Afzd/ZwLgT8HtqTu2Kdb7y22wV3PYIMlO/R63VYmLYgU=",
              "company_url": "https://www.xing.com/companies/go?name=oUW7uiU4ZJCCmyLe59NSNu7ZUSyhjgiQBzFyXM3sO4o=",
              "jobDates": "bis heute"
            },
            {
              "jobTitle": "vVswkpt9A/lEq4C5a5FsF5/x3/IJvPeNABTGI+ilZUo=",
              "company": "Bcw+lS2YJk6A4cfW/gitt779Fxfsi1i/ne7/nR/KusQU=",
              "company_url": "https://www.xing.com/companies/go?name=6HlpeUjznfR9GF3K2Mwe+XD8KySaqTQ/hJ+WbmoH+d0=",
              "jobDuration": "1 Jahr, 4 Monat ",
              "jobDates": "03/2007 - 06/2008"
            },
            {
              "jobTitle": "vVswkpt9A/lEq4C5a5FsF5/x3/IJvPeNABTGI+ilZUo=",
              "company": "PtkaMiMafY3ap+DEwYva1g3kOoe3BWkZtD2s66olYrrI=",
              "company_url": "https://www.xing.com/companies/go?name=pLH6v7aikB36LkQruKEB3u04S8nvFPSyD6wZxzVvbgk=",
              "jobDuration": "1 Jahr, 4 Monat ",
              "jobDates": "04/2005 - 07/2006"
            }
          ]
        }
      ],
      "languages": [
        {
        }
      ],
      "education": [
        {
          "institution": "4/m39+YeVpWO2FmxCDfNbN/DslG2xy/8xo/XOFcxXR4=",
          "url": "https://www.xing.com/search/members?keywords=9NN8RVj5JQXcgOgr8bhSEOnMZU03peXR9FhkFM/zHRA=",
          "degree": "Site Engineering",
          "eduDuration": "05/2011 - 05/2011"
        },
        {
          "institution": "mQoxLm1DzZJGWQKXifB2PZzfRfBwDUMlqM0aZFH/GoU=",
          "url": "https://www.xing.com/search/members?keywords=CsfqgIVXx5+KXI0PiP4sEcghxU5gW68PIo2VZucLeiM=",
          "degree": "Business Administration",
          "eduDuration": "10/2004 - 06/2008"
        },
        {
          "institution": "bnryCnKn1gHmfk2EfJkmF3ff6yJF1w2NFoy1hS5L/nQ=",
          "url": "https://www.xing.com/search/members?keywords=1doQcP2WmkvSc9MISUANuZQ9e86kO+QCRX+17iBlnvY=",
          "degree": "Geotechnics",
          "eduDuration": "10/2004 - 08/2007"
        },
        {
          "institution": "bnryCnKn1gHmfk2EfJkmF3ff6yJF1w2NFoy1hS5L/nQ=",
          "url": "https://www.xing.com/search/members?keywords=1doQcP2WmkvSc9MISUANuZQ9e86kO+QCRX+17iBlnvY=",
          "degree": "Civil Engineering",
          "eduDuration": "09/2000 - 07/2004"
        }
      ]
    },
    {
      "profile": [
        {
          "sex": "m",
          "memberSince_Hits": "30. Juni 2013 / 655",
          "currJobDescr": "vVswkpt9A/lEq4C5a5FsF5/x3/IJvPeNABTGI+ilZUo=",
          "jobs": [
            {
              "jobTitle": "vVswkpt9A/lEq4C5a5FsF5/x3/IJvPeNABTGI+ilZUo=",
              "company": "TyaZ3csr7F7/DhAdei8sWHYCHI8TypMwekhvGN/iFZR4=",
              "company_url": "https://www.xing.com/companies/go?name=o6bS8nrvix+Cr4Xaa8QtEOCg1DifZigj6OVxJOPfpCk=",
              "jobDuration": "5 Jahr, 1 Monat",
              "jobDates": "01/2012 - 01/2017"
            },
            {
              "jobTitle": "vVswkpt9A/lEq4C5a5FsF5/x3/IJvPeNABTGI+ilZUo=",
              "company": "ZRIe4VCYV4WJD6ZqbdkEsC7dVxg06F57nhmtBFx6x7dY=",
              "company_url": "https://www.xing.com/companies/go?name=+BW6Stg/7j2KTHKazb1qQ1adP4VnViFafbuBoUT3FXg=",
              "jobDuration": "6 Jahr, 11 Monat ",
              "jobDates": "03/2010 - 01/2017"
            },
            {
              "jobTitle": "gtU9X33KCrty/XY0LF6o03ZMd7Sqq5L3Qzo8t2ebtEk=",
              "company": "PKoIkT9P/Igb+4n1hHba1CVrTbkB3PwFjodN87iUe6HU=",
              "company_url": "https://www.xing.com/companies/go?name=MuKF0F18uyR7yWiAMFKXlI6OsrIJ0cFpdreQZ/7ISVo=",
              "jobDuration": "9 Monat ",
              "jobDates": "01/2011 - 09/2011"
            },
            {
              "jobTitle": "gtU9X33KCrty/XY0LF6o03ZMd7Sqq5L3Qzo8t2ebtEk=",
              "company": "Kf4vOzEvPxWwGbNHaG0jIrE8UWef1++YyFDkO2e6blho=",
              "company_url": "https://www.xing.com/companies/go?name=xiC7bsjsU0piYUmmb+0UVMzxitwZGTWE3x0Dee2tKuU=",
              "jobDuration": "3 Jahr, 9 Monat ",
              "jobDates": "03/2007 - 11/2010"
            }
          ]
        }
      ],
      "languages": [
        {
        }
      ],
      "education": [
        {
          "institution": "go2aKOTT/vEEzFtzaTmpKGqIzuMW8Cyppon0SdAFW5k=",
          "url": "https://www.xing.com/search/members?keywords=HCxyGpzPFyVcNKBe60prg6nc6cAR2ke4TTIVZy120Yg=",
          "degree": "Civil Engineering, Master",
          "eduDuration": "09/2012 - 09/2013"
        },
        {
          "institution": "go2aKOTT/vEEzFtzaTmpKGqIzuMW8Cyppon0SdAFW5k=",
          "url": "https://www.xing.com/search/members?keywords=HCxyGpzPFyVcNKBe60prg6nc6cAR2ke4TTIVZy120Yg=",
          "degree": "Civil Engineering, Master",
          "eduDuration": "09/2001 - 07/2011"
        }
      ]
    },
    {
      "profile": [
        {
          "sex": "m",
          "memberSince_Hits": "25. November 2011 / 692",
          "currJobDescr": "rruL24rzg+I4foSv69XI7rrDXCd92e6gcQqiBB5ggfA=",
          "jobs": [
            {
              "jobTitle": "rruL24rzg+I4foSv69XI7rrDXCd92e6gcQqiBB5ggfA=",
              "company": "sYJMSG9qFVy9M4lKInsa2sf3tBGAOMTpmdd1OPEjHuDQ=",
              "company_url": "https://www.xing.com/companies/go?name=w+gNVCqF2Zi7OLDp+TcETHD+u2y1K+rBHcVoDZFWGHo=",
              "jobDates": "bis heute"
            },
            {
              "jobTitle": "rruL24rzg+I4foSv69XI7rrDXCd92e6gcQqiBB5ggfA=",
              "company": "bHmTZvDtv+0HuBM4XQ05y14Xq2j0eTFralRd2nr2XW/Y=",
              "company_url": "https://www.xing.com/companies/go?name=aB+dAhJx0SLElMMcu8HETuSyUpUmyrvivCKQVLVtzSM="
            },
            {
              "jobTitle": "rruL24rzg+I4foSv69XI7rrDXCd92e6gcQqiBB5ggfA=",
              "company": "bZKyabyE7x1NT8CqgN4WVLN+yn8HBiQ9rVaTsmHXOw9w=",
              "company_url": "https://www.xing.com/companies/go?name=K/3HJjaZBWUUy3SU1waqCCI0k3l8BvjhL8RUYWg3ld4="
            }
          ]
        }
      ],
      "languages": [
        {
        }
      ]
    },
    {
      "profile": [
        {
          "sex": "m",
          "memberSince_Hits": "22. Mai 2008 / 542",
          "currJobDescr": "vVswkpt9A/lEq4C5a5FsF5/x3/IJvPeNABTGI+ilZUo=",
          "jobs": [
            {
              "jobTitle": "vVswkpt9A/lEq4C5a5FsF5/x3/IJvPeNABTGI+ilZUo=",
              "company": "Aa4kDGfzq/nSe4igQ8hW/ITXQJuFTATktpcKaihiG5WY=",
              "company_url": "https://www.xing.com/companies/go?name=QsP1A7mm2IvnlklZ1RK9tPBo1NhMLtYGTR74zNdwIrA=",
              "jobDates": "bis heute"
            },
            {
              "jobTitle": "vVswkpt9A/lEq4C5a5FsF5/x3/IJvPeNABTGI+ilZUo=",
              "company": "ZvD5I9+MlZb94wi7/VFIUdkGkwtG1BIeetgd3enItPPE=",
              "company_url": "https://www.xing.com/companies/go?name=zTCHSEJMRH1YZMniJ9tHf3hBEdLg8G3/uUVgbURK+vc="
            },
            {
              "jobTitle": "VUfgLtvktP7wWExfWkc9iMqFifukDzifuy+lCREYS8c=",
              "company": "Ot0/i8UwGoAFJhu8pRVU8dxo51W1qmeBWlPeM9dzxraI=",
              "company_url": "https://www.xing.com/companies/go?name=3B1CxzZj9XklLOQX6Xdr0CdMfWjaiegswPqF8HVfjzg="
            },
            {
              "jobTitle": "hRKB3R0CPduwTU0qP78y32VFn3Eeom9z8RlAXOhNRRA=",
              "company": "HMvOhMbAQzwOPx0OsPwWFaJBQRKktRT/vBtxbohX3+fE=",
              "company_url": "https://www.xing.com/companies/go?name=NdWTvmum4kStbB6zXTSJLegoPrMpTfh4LWKQUSqQ8oY="
            }
          ]
        }
      ],
      "languages": [
        {
        }
      ]
    },
    {
      "profile": [
        {
          "sex": "m",
          "memberSince_Hits": "20. Dezember 2015 / 134",
          "currJobDescr": "NrVxpjuLhXKUbB23gI/CK+LGZvVv8Ha99I9m2t76/0c=",
          "jobs": [
            {
              "jobTitle": "NrVxpjuLhXKUbB23gI/CK+LGZvVv8Ha99I9m2t76/0c=",
              "company": "TCFjRJSRGOptQzoPMJNgzCpRyNwB5eW1LT6ieXvA1FxA=",
              "company_url": "https://www.xing.com/companies/go?name=zDOcmnPodvVEGeE19IT9xB8+PI+M7gMEGxeC2c934DM=",
              "jobDuration": "7 Monat ",
              "jobDates": "02/2015 - 08/2015"
            },
            {
              "jobTitle": "vVswkpt9A/lEq4C5a5FsF5/x3/IJvPeNABTGI+ilZUo=",
              "company": "TfIwZUfKn4QtigQUVBowY1U6rFrCI6pSjtOixF+bmwY4=",
              "company_url": "https://www.xing.com/companies/go?name=ATfVloQ+3msdiUsKGFxKtInlNvhzXXI4sbtjM48WknE=",
              "jobDuration": "2 Jahr, 4 Monat ",
              "jobDates": "10/2014 - 01/2017"
            },
            {
              "jobTitle": "mIEgcmTsy+3NF8ivvaudi3AyhZdw0vzYNRXhscWdaEc=",
              "company": "HoMOCsBojYTn8s6W1ani/4Z2lFwPqNT6BHopFJTs0yno=",
              "company_url": "https://www.xing.com/companies/go?name=7Or8yfdROx837yQJrTyTmMXXF/qXudCUpI5Mzf9UAKc=",
              "jobDuration": "6 Monat ",
              "jobDates": "08/2013 - 01/2014"
            },
            {
              "jobTitle": "fHWZ23VPAmCulMdVU4x4f3KzfcNM01bTiL5ETW28sSY=",
              "company": "HGG9TO1r7NQxuN8UQd+2TAnlbOTgHb7nUzVjGADyTxj4=",
              "company_url": "https://www.xing.com/companies/go?name=knA3uw2s6sfzBgg2MPtyr6VpwvieZCOrv+g3p07W4TY=",
              "jobDuration": "5 Monat ",
              "jobDates": "11/2011 - 03/2012"
            },
            {
              "jobTitle": "zaXortlMpM5BQRY1WUuZozbVFmXv9jApOLKOe60aF8g=",
              "company": "DOKqjcYM/kkyApU8Q6RftD7GR3ruoSLMelZ1+kGz+zXg=",
              "company_url": "https://www.xing.com/companies/go?name=qGs52lR0mG0UNvIz8ikL7oDEXOnVxMtkGPT6hf5ZLFU=",
              "jobDuration": "2 Monat ",
              "jobDates": "07/2011 - 08/2011"
            }
          ]
        }
      ],
      "languages": [
        {
        }
      ],
      "education": [
        {
          "institution": "Z90vQDxLoaqdlv6Kyx4JD0V+x6QFNjc6y1W66xnhgHc=",
          "url": "https://www.xing.com/search/members?keywords=YYqNiXHDDpfXOO3EO2WxFyaJGcis9epC8mbsEbVKN80=",
          "degree": "Advanced materials and Novel Technologies in the Design of Conc structures, Master of Science (M.Sc.)",
          "eduDuration": "11/2014 - 03/2016"
        },
        {
          "institution": "go2aKOTT/vEEzFtzaTmpKGqIzuMW8Cyppon0SdAFW5k=",
          "url": "https://www.xing.com/search/members?keywords=HCxyGpzPFyVcNKBe60prg6nc6cAR2ke4TTIVZy120Yg=",
          "degree": "Structural Engineering Sector, Master of Engineering (M.Eng.), Civil Engineering",
          "eduDuration": "10/2006 - 11/2012"
        }
      ]
    },
    {
      "profile": [
        {
          "sex": "m",
          "memberSince_Hits": "23. Januar 2008 / 634",
          "currJobDescr": "KWUb3S3dDhStsML/8LIYCsbFH1ZRMsh+Y4zdGGeIacw=",
          "jobs": [
            {
              "jobTitle": "KWUb3S3dDhStsML/8LIYCsbFH1ZRMsh+Y4zdGGeIacw=",
              "company": "Tve3NkUe4RZQHUtoa4jqP6hrqbq05rTVlslBEknU+7x0=",
              "company_url": "https://www.xing.com/companies/go?name=Psxezv8w/1/QqwP0WjfRUUMz2LRFhDpYiQ3xlzM+WhQ=",
              "jobDuration": "8 Jahr, 11 Monat ",
              "jobDates": "03/2008 - 01/2017"
            },
            {
              "jobTitle": "sVx6ud4vEtYbKyAkERufwVibjcpXjFB4nKGS8w5wMd0=",
              "company": "D6cvBpPNnFUs2ZD10SH01iOarcx9C5G44bUW7ZznHD5Q=",
              "company_url": "https://www.xing.com/companies/go?name=ogjYZRfUk2m9MnK4RZcCXaEtN+aFi853MVcuAMnOrx4=",
              "jobDuration": "7 Monat ",
              "jobDates": "05/2007 - 11/2007"
            },
            {
              "jobTitle": "G28ryacBnsfG+2bfaDxdRDqE5lQEhtpTRbOdGXijtkU=",
              "company": "D3Ojv6L2bMEgyLnrESAi6nzRe3u5Wzb3XIL8TVleHi8k=",
              "company_url": "https://www.xing.com/companies/go?name=SAjUnWXgmpX1WsLuSDKTzCtEaeoAPuTgsIqCiPMw/1o=",
              "jobDuration": "5 Jahr, 10 Monat ",
              "jobDates": "05/2001 - 02/2007"
            },
            {
              "jobTitle": "KWUb3S3dDhStsML/8LIYCsbFH1ZRMsh+Y4zdGGeIacw=",
              "company": "S5tWCnvycjFA57GGZAeSTOLngN387v/g2DgnllyCqM8E=",
              "company_url": "https://www.xing.com/companies/go?name=1A0Z5c2c5PROn41gInyr0h6qeXqgABSp0UAFciFJ5PA=",
              "jobDuration": "2 Jahr, 4 Monat ",
              "jobDates": "02/1999 - 05/2001"
            },
            {
              "jobTitle": "KWUb3S3dDhStsML/8LIYCsbFH1ZRMsh+Y4zdGGeIacw=",
              "company": "Ss3hvXE3mABFu+4/FE0NTEGF3cwC+7iLSjEUbAI9x89M=",
              "company_url": "https://www.xing.com/companies/go?name=VAE6LJ1XBH4lVNdsKIv1gcdIzOKyz5fCdwHHhEGVVJI=",
              "jobDuration": "2 Jahr, 1 Monat",
              "jobDates": "11/1996 - 11/1998"
            },
            {
              "jobTitle": "G28ryacBnsfG+2bfaDxdRDqE5lQEhtpTRbOdGXijtkU=",
              "company": "St6hVKYgWRTbOInIou+s7Ceg6iUML/7huvGfNT+kyoS4=",
              "company_url": "https://www.xing.com/companies/go?name=tb4AeI8d3/0SX7h+XTp+YzRtMRZLVzniAEjl4/q84c4=",
              "jobDuration": "18 Jahr, 7 Monat ",
              "jobDates": "03/1978 - 09/1996"
            }
          ]
        }
      ],
      "languages": [
        {
        }
      ],
      "education": [
        {
          "institution": "wsfWXRIiv197Fm1mzGmyLzeeKIDA4fpwwYplj6ijFFQ=",
          "url": "https://www.xing.com/search/members?keywords=OZIm99Fi7A+uew/fOhpdIMc2BjihmMFr99aCjOgePBM=",
          "degree": "Civil Engineering, Bachelor",
          "eduDuration": "09/1972 - 06/1976"
        }
      ]
    },
    {
      "profile": [
        {
          "sex": "f",
          "memberSince_Hits": "19. Juli 2016 / 94",
          "currJobDescr": "vVswkpt9A/lEq4C5a5FsF5/x3/IJvPeNABTGI+ilZUo=",
          "jobs": [
            {
              "jobTitle": "vVswkpt9A/lEq4C5a5FsF5/x3/IJvPeNABTGI+ilZUo=",
              "company": "B/WRGm1wVqAVAM4NbD6n8O/F5gEdegzIO+6ATIWpsxdU=",
              "company_url": "https://www.xing.com/companies/go?name=DkQMUup3pOwnFU9hSyNetAm8w1hMMxnFtart3VlGFpU=",
              "jobDuration": "1 Jahr, 1 Monat",
              "jobDates": "01/2016 - 01/2017"
            },
            {
              "jobTitle": "6u8cWFsiMn0Wrr1Tp40YG/2iNXmGcY0zQdzRSX+mTeI=",
              "company": "Mu+T8cmLRcvhsh0G998lxDNcAP1CSvU2yNbpV/7PfyOo=",
              "company_url": "https://www.xing.com/companies/go?name=iGVshy4OyrCDZF0S5SeFJhCQ5lMCFyBmlEgwUXKOcy8=",
              "jobDuration": "3 Jahr, 1 Monat",
              "jobDates": "09/2012 - 09/2015"
            }
          ]
        }
      ],
      "languages": [
        {
        }
      ],
      "education": [
        {
          "institution": "qJCFi+8xDHLhmjqNHQrXxTM1okr9U+KbXOty5ezPePI=",
          "url": "https://www.xing.com/search/members?keywords=hYjAUvJlbw0CG7ruumw8/UG14Je6KJhKlCHkNM6Xd2g=",
          "degree": "Civil Engineering, BSc in Civil Engineering and Postgraduate diploma Specialist studies",
          "eduDuration": "09/2007 - 05/2015"
        }
      ]
    },
    {
      "profile": [
        {
          "sex": "f",
          "memberSince_Hits": "16. November 2015 / 167",
          "currJobDescr": "vVswkpt9A/lEq4C5a5FsF5/x3/IJvPeNABTGI+ilZUo=",
          "jobs": [
            {
              "jobTitle": "vVswkpt9A/lEq4C5a5FsF5/x3/IJvPeNABTGI+ilZUo=",
              "company": "AKiyGyszdr1M0STUWsC0prkJAM8Vj4W6MwFUkbbWsoAc=",
              "company_url": "https://www.xing.com/companies/go?name=qjJspol7s0JIKMYvfS2+WQ9ZdkKAWdlZkJrjMtyUxWY=",
              "jobDuration": "3 Jahre",
              "jobDates": "02/2014 - 01/2017"
            },
            {
              "jobTitle": "vVswkpt9A/lEq4C5a5FsF5/x3/IJvPeNABTGI+ilZUo=",
              "company": "FmUJUWASeK86YpFQrv80vDtkVMX57FDaFgWW78Zd+u7E=",
              "company_url": "https://www.xing.com/companies/go?name=KUMCmlLvvBTfbcvh23Bd1MBO38F8mFpM6FEGiHvTkBM=",
              "jobDuration": "6 Monat ",
              "jobDates": "09/2013 - 02/2014"
            },
            {
              "jobTitle": "vVswkpt9A/lEq4C5a5FsF5/x3/IJvPeNABTGI+ilZUo=",
              "company": "TK6SoKk3hpTDBeRT5iOJQqBqcxoMapDxd/w9Ub3iIc24=",
              "company_url": "https://www.xing.com/companies/go?name=o1XB/IHdFZE26i64RAk44r6JcXUfn5H8yTS2KuK3qq8=",
              "jobDuration": "1 Jahr, 1 Monat",
              "jobDates": "09/2012 - 09/2013"
            },
            {
              "jobTitle": "vVswkpt9A/lEq4C5a5FsF5/x3/IJvPeNABTGI+ilZUo=",
              "company": "SGN2rqK+ZXkP+pB3zonwceexsXAxnlhjaq3BUj5O3Wlw=",
              "company_url": "https://www.xing.com/companies/go?name=WvWo8JznxO3Hs2G1pHhEv6jvvyiRs+Htti640p8VhYk=",
              "jobDuration": "1 Jahr, 3 Monat ",
              "jobDates": "07/2011 - 09/2012"
            }
          ]
        }
      ],
      "languages": [
        {
        }
      ],
      "education": [
        {
          "institution": "Vm62zmL4Pu+pzL59eixgl4OgXh6XUtZlYFvpBQcESU8=",
          "url": "https://www.xing.com/search/members?keywords=7d7PZ2mONGmRWtotszSVHBasgEcyMZOOZ3NUpVZv9xs=",
          "degree": "Faculty of Engineering, Civil Engineering",
          "eduDuration": "09/2007 - 06/2013"
        },
        {
          "institution": "GNjTacBF+wnviNSy7SDPNMpNJTnJTfUia5J6YF2USU4=",
          "url": "https://www.xing.com/search/members?keywords=nLWsVfrxYFlfEdzeXg+BzkXmDNWxxldJRXz2TIABqvs=",
          "degree": "Urban and Regional Planning Department",
          "eduDuration": "09/2005 - 06/2011"
        }
      ]
    },
    {
      "profile": [
        {
          "sex": "f",
          "memberSince_Hits": "11. September 2008 / 774",
          "currJobDescr": "rruL24rzg+I4foSv69XI7rrDXCd92e6gcQqiBB5ggfA=",
          "jobs": [
            {
              "jobTitle": "rruL24rzg+I4foSv69XI7rrDXCd92e6gcQqiBB5ggfA=",
              "company": "fdFvKQBft5iK8iFyMCsFY586xfuA15CjF44NUL+WYsZs=",
              "company_url": "https://www.xing.com/companies/go?name=EMdT7gOBF/CaB4OwDFATnu9VMA5HnAD+5mgw78e6G4I=",
              "jobDuration": "10 Jahr, 11 Monat ",
              "jobDates": "03/2006 - 01/2017"
            },
            {
              "jobTitle": "V6vl7HIiboqfrfQYMLCOaMIkGkWJ7Eiyq97Wdi+UoE0=",
              "company": "Üdpo6KXyVJo+2RIbs1GiWXiK/vT+kmXyIAvFshQDNwvI=",
              "company_url": "https://www.xing.com/companies/go?name=0B4lisnPI41GGPF2Cw4qqrgq7WXVXYyFt3AOX8wNrsI=",
              "jobDuration": "7 Monat ",
              "jobDates": "09/2005 - 03/2006"
            },
            {
              "jobTitle": "IFjHvLKG3VQXQ/EJ1y2jMMkaOLc40es6utv8k1dJ5G0=",
              "company": "T0+pjmSz2YzuvaYLkex75IZIASv3vfChVZ0i0/HX2viQ=",
              "company_url": "https://www.xing.com/companies/go?name=F3R7+YZMoPzjnNaG4TjV84PAfXt2kDdqDKD99qj//fU=",
              "jobDuration": "4 Jahr, 8 Monat ",
              "jobDates": "06/2000 - 01/2005"
            },
            {
              "jobTitle": "vVswkpt9A/lEq4C5a5FsF5/x3/IJvPeNABTGI+ilZUo=",
              "company": "BudmM6YxvE405cOimW53lxHoehD/g0ZKzqQ0IqLO0j/4=",
              "company_url": "https://www.xing.com/companies/go?name=PCNpHpneIpFH/XfNCBQTwze5Kp0Ehg3BqhkRXZXWoF0=",
              "jobDuration": "5 Jahr, 5 Monat ",
              "jobDates": "03/1994 - 07/1999"
            },
            {
              "jobTitle": "0NwqWLbVzh35vfeqUP1ciMgiw9FzUTFCnuvbreoj3Fk=",
              "company": "BsCiIEd5jBWmFelFWuN4yXOLyfFdrorKRoe4w939Y6vM=",
              "company_url": "https://www.xing.com/companies/go?name=zndz+pziwYbDOvYGGx8qr7NH1TIPz42DKF4qOMb7c7s=",
              "jobDuration": "1 Jahr, 7 Monat ",
              "jobDates": "09/1992 - 03/1994"
            }
          ]
        }
      ],
      "languages": [
        {
        }
      ],
      "education": [
        {
          "institution": "VaQxWvidlPbtBrCuRhhY0hlmUTBXyRqLyhqih6irTuI=",
          "url": "https://www.xing.com/search/members?keywords=VaQxWvidlPbtBrCuRhhY0hlmUTBXyRqLyhqih6irTuI=",
          "degree": "CIVIL ENGINEERING, BSc",
          "eduDuration": "10/1986 - 07/1992"
        }
      ]
    },
    {
      "profile": [
        {
          "sex": "m",
          "memberSince_Hits": "10. Juni 2010 / 1362",
          "currJobDescr": "wb9L3bTqEFkqAw256ZKx8EzSbCLGxX71wV+oxVz2O+U=",
          "jobs": [
            {
              "jobTitle": "wb9L3bTqEFkqAw256ZKx8EzSbCLGxX71wV+oxVz2O+U=",
              "company": "Rc3D7cQJFy4/fUwnoX8UAeEvTXkAyU/XShvAJOGes120=",
              "company_url": "https://www.xing.com/companies/go?name=V+nDtpyfyl7jMPP+JYls/ek9Z3YOLhZ0AxE/Y+2xn+w=",
              "jobDuration": "3 Jahr, 1 Monat",
              "jobDates": "01/2014 - 01/2017"
            },
            {
              "jobTitle": "wb9L3bTqEFkqAw256ZKx8EzSbCLGxX71wV+oxVz2O+U=",
              "company": "FrZh6VATLMHtNjtGPxE2cW3tp1VW9Cybq5nUipDTTGRw=",
              "company_url": "https://www.xing.com/companies/go?name=IkpzrH18DJ5DEykgW0eTJBmb92TLN6Wc1G5zmHonfSo=",
              "jobDuration": "1 Jahr, 3 Monat ",
              "jobDates": "10/2012 - 12/2013"
            },
            {
              "jobTitle": "vVswkpt9A/lEq4C5a5FsF5/x3/IJvPeNABTGI+ilZUo=",
              "company": "Fiof6TfdIWT6yOPCK1xJeaLAoFmWvGQLVZR8p6aGQKks=",
              "company_url": "https://www.xing.com/companies/go?name=H40KReXf3XFnW//887drf83Q288fHCKqNqPyJOW7oks=",
              "jobDuration": "3 Jahre",
              "jobDates": "11/2009 - 10/2012"
            },
            {
              "jobTitle": "vVswkpt9A/lEq4C5a5FsF5/x3/IJvPeNABTGI+ilZUo=",
              "company": "PxtY7KyATxsQJ9zWDs8pd8psM6phYVnpcNXeZn0m1OQo=",
              "company_url": "https://www.xing.com/companies/go?name=Cyf82KQRQzpwSU4nuP9+qwqU8lcrObk7soLo2SlybKY=",
              "jobDuration": "3 Jahr, 2 Monat ",
              "jobDates": "10/2006 - 11/2009"
            }
          ]
        }
      ],
      "languages": [
        {
        }
      ],
      "education": [
        {
          "institution": "vgK2GzZjfzzO3TzcwgdyeNEL+xKn+gePgJbOGzyN+Kg=",
          "url": "https://www.xing.com/search/members?keywords=lilUzVvnurZn5IKFGna9vHPDawBtF6Z8hbJYCm75ePo=",
          "degree": "Bauingenieurwesen, Diplom Ingenieur (FH)"
        }
      ]
    },
    {
      "profile": [
        {
          "sex": "m",
          "memberSince_Hits": "25. Juli 2008 / 1083",
          "currJobDescr": "vVswkpt9A/lEq4C5a5FsF5/x3/IJvPeNABTGI+ilZUo=",
          "jobs": [
            {
              "jobTitle": "vVswkpt9A/lEq4C5a5FsF5/x3/IJvPeNABTGI+ilZUo=",
              "company": "DITtQY0vklzj3krkl0HwDcSRJbQFjrdJRI889hSe1rCg=",
              "company_url": "https://www.xing.com/companies/go?name=tUquQJwDF6NzHxBvewxIuGQC/qM62dcRlTJekdkL8vY=",
              "jobDuration": "6 Jahr, 7 Monat ",
              "jobDates": "07/2010 - 01/2017"
            },
            {
              "jobTitle": "vVswkpt9A/lEq4C5a5FsF5/x3/IJvPeNABTGI+ilZUo=",
              "company": "Kmlhh8QYCNK2NA0vmaKxFgKpAhEs+nRkyz/0SpRwAjN0=",
              "company_url": "https://www.xing.com/companies/go?name=Ip/BEMWm1zWDSvfYITtJhPuo+W6MYJHNROXg0kzfOo0=",
              "jobDuration": "4 Monat ",
              "jobDates": "04/2010 - 07/2010"
            },
            {
              "jobTitle": "xVpfCke5mC+BxQAzF+DgdOey/KJIuFx5BeILomRzRjw=",
              "company": "AjNFgVocsoXLoFz7QfgCTyGqfCpfpmgJpcNfwlQxh4Fg=",
              "company_url": "https://www.xing.com/companies/go?name=+sq3hmTEg2LLF7ttuHe7ZqCui29nex6p505I1dz9Y2c=",
              "jobDuration": "4 Jahr, 9 Monat ",
              "jobDates": "08/2005 - 04/2010"
            }
          ]
        }
      ],
      "languages": [
        {
        }
      ],
      "education": [
        {
          "institution": "CFy8eeqMfc0WRQVclnIoNCNcQhx4dravIR30DTcm8zM=",
          "url": "https://www.xing.com/search/members?keywords=DlyFFOiXy8nxpsqbCxf0Bk50LaLeZ/5xY9W0Cn/TVhM="
        }
      ]
    },
    {
      "profile": [
        {
          "sex": "m",
          "memberSince_Hits": "24. April 2016 / 74",
          "currJobDescr": "VvXolkGW90K/bPGx4VVvxaTFM72UjLApXNgNgYfA9TE=",
          "jobs": [
            {
              "jobTitle": "VvXolkGW90K/bPGx4VVvxaTFM72UjLApXNgNgYfA9TE=",
              "company": "CJ3wh31Bh6tGJqsee+0VsE95VnVYZo5U+jNUmQr1ViXE=",
              "company_url": "https://www.xing.com/companies/go?name=KhxR71/W1eY6gO3PA9HmMJCdRAwpsmG+NnsGRKxjvmI=",
              "jobDuration": "1 Jahr, 4 Monat ",
              "jobDates": "10/2015 - 01/2017"
            },
            {
              "jobTitle": "VvXolkGW90K/bPGx4VVvxaTFM72UjLApXNgNgYfA9TE=",
              "company": "JkWV54BEs5FCxtvnHu09kNjieMW4fD0MMNBEylLHwKQU=",
              "company_url": "https://www.xing.com/companies/go?name=fJySOOPFboW32iGnrKddEZNXum6Y43tQRfCGdA2cB5I=",
              "jobDuration": "9 Monat ",
              "jobDates": "01/2015 - 09/2015"
            },
            {
              "jobTitle": "VvXolkGW90K/bPGx4VVvxaTFM72UjLApXNgNgYfA9TE=",
              "company": "JkWV54BEs5FCxtvnHu09kNjieMW4fD0MMNBEylLHwKQU=",
              "company_url": "https://www.xing.com/companies/go?name=fJySOOPFboW32iGnrKddEZNXum6Y43tQRfCGdA2cB5I=",
              "jobDuration": "4 Jahr, 11 Monat ",
              "jobDates": "02/2010 - 12/2014"
            },
            {
              "jobTitle": "0w3uCdGT7nY04AS/CFMiOoCC5IAxSZHYKGihf1qmBJQ=",
              "company": "PsPkcayc/oIG69z3mF9fntBCbA3L0CSLd6+Qi0nLXyY4=",
              "company_url": "https://www.xing.com/companies/go?name=nBaUmn7pAXedVpwId8eKgs8qVpWcx6k7B2RmHxLrJhY=",
              "jobDuration": "9 Jahre",
              "jobDates": "03/2001 - 02/2010"
            },
            {
              "jobTitle": "0w3uCdGT7nY04AS/CFMiOoCC5IAxSZHYKGihf1qmBJQ=",
              "company": "SXd2/ESKV3U7UZC+oamgOCG38XFNOBf3azRLANSnk2wc=",
              "company_url": "https://www.xing.com/companies/go?name=C1uDZSx2pfI44M4zRI7Y+yOfjePowaZTFuB1A7Sk1Vw=",
              "jobDuration": "10 Jahr, 6 Monat ",
              "jobDates": "09/1990 - 02/2001"
            }
          ]
        }
      ],
      "languages": [
        {
        }
      ],
      "education": [
        {
          "institution": "bfxaMIZyFQf6duJqb/83fEzh2trLs9ZJSIlV3Gh+T5g=",
          "url": "https://www.xing.com/search/members?keywords=PDvqP/eVTX4XnbFt2jro0Xlv1U7+u2SxrinkfeW1+s4=",
          "degree": "Bauingenieurwesen, Dipl.- Ing. (FH)",
          "eduDuration": "08/1986 - 02/1990"
        },
        {
          "institution": "/VoFNYCX+ibSNEAKBimW9s9oaHkCb1VwhmMRpI9aQOY=",
          "url": "https://www.xing.com/search/members?keywords=/VoFNYCX+ibSNEAKBimW9s9oaHkCb1VwhmMRpI9aQOY=",
          "degree": "Tischlerhandwerk, Gesellenbrief",
          "eduDuration": "08/1980 - 06/1983"
        }
      ]
    },
    {
      "profile": [
        {
          "sex": "m",
          "memberSince_Hits": "17. Dezember 2007 / 9728",
          "currJobDescr": "uUGKQTKZVpYBXXjjt0Mmq4tBfV+zQEwMLGbgkn6p0C4=",
          "jobs": [
            {
              "jobTitle": "uUGKQTKZVpYBXXjjt0Mmq4tBfV+zQEwMLGbgkn6p0C4=",
              "company": "49Q/EmzOoxZhSc08YJnLxBWrE0+ld13n/Fp/Imm9el7I=",
              "company_url": "https://www.xing.com/companies/go?name=2CoJtQ/2HjhLSKVZUR2qAZBtVcd/awrXOxQ3Vrttsl0="
            },
            {
              "jobTitle": "uWcBAoBMY9DRCcmL8PSyd9tWgvvwdWo16b/KpLOMnSY=",
              "company": "whw+4pZGVbvjqauxF50OhffCggaq25ktkCwhbfwuL0zU=",
              "company_url": "https://www.xing.com/companies/go?name=aOeWm1Ed9utSyP9c4ESD7Zva65uHR9EGrk8KenrB/m0=",
              "jobDates": "1992 - 01/2017"
            },
            {
              "jobTitle": "oOoBkAv17u8zhAtThRkALPoMUr+KeagFpEpl4Ww91bE=",
              "company": "42CfiCthYqOilN2I7MYeD79VodwV6f1gsruJ6Ob16RPk=",
              "company_url": "https://www.xing.com/companies/go?name=PorbpSnWaz1zzVeQJXFRgb7GnVvYyDaTUBzp6C8V3z4="
            }
          ]
        }
      ],
      "languages": [
        {
        }
      ],
      "education": [
        {
          "institution": "M6qw3Fm/XfEJjBW+sQv4FcrOCiwo3aoUGWvs73cGxds=",
          "url": "https://www.xing.com/search/members?keywords=5WALz736yRb6+v1ymNnnnZsJYCIgfxdPlkLwJJPGqzc=",
          "degree": "Architekt Dipl. Ing., architect civil engineer, Dipl.Ing.-Architekt BDA - VDI, architect civil engineer"
        }
      ],
      "awards": [
        {
        }
      ]
    },
    {
      "profile": [
        {
          "sex": "m",
          "memberSince_Hits": "31. Dezember 2012 / 499",
          "currJobDescr": "vVswkpt9A/lEq4C5a5FsF5/x3/IJvPeNABTGI+ilZUo=",
          "jobs": [
            {
              "jobTitle": "vVswkpt9A/lEq4C5a5FsF5/x3/IJvPeNABTGI+ilZUo=",
              "company": "G5TGy/xMj4cwWI5UZ2h61MpHdrdPq7/gfO6S3oWDn8Ls=",
              "company_url": "https://www.xing.com/companies/go?name=LFPWs7Ead+ku/DGskkDso73YXLxWzmWr521XE3jFMQ0=",
              "jobDuration": "4 Jahr, 7 Monat ",
              "jobDates": "07/2012 - 01/2017"
            },
            {
              "jobTitle": "vVswkpt9A/lEq4C5a5FsF5/x3/IJvPeNABTGI+ilZUo=",
              "company": "G5TGy/xMj4cwWI5UZ2h61MpHdrdPq7/gfO6S3oWDn8Ls=",
              "company_url": "https://www.xing.com/companies/go?name=LFPWs7Ead+ku/DGskkDso73YXLxWzmWr521XE3jFMQ0=",
              "jobDuration": "1 Jahr, 5 Monat ",
              "jobDates": "02/2011 - 06/2012"
            }
          ]
        }
      ],
      "languages": [
        {
        }
      ],
      "education": [
        {
          "institution": "rRsFb2yLoZmNk3TazmQoDPh3EUYC34nQtxy2JsMHBuE=",
          "url": "https://www.xing.com/search/members?keywords=CAaA8kFpex7F5fdh/sOLSahIXayuqqKo8r3BTtMY1sA=",
          "degree": "Structural Engineering, Masters Degree"
        }
      ]
    },
    {
      "profile": [
        {
          "sex": "m",
          "memberSince_Hits": "7. Mai 2015 / 83",
          "currJobDescr": "rruL24rzg+I4foSv69XI7rrDXCd92e6gcQqiBB5ggfA=",
          "jobs": [
            {
              "jobTitle": "rruL24rzg+I4foSv69XI7rrDXCd92e6gcQqiBB5ggfA=",
              "company": "Dl4w4/MfbEOeq3KYC6+/6S6W2Jq6PtG+l1yWWW4NDnQs=",
              "company_url": "https://www.xing.com/companies/go?name=OrTdo4Bx/hIqcwlpIrFy4hRC183rzfxatJbIeUXvsCk=",
              "jobDuration": "9 Monat ",
              "jobDates": "05/2016 - 01/2017"
            },
            {
              "jobTitle": "vVswkpt9A/lEq4C5a5FsF5/x3/IJvPeNABTGI+ilZUo=",
              "company": "T5YcyqPqIphgdPS4vcW7taF8Z0xmhqMKxdYQS3wLTT5E=",
              "company_url": "https://www.xing.com/companies/go?name=hKxivvHPnkA+K6qm9lHhZDowTjJkELYLhtqEtdziW1s=",
              "jobDuration": "5 Jahr, 4 Monat ",
              "jobDates": "09/2007 - 12/2012"
            },
            {
              "jobTitle": "jlFNtCKJudaT0XxiozRZ3fv6uzWmhaXcNsOFFNcLWvw=",
              "company": "EfKAxl7v6sL5Mg5ZZo8s2myLvDrXInhphqXvCETJO0aw=",
              "company_url": "https://www.xing.com/companies/go?name=oxbsRlusoBfjWcT/Jb9HIysQ1hXgEXGjC8O8YstDyKE=",
              "jobDuration": "3 Jahre",
              "jobDates": "09/2004 - 08/2007"
            }
          ]
        }
      ],
      "languages": [
        {
        }
      ],
      "education": [
        {
          "institution": "UzxS5iTSSKABu08BRFIF3AYf9Mgle3YmJGOOCrZqdyw=",
          "url": "https://www.xing.com/search/members?keywords=zDCsTwMwjMgMKJDXeM14LgXLDUJ25AkiobhGM0oWjdo=",
          "degree": "Civil Engineering",
          "eduDuration": "09/1997 - 05/2003"
        }
      ]
    },
    {
      "profile": [
        {
          "sex": "m",
          "memberSince_Hits": "29. September 2004 / 6110",
          "currJobDescr": "tCoRWzjiocFjwPYkABNGcffpFHXBFRxa8AOes8pZsUc=",
          "jobs": [
            {
              "jobTitle": "tCoRWzjiocFjwPYkABNGcffpFHXBFRxa8AOes8pZsUc=",
              "company": "SsU/no1eWCeyINQVDn950Bt/fyN3lXett/bJfS4VEEIw=",
              "company_url": "https://www.xing.com/companies/go?name=PIxahKTSeXNgdIME70kkpWIplLoDxDca3TbeuLtoOU4=",
              "jobDuration": "8 Jahr, 10 Monat ",
              "jobDates": "04/2008 - 01/2017"
            },
            {
              "jobTitle": "1g+/97HFIioD8xmywMb3VhTh7Qg/rGWc6Km0Ykc8tRU=",
              "company": "S9vamhwJAxwVHEq60u5asC+4SpQoeNyID2CuHyIGosCI=",
              "company_url": "https://www.xing.com/companies/go?name=tEupJCtySYfSeAMJbP82VyjepMV0A26FxZVjtjDj2TU=",
              "jobDuration": "1 Jahr, 4 Monat ",
              "jobDates": "12/2006 - 03/2008"
            },
            {
              "jobTitle": "/wKNDaGrcLWZcoa9XxgavocfRxE1EUdQSFB0nY+2bxU=",
              "company": "S7r04Q+p25KRAJTp+MJcYCr/G2HJ0sBw44OqjYieY5p0=",
              "company_url": "https://www.xing.com/companies/go?name=mR1e9+zfPnibhvD4b94SIHBbBtA1A6Ex8xWKNP7XqVM=",
              "jobDuration": "1 Jahr, 5 Monat ",
              "jobDates": "04/2005 - 08/2006"
            },
            {
              "jobTitle": "GT17NXMnQR8YcYjCFqTLfVZAjDDCSpueyaK/8oR59tQ=",
              "company": "BPzU/zayvzc1r4Nrj4FvPYHCsZXfcB4qu/HjxhXuPsPA=",
              "company_url": "https://www.xing.com/companies/go?name=Oyp2VfNRwQJzP3JaE7Vfrf5do5d/0IhISMzwo7TIANY=",
              "jobDuration": "10 Monat ",
              "jobDates": "07/2004 - 04/2005"
            },
            {
              "jobTitle": "31iSwSkCSW74n269tfe2LmtEnISgsOlWpoibzLKfVgA=",
              "company": "GqOEq1OIFEn/viNoJH3nJcOO80NIaqSbgqKJfQkFvBmU=",
              "company_url": "https://www.xing.com/companies/go?name=rpQbz3O/yZgLHLfldgf54W/WhwsiaPSAiFD+VWV2sIc="
            },
            {
              "jobTitle": "maGF3HOm7Y8zqtuAiURtNk07RI2Sxk5LB2knStTOiPc=",
              "company": "Mg/NPVyGhgvxZRYOaxYlrm5WUy5NH3rKSC9KM1CZGQ4M=",
              "company_url": "https://www.xing.com/companies/go?name=XT7/uWY+QxW7tCSbcx4+LDRUFhOEUT5FBy9SRHL+Euo="
            },
            {
              "jobTitle": "+zmLzMhCzRV6j1VNlssMd06JBRCYNZKZx/aWLmUK6eI=",
              "company": "VOHb6RoCMFg0u4V0AAgnsfkXdaw9791QrpgQuXDuiO4g=",
              "company_url": "https://www.xing.com/companies/go?name=nAaAZ4wOaBz9e0w3iL4KkhFhFNdbFbvFHEYvnVEKtoc="
            },
            {
              "jobTitle": "A5Q1WM1aH4qs3TbAmeCvTvNj9XKfM6QKWKNw1VaS39E=",
              "company": "B12DoSVztW7Wo2gMjD0kvmr0qt9EqE5vFmNc5BLGSlLc=",
              "company_url": "https://www.xing.com/companies/go?name=xVsa2z1MZeytGRLhctgQ5/fLyB/qD9CxK4Vn1abh9wY="
            },
            {
              "jobTitle": "olCAlNpXX16ZSwsjFleFUnVsYsQRW3aGgxfB1jLtTqA=",
              "company": "HlnacNYW/mDDnfqxynZF7HwsfXxDixBzizs2Fx0Nb648=",
              "company_url": "https://www.xing.com/companies/go?name=nMpsM3uyHBYB+fI20OuDopwHuQuu/ZSSGs6sXPsmgLs="
            }
          ]
        }
      ],
      "languages": [
        {
        }
      ],
      "education": [
        {
          "institution": "Ylzxq/MEDg8lvDYLD4ZvavlYxAqx+9Txh4blm+aP5+I=",
          "url": "https://www.xing.com/search/members?keywords=Kp3eGKZTgUYr2DjhLLxyvUauE6VbUzWI1oxJai/0uJk="
        }
      ]
    },
    {
      "profile": [
        {
          "sex": "m",
          "memberSince_Hits": "21. Januar 2014 / 878",
          "currJobDescr": "vVswkpt9A/lEq4C5a5FsF5/x3/IJvPeNABTGI+ilZUo=",
          "jobs": [
            {
              "jobTitle": "vVswkpt9A/lEq4C5a5FsF5/x3/IJvPeNABTGI+ilZUo=",
              "company": "Bv2MYd2IaMt5wobeP2+xLqiUOGb0E6FpIoNC+a8zg/gk=",
              "company_url": "https://www.xing.com/companies/go?name=gb36U3o6/C806as9UieYy1/0Sv3QHKUzVxm+9FDBhsY="
            },
            {
              "jobTitle": "vVswkpt9A/lEq4C5a5FsF5/x3/IJvPeNABTGI+ilZUo=",
              "company": "AvkJ+NIyBBb03MKVqt2red2OYbJmV7roIzM+lnNVZC9U=",
              "company_url": "https://www.xing.com/companies/go?name=8Efok8AWHLwYD01RMEU5dQ0yX4kU7pg8D95Jc8LQlCo=",
              "jobDuration": "8 Jahr, 5 Monat ",
              "jobDates": "09/2008 - 01/2017"
            }
          ]
        }
      ],
      "languages": [
        {
        }
      ],
      "education": [
        {
          "institution": "HV9zbeMhF/pZUW2bPbpP7sNqgVEAwzNrCx5lrQUI/mM=",
          "url": "https://www.xing.com/search/members?keywords=cTCBqDMazBaOtsqu5uKvtISyaRswkpvpwv1teCfOxVw=",
          "degree": "Bauingenieurwesen, Diplom Ingenieur",
          "eduDuration": "2006 - 2009"
        }
      ]
    }
  ]
}
