{
  "category": "Public Relations Specialist",
  "dominantSexXing": "f",
  "profiles": [
    {
      "profile": [
        {
          "sex": "f",
          "memberSince_Hits": "24. Februar 2016 / 590",
          "currJobDescr": "Bf36eWIIBkWp6++8lV3nGIIATsRgpuL77e/JdljmgrY=",
          "jobs": [
            {
              "jobTitle": "Bf36eWIIBkWp6++8lV3nGIIATsRgpuL77e/JdljmgrY=",
              "company": "Bof8olDQyWhCF848HXYngwlECpcunvNV9ewEbcH/6rbE=",
              "company_url": "https://www.xing.com/companies/go?name=f9GLxPr2XyDZ8csPFwUy8+tC96r4sIz24t+xEpdOX6M=",
              "jobDuration": "7 Monat ",
              "jobDates": "07/2016 - 01/2017"
            },
            {
              "jobTitle": "9oqwEHgzuBKJMf8SnyhCnYyBmW6jphLB1KyQmYMNXow=",
              "company": "Bs/gSIRBD4F4nIjnGXGI4v6jW/BhEVkPH/hJomIjc5lM=",
              "company_url": "https://www.xing.com/companies/go?name=ZUmMDHvjuomKe2HFf9GVeZC4cd4q1T7e3u9h/LsCZ4Y=",
              "jobDuration": "8 Jahr, 8 Monat ",
              "jobDates": "11/2007 - 06/2016"
            },
            {
              "jobTitle": "wOOAMfNav3mnyBLVG26Yotryb+wpXYK0OId2bFtKyrQ=",
              "company": "MbXis04gAUcHOL31aWnPQwUesm/kf+2O3nXnNLyF0qEs=",
              "company_url": "https://www.xing.com/companies/go?name=zIwUu2Km07Xm2tggBSV8d4YHukkAfuFbwLVcAr+7gZU=",
              "jobDuration": "3 Jahr, 4 Monat ",
              "jobDates": "12/2003 - 03/2007"
            },
            {
              "jobTitle": "Kl93RpVL15OJMJ0kygpDvmjVQQdNKqtmVyhQUUuFm4Q=",
              "company": "PfZvM4Y/8iSajzgruOMYb+HqaHrRKqMUDe+SgQX7KepA=",
              "company_url": "https://www.xing.com/companies/go?name=ZOhnIgjWd+aFR37wxWJfxQFaYKCwnu9MaqpEFA1kclY=",
              "jobDuration": "13 Jahr, 11 Monat ",
              "jobDates": "01/1990 - 11/2003"
            },
            {
              "jobTitle": "2ptzAwk4Knm7GXZH0guELvFZSGfSSZh4j/OY98048+c=",
              "company": "FQDEs837+0rZofnMw9my0yekmtGFUF7djiF4gu3r1w1U=",
              "company_url": "https://www.xing.com/companies/go?name=JULwyRDY3kHviTDMlazIfAZuAb/B4VsSnxkoD9qXf5s=",
              "jobDuration": "5 Jahr, 4 Monat ",
              "jobDates": "09/1984 - 12/1989"
            },
            {
              "jobTitle": "T+W8BFz956QrShRi1bk200hD56FyCDcn/sM6Zl4bcsA=",
              "company": "SqH0xUv2nQj74VJHfdi4AmNWVW1+z0ztveul62WSAp/g=",
              "company_url": "https://www.xing.com/companies/go?name=0eRHXKIpAsGxNxaDOK99J/AQfB3VeGU/EkonB+yTfmg=",
              "jobDuration": "4 Jahr, 2 Monat ",
              "jobDates": "07/1980 - 08/1984"
            }
          ]
        }
      ],
      "languages": [
        {
        },
        {
        }
      ],
      "education": [
        {
          "institution": "9GZcaeqZRzEUFNVKQVZs5qQzb5riIVJ9dDX+R03oZyY=",
          "url": "https://www.xing.com/search/members?keywords=Lql22o/x5Q5ZxcgR2x9xP6aTiXVercDXrYZVGRU1E4s=",
          "degree": "Journalismus",
          "eduDuration": "1993 - 1995"
        },
        {
          "institution": "7AATcGrhKPdLmartELTg2JqPqe3kjS8tTL724AEmVB4=",
          "url": "https://www.xing.com/search/members?keywords=VjQ0KKRzGS8X5gIkENCwBmC6bmRTwTIFKMLOLqoSwkk=",
          "degree": "Industrie und Handel, Einzelhandelsfachverkäuferin",
          "eduDuration": "1978 - 1980"
        }
      ]
    },
    {
      "profile": [
        {
          "sex": "f",
          "memberSince_Hits": "31. März 2016 / 99",
          "currJobDescr": "9oqwEHgzuBKJMf8SnyhCnYyBmW6jphLB1KyQmYMNXow=",
          "jobs": [
            {
              "jobTitle": "9oqwEHgzuBKJMf8SnyhCnYyBmW6jphLB1KyQmYMNXow=",
              "company": "EEaV4kL0cueQcHxYMC1sxcfTFWfVQAXKLrQn7j2egxcY=",
              "company_url": "https://www.xing.com/companies/go?name=nyV9VrW+ALnkGgF7l7dJSveOOUAwxy8fe69ZOwYKXGI=",
              "jobDuration": "3 Jahr, 4 Monat ",
              "jobDates": "10/2013 - 01/2017"
            },
            {
              "jobTitle": "9oqwEHgzuBKJMf8SnyhCnYyBmW6jphLB1KyQmYMNXow=",
              "company": "LaB9f5f8N8iWA3OSLNg8YVyEqLuQFWlLv2wrwiOrtSPw=",
              "company_url": "https://www.xing.com/companies/go?name=dVUtFSc7EuX/P75l4tiPZb82+J97BLT029bN1xccX/Q=",
              "jobDuration": "6 Monat ",
              "jobDates": "04/2013 - 09/2013"
            },
            {
              "jobTitle": "9oqwEHgzuBKJMf8SnyhCnYyBmW6jphLB1KyQmYMNXow=",
              "company": "IpZ+ngbLDNMlREjNnh0tB52p0QkLEVI9LuiI1y6M7F7c=",
              "company_url": "https://www.xing.com/companies/go?name=hYynIQDiPw9ftAoxDgYfC+2xZi8IiMvqEcd0Mzn5jrk=",
              "jobDuration": "7 Monat ",
              "jobDates": "10/2012 - 04/2013"
            },
            {
              "jobTitle": "fmoOBlgkT/3bI3/XMnOU7J3FQK5s3pW3yuqcQCWId+A=",
              "company": "MktB7NJVq4UkEAQB/Olp46ofQhTggQvqWMn1D5v+OETc=",
              "company_url": "https://www.xing.com/companies/go?name=/vSQxpkkDqFf6TqS3XTHin8GGIQt6TDLO/ShI+Ys6Cc=",
              "jobDuration": "2 Jahr, 9 Monat ",
              "jobDates": "12/2005 - 08/2008"
            }
          ]
        }
      ],
      "languages": [
        {
        },
        {
        },
        {
        }
      ],
      "education": [
        {
          "institution": "Fjt9EK4KXNs2rTfLqw6u78dbOniyh+5mfcBqZVZ4iUI=",
          "url": "https://www.xing.com/search/members?keywords=1jRx9rkijw8m9mLZJywGwA1cK/7PFNPn6wI2QKvHWy0="
        }
      ]
    },
    {
      "profile": [
        {
          "sex": "f",
          "memberSince_Hits": "29. Juni 2011 / 1989",
          "currJobDescr": "2b9Wk3LrqJeDVbMYlwwMGFws0gcJCHYltLzD1TLi1To=",
          "jobs": [
            {
              "jobTitle": "2b9Wk3LrqJeDVbMYlwwMGFws0gcJCHYltLzD1TLi1To=",
              "company": "BiTNUteplTW3n4L20eg3c8RWaUjAPc72lBCV+w73B0nA=",
              "company_url": "https://www.xing.com/companies/go?name=VPi/wl05PoVgJc50CwC4HUm/xg4jt8Y1ZbavqmOlEow=",
              "jobDuration": "1 Monat",
              "jobDates": "01/2017 - 01/2017"
            },
            {
              "jobTitle": "BrDbeOK8A98v4JyPdXxoY5aejsrjyHLp0soRDlSECAo=",
              "company": "1GKQFAWk1A0XdS1q/XOUBBkl4NBmPU+fj97w23LpQ94A=",
              "company_url": "https://www.xing.com/companies/go?name=05A8TojWknh9iM0e1sC7LGh6W0tHOfaJW9R6YpYU7vc=",
              "jobDuration": "1 Jahr, 6 Monat ",
              "jobDates": "07/2015 - 12/2016"
            },
            {
              "jobTitle": "TSc+TPMpw60W+xs6YjAWoDGU77AaDHNrLLZSGa6TImA=",
              "company": "Ey2O/M6S1DRIGvgvk4d2rtH6zykdWI87rRMYKiiyeGhs=",
              "company_url": "https://www.xing.com/companies/go?name=tnp7R78JE6BOd3CCWguIoxcaYqW6uPeZJi17UBAnFxg=",
              "jobDuration": "1 Jahr, 6 Monat ",
              "jobDates": "01/2014 - 06/2015"
            },
            {
              "jobTitle": "tfd8IkCW9usnu6OL21zNczSgTSD5YTR26VYVt7UdlsM=",
              "company": "HuAaddat8rgMQuIL/0bcuDKuSClvlmsIZ2qi/cXwWm2U=",
              "company_url": "https://www.xing.com/companies/go?name=pG1gajiDTpIFvHkxCl8SHcmaJg0STbkhR9hR3vNIv0E=",
              "jobDuration": "4 Monat ",
              "jobDates": "09/2013 - 12/2013"
            },
            {
              "jobTitle": "H7xyEFVtt8HdFczh0wt6gYwQbeHfKB0RWw5+4eW9EXk=",
              "company": "FGAu79n732LnW5TVj0Jgk9hcZPSRP1eQ2KGorfp675Q4=",
              "company_url": "https://www.xing.com/companies/go?name=imn4ALrDI8HHKEjlMKWe9Y9H+29rlOU7Y/T4UiGK7Kw=",
              "jobDuration": "9 Monat ",
              "jobDates": "06/2012 - 02/2013"
            },
            {
              "jobTitle": "NVdXRikz1fxUz0ZmLsF42RjfIBEd1lQlYniTTCvKHGU=",
              "company": "hqSuDTZuhGH9vsXlWHgeSm6YH0scsQX2BM6gJcVKdOtA=",
              "company_url": "https://www.xing.com/companies/go?name=9oE4OtZp98cWNIH3CarUi/OGtdQHpfK996SRK4Tmhkw=",
              "jobDuration": "5 Monat ",
              "jobDates": "02/2012 - 06/2012"
            }
          ]
        }
      ],
      "languages": [
        {
        },
        {
        },
        {
        },
        {
        }
      ],
      "education": [
        {
          "institution": "MG+mJSv2aTWLAxDV4faxEd/joRx5NfNUM+4E9EkEBEU=",
          "url": "https://www.xing.com/search/members?keywords=JkRcxWZ81jrPQD2uXlyMXdKBVTbEkFHw7Ks+TC+/U1Y=",
          "degree": "Politikwissenschaft, Bachelor of Arts",
          "eduDuration": "10/2010 - 03/2013"
        }
      ]
    },
    {
      "profile": [
        {
          "sex": "m",
          "memberSince_Hits": "11. Dezember 2010 / 1249",
          "currJobDescr": "9oqwEHgzuBKJMf8SnyhCnYyBmW6jphLB1KyQmYMNXow=",
          "jobs": [
            {
              "jobTitle": "9oqwEHgzuBKJMf8SnyhCnYyBmW6jphLB1KyQmYMNXow=",
              "company": "EKDT65uqvBV9C6+oouarNZ5IL3sngQ5yKTfgnRakOxak=",
              "company_url": "https://www.xing.com/companies/go?name=aPB28Sp7VWFKCqeBPp80mPeqrgcr4W+q995YRdPjREM=",
              "jobDuration": "1 Jahr, 2 Monat ",
              "jobDates": "12/2015 - 01/2017"
            },
            {
              "jobTitle": "4fRsKz40/AG/BDVJ0+5cAswAk26bgCL2hLJp0kIZQME=",
              "company": "Wdky53n83gVwRJHF4m3ZXFNZc8Jqqm0Ff4W1wXih1OC4=",
              "company_url": "https://www.xing.com/companies/go?name=fyvtujn0BsGhTsItdhKstFaLPc5SnxooavHQS8b279U=",
              "jobDuration": "6 Jahr, 2 Monat ",
              "jobDates": "10/2009 - 11/2015"
            },
            {
              "jobTitle": "ShJfpym0Og64WtUbEjQynbeZBX6VXFNG76WBUz7Qez8=",
              "company": "SWel2aobTaQqD6geGUjlNcV6DMa00OvugyFu79DCY6UI=",
              "company_url": "https://www.xing.com/companies/go?name=m7lW7LhTQKKgInrhdtoEapLwZxgbOR6m8wDIV+YSBKg=",
              "jobDuration": "1 Monat",
              "jobDates": "09/2008 - 09/2008"
            },
            {
              "jobTitle": "ShJfpym0Og64WtUbEjQynbeZBX6VXFNG76WBUz7Qez8=",
              "company": "PL/rjKqMRnPt+zFLBglKJhRSYz7AHhZ8kVSc/JZY7rJQ=",
              "company_url": "https://www.xing.com/companies/go?name=OAIBZTXFHRfYHDPqAKc1lhyKFVbGG2iCJ686C24bnC4=",
              "jobDuration": "2 Monat ",
              "jobDates": "07/2008 - 08/2008"
            }
          ]
        }
      ],
      "languages": [
        {
        },
        {
        },
        {
        }
      ],
      "education": [
        {
          "institution": "uESnTJwJ8Y7k3d9WJAJFnyhQ8I4ghi6ztsZettb6ti4=",
          "url": "https://www.xing.com/search/members?keywords=Mk2QTGCglqB00zeQnSsf66/chCZwRSR99J857Z6ieHc=",
          "degree": "Germanisitk, Sozialwissenschaften, Bachelor of Arts",
          "eduDuration": "10/2006 - 03/2010"
        }
      ]
    },
    {
      "profile": [
        {
          "sex": "f",
          "memberSince_Hits": "21. August 2006 / 2698",
          "currJobDescr": "RfxSWp7wfIdneDO25u4UFT2n/ffW7c7sZpbYwmC2CRc=",
          "jobs": [
            {
              "jobTitle": "RfxSWp7wfIdneDO25u4UFT2n/ffW7c7sZpbYwmC2CRc=",
              "company": "CgzVmM1lxZsW5S9jQDxBfsHj+gLyNtqMmWbED4sS10Tw=",
              "company_url": "https://www.xing.com/companies/go?name=NVy+r3F8DmTcHLiF4RhMYTrp8XkE0voH3QIJdCEWKro=",
              "jobDuration": "5 Jahr, 9 Monat ",
              "jobDates": "05/2011 - 01/2017"
            },
            {
              "jobTitle": "YYTvdeW1o1N+uPqVy1xtkDQ3X+ODj1yaOFwzC+dSCeo=",
              "company": "EKgOSyglw+plrIv1F6a4+3lKIfmTOvBrUxjtCIpNnP+c=",
              "company_url": "https://www.xing.com/companies/go?name=2RzqYIKpK0M/rBpyZ6JrumyxOguo4deXtJ2zdYXR8Vs=",
              "jobDuration": "9 Monat ",
              "jobDates": "03/2010 - 11/2010"
            },
            {
              "jobTitle": "ElIIINpZ3vpyr43jG0faG9UtkLGzYX+oQuxk76rvDi4=",
              "company": "M5yoOY4rs/Ggs7r+jFaIgi25zb2f1GQPcnT2ormUd+Eg=",
              "company_url": "https://www.xing.com/companies/go?name=HPQ7hhTLB05T7bB3ZCn5BnNDD8LjzPh/vMR9yFVRCpA=",
              "jobDuration": "1 Jahr, 3 Monat ",
              "jobDates": "10/2008 - 12/2009"
            },
            {
              "jobTitle": "qYxdt1mD96hrcMYnH7wUhhZ7PwBGlh2MaZelGBWI6xU=",
              "company": "TxrZXNCiKbxmdm2NqsJfxbYYBcg/5h77pV5G82qbWYSc=",
              "company_url": "https://www.xing.com/companies/go?name=fnpvzG7C/2B+qjDDD3Fqfyn+LPCcOC4HrqcewEg/Qew=",
              "jobDuration": "2 Monat ",
              "jobDates": "07/2007 - 08/2007"
            },
            {
              "jobTitle": "UOkwzMPSEyo2CDOp/ICuUSctaBtEcNgnjH5w/E5rqJs=",
              "company": "Kwj5gJvPRoDO6iBsqwd5Nt9E4vJjI46er442AAWZ8rAg=",
              "company_url": "https://www.xing.com/companies/go?name=hiLd8SfklzpMCi0y6TwSYpfhyQFavkUwRihmyUpFq60=",
              "jobDuration": "3 Monat ",
              "jobDates": "07/2006 - 09/2006"
            },
            {
              "jobTitle": "VaL3bVrhWDUCvIBBHiqFywzXsOE7U+zQ3lvHZdTuoR8=",
              "company": "SeO6/A3e+Z4uH0WkcK1VIuYaIABW1jDtFvHdVjfrgI9A=",
              "company_url": "https://www.xing.com/companies/go?name=GbvfwIqm46fHdXfcLah7tqUjVFmfNOp5FvZwDmlwaC4=",
              "jobDuration": "6 Monat ",
              "jobDates": "01/2006 - 06/2006"
            },
            {
              "jobTitle": "oBhlkCL/XHbwNqiSJeBmV4zoWdi1tRaOMBAitYRl/aQ=",
              "company": "CkHkg69+LxI+/B7bK4eN0RbWbvC5E8L8xap240Dc/MB8=",
              "company_url": "https://www.xing.com/companies/go?name=WT9TnGzgzjAKjhkgHwjQgY22FDPECa7/nsCsHQpxiOs=",
              "jobDuration": "2 Monat ",
              "jobDates": "02/2005 - 03/2005"
            }
          ]
        }
      ],
      "languages": [
        {
        },
        {
        },
        {
        },
        {
        },
        {
        }
      ],
      "education": [
        {
          "institution": "pa2+mM6U8mJ7pChD0aPLekVv34TzflkVh0j5wZeDvJE=",
          "url": "https://www.xing.com/search/members?keywords=tqTZjD3MKP/1EWbK1HnOBBuMCNHjjEH1imco5M4ebFE=",
          "degree": "Sinologie, Kulturwissenschaften, M.A.",
          "eduDuration": "10/2002 - 09/2008"
        }
      ]
    },
    {
      "profile": [
        {
          "sex": "f",
          "memberSince_Hits": "8. November 2009 / 2674",
          "currJobDescr": "9oqwEHgzuBKJMf8SnyhCnYyBmW6jphLB1KyQmYMNXow=",
          "jobs": [
            {
              "jobTitle": "9oqwEHgzuBKJMf8SnyhCnYyBmW6jphLB1KyQmYMNXow=",
              "company": "ve7KHi7G9HmAJ8xac1OJOKbSdyGHGu0C5Mteeh/Pxhv0=",
              "company_url": "https://www.xing.com/companies/go?name=N9RwgrPBtBYAUXUwhQzCjx7pCadBKQBoEOgv5I6VM4w=",
              "jobDuration": "9 Jahr, 1 Monat",
              "jobDates": "01/2008 - 01/2017"
            },
            {
              "jobTitle": "3fOYrhIT5BhAbJcpVdkwrT5h7z7TeOLXOdZewXI6+7o=",
              "company": "C7Pkn3DEAtMLkOrA+dT199pkSsTOLC0qfnSaDbKYmBts=",
              "company_url": "https://www.xing.com/companies/go?name=IF7SKmopjyeqU2ULKal7TJvO+VjTGWEWrMjVV3Rj5yY=",
              "jobDuration": "3 Jahr, 1 Monat",
              "jobDates": "01/2014 - 01/2017"
            },
            {
              "jobTitle": "gOLAY2aS2zBGHAEt7xBRH35tSXlFECmIMb5+5zA3XWQ=",
              "company": "Vq0pbFlXNNKz/tAmgNIJa92kTx7VIODli6QYrxhYYqvU=",
              "company_url": "https://www.xing.com/companies/go?name=IxfrPz8RRPOD9+PEv0BJ9ELJm0HQKRmUPIQ+eOVxbpg=",
              "jobDuration": "4 Jahr, 4 Monat ",
              "jobDates": "10/2012 - 01/2017"
            },
            {
              "jobTitle": "n0Tdmh9FWxG/eXbRtL16InGMsGiNNaUAYahjhjsscTI=",
              "company": "VDu9T5K2Cq1a/VmsOBG7IGgSXTpkbhP6Mv+FexcGrx8s=",
              "company_url": "https://www.xing.com/companies/go?name=WDF/Dyi9G2LDMryMDX6foMxZMmX5Faf3mX6k6tf7+M0=",
              "jobDuration": "2 Jahr, 7 Monat ",
              "jobDates": "03/2010 - 09/2012"
            },
            {
              "jobTitle": "t0KhKXPugzYbDNaEklvxW9wY0x5zBvu7PTaEkGLUtxQ=",
              "company": "UOc67IkYTEeld53WWpcIQ0gOomcPqJ6Nb1+1WQXA0UnM=",
              "company_url": "https://www.xing.com/companies/go?name=cyabHwNLuvPyrzpNXNfUzTIxPkyu6w7d2uQ5344lFkA=",
              "jobDuration": "1 Jahr, 2 Monat ",
              "jobDates": "09/2006 - 10/2007"
            },
            {
              "jobTitle": "ZlPtW0le/gnmDhv+Zzsg0ZvjwWz1nXoHLGCiU+Dl9tk=",
              "company": "FPcRL6X4iHWccgQWQEUmkftCcBTteBFmiqo3Mq9bFp5k=",
              "company_url": "https://www.xing.com/companies/go?name=ZZIfkQJ2gz0xniuckYUDzYtDOcXMfquZD/qRhqZaxdU=",
              "jobDuration": "4 Jahr, 3 Monat ",
              "jobDates": "10/2002 - 12/2006"
            }
          ]
        }
      ],
      "languages": [
        {
        },
        {
        },
        {
        },
        {
        },
        {
        },
        {
        }
      ],
      "education": [
        {
          "institution": "TqUHQPct9acyX1k/2CU2qpDrsaOOuYuiShR63teR3mE=",
          "url": "https://www.xing.com/search/members?keywords=kWWYsaKMagI6VHH/qUPlf5GgIRs2hIa7p+OFXOt+c/g=",
          "degree": "Graphic Communication, Communication Design, University Course",
          "eduDuration": "11/2007 - 12/2007"
        },
        {
          "institution": "PcRL6X4iHWccgQWQEUmkftCcBTteBFmiqo3Mq9bFp5k=",
          "url": "https://www.xing.com/search/members?keywords=OTLnuu6osisjFUnvCNHSh6oLaAd//4jBRRoyieuCS2E=",
          "degree": "Film & Media Studies, M.A.",
          "eduDuration": "10/2001 - 09/2006"
        },
        {
          "institution": "oJ/nRHn/yQU3j+MFyeD8866yV6BjZl3sfcZRi/uxSxo=",
          "url": "https://www.xing.com/search/members?keywords=Ea9Sb771q0KuTth2OwTlUqYQlAqn11L60aDJhF52TFs=",
          "degree": "American Studies, English Language and Literature, Contemporary History, M.A.",
          "eduDuration": "10/2000 - 09/2006"
        }
      ]
    },
    {
      "profile": [
        {
          "sex": "f",
          "memberSince_Hits": "9. Mai 2007 / 3629",
          "currJobDescr": "9oqwEHgzuBKJMf8SnyhCnYyBmW6jphLB1KyQmYMNXow=",
          "jobs": [
            {
              "jobTitle": "9oqwEHgzuBKJMf8SnyhCnYyBmW6jphLB1KyQmYMNXow=",
              "company": "P5OhcAZboMsGITJm2NHIU7A5Z2IcKCSShoLVZuX+h/+0=",
              "company_url": "https://www.xing.com/companies/go?name=fKWJmX9EFu9GbrRTJgkejb5X0rDQ8u3dGl5Z1bqbifQ=",
              "jobDuration": "2 Jahr, 8 Monat ",
              "jobDates": "06/2014 - 01/2017"
            },
            {
              "jobTitle": "KMKh9yLXUUQmt42WkdSACiQb/zmHVGZt9k0TXDhUv3g=",
              "company": "S7UT0ptGcGRhV13G93RafVOwydv5NAe2pEeV6T1UFlX0=",
              "company_url": "https://www.xing.com/companies/go?name=zJ4OzRAbhOyBdSusHoDeJAHp0YDvduQWoheim9ZYpcc=",
              "jobDuration": "1 Jahr, 1 Monat",
              "jobDates": "03/2013 - 03/2014"
            },
            {
              "jobTitle": "ya+738NIduwYn+9M5shwbI1BXt+HdAFiWUcStjEVNT0=",
              "company": "Mrt4vM/YTI4OduF8cKzgVaETKf9Zq2fhMF7hAAVdmt8s=",
              "company_url": "https://www.xing.com/companies/go?name=oWwXcC6NiZUWkM8tTAxYIjxA8UcM1yCwwdP+RApBOdI=",
              "jobDuration": "1 Jahr",
              "jobDates": "04/2012 - 03/2013"
            },
            {
              "jobTitle": "zmvqHPNohy0kbx5EzDMGPzBaE5JAQZ9tNu4yYlODt7k=",
              "company": "RbcIdtMy79C0ODxxCdpEBc9rQfUSvIFhsiFAN47grV1U=",
              "company_url": "https://www.xing.com/companies/go?name=o09EnxyTCSdyb5W/bHrF2y6r+onatTzLcUFMc/la1L0=",
              "jobDuration": "2 Jahre",
              "jobDates": "05/2010 - 04/2012"
            },
            {
              "jobTitle": "+eyAuVzXNsbGl+DKpiM41Dir+hrcNIpXG1q2Qoc4yA0=",
              "company": "SNyiAB5eu8Y85kn8BMqxNbvygw9X9qNBbsH8/gSqsPec=",
              "company_url": "https://www.xing.com/companies/go?name=BwjVcJyAr+xfdHJl5E58X6LB4rbP4Dj0SEY50TVqZrI=",
              "jobDuration": "8 Monat ",
              "jobDates": "09/2009 - 04/2010"
            },
            {
              "jobTitle": "EGIQiDVenEMKOZMezFdN5zwoXIPJi4maLAD4NTUMvpU=",
              "company": "CAIV2Ou5ifOdrO6g4BNtUXu+JENAu4FzH6i5a2AMSmEc=",
              "company_url": "https://www.xing.com/companies/go?name=ipS0k6Ev6Y6qpGsrO11jRX3eRBB4C4YexqSv5zsmTZo=",
              "jobDuration": "1 Monat",
              "jobDates": "07/2009 - 07/2009"
            },
            {
              "jobTitle": "XEV5M8wqVBNVulIONrJlgvDf2BWzoMxknLyqvaOqGVU=",
              "company": "STbZyCs51lVBlKoZdDFQLFcSg57ghmSwCPF48qJ3+GaI=",
              "company_url": "https://www.xing.com/companies/go?name=q0bIGQjrT/xylA5k7PjAPKPgV8RxYYwcd+JNsYM4Skg=",
              "jobDuration": "4 Jahr, 5 Monat ",
              "jobDates": "03/2005 - 07/2009"
            },
            {
              "jobTitle": "KZlIPwV1zGIR/z+u/eJE1KUTzWhkjasKJAjXIJVNmw0=",
              "company": "EBCfLLn0gQNqBqCq0l2C51xhMEqbdK/03PWT67BV2s1E=",
              "company_url": "https://www.xing.com/companies/go?name=M+Wq9fCZ/+sJEQKrZhZvl3HF6Bx73/K5n54Zy8HW2qI=",
              "jobDuration": "3 Monat ",
              "jobDates": "06/2008 - 08/2008"
            },
            {
              "jobTitle": "KZlIPwV1zGIR/z+u/eJE1KUTzWhkjasKJAjXIJVNmw0=",
              "company": "TocY0uL+Id0OyDMbdircAW/WijAx23VjyriE6xp+Oa6Q=",
              "company_url": "https://www.xing.com/companies/go?name=WwVpdKM7BMkD0QZhkkTlEhTc+C2WLWtxnFaD6olLVfs=",
              "jobDuration": "3 Monat ",
              "jobDates": "06/2007 - 08/2007"
            }
          ]
        }
      ],
      "languages": [
        {
        },
        {
        },
        {
        }
      ],
      "education": [
        {
          "institution": "2sp1Oqb2VADhUQJ42DOMGre7NgWPd6CzSgPg1AMLv+M=",
          "url": "https://www.xing.com/search/members?keywords=qMaUR6wjPbWiIPkkYIbL/9Y5pRj5mH7oXWdBgyvW9oE=",
          "degree": "Business Communication, Bachelor of Arts",
          "eduDuration": "01/2008 - 04/2008"
        },
        {
          "institution": "KaDzXPvC6HW6kUZarIyTNK3LeiDKOu5//NjLZ6/0lpM=",
          "url": "https://www.xing.com/search/members?keywords=kFQb4HYLZQAQSP/vbHaSbZ0lI+OWdwmbEgZZS3u/R+w=",
          "degree": "Corporate Communication, Bachelor of Arts",
          "eduDuration": "09/2006 - 07/2009"
        }
      ]
    },
    {
      "profile": [
        {
          "sex": "m",
          "memberSince_Hits": "31. Dezember 2007 / 1291",
          "currJobDescr": "FCriwDJ73PvIdt55t7qwNMrs91qeHgISaZmyVkwXeZw=",
          "jobs": [
            {
              "jobTitle": "FCriwDJ73PvIdt55t7qwNMrs91qeHgISaZmyVkwXeZw=",
              "company": "H+mZGKjMjjHwDR0AaAI77pzD23S+omXzUzPe39+TT3Go=",
              "company_url": "https://www.xing.com/companies/go?name=S5vUUBNE/1nkmh0q/4K7S464ypLvJF/IDTgAR2DYqY8=",
              "jobDuration": "22 Jahr, 9 Monat ",
              "jobDates": "05/1994 - 01/2017"
            }
          ]
        }
      ],
      "languages": [
        {
        }
      ],
      "education": [
        {
          "institution": "MEb2/cb3lnVhzmFNhhecX1tL+FVquF+oSG0g+C3n9x4=",
          "url": "https://www.xing.com/search/members?keywords=uOL5C8qKdr3uCKhh06HTWbC69rHSWsGB7x2staXyW/s=",
          "degree": "Journalism, Journalsim",
          "eduDuration": "09/1977 - 06/1980"
        }
      ],
      "awards": [
        {
        }
      ]
    },
    {
      "profile": [
        {
          "sex": "m",
          "memberSince_Hits": "9. März 2010 / 512",
          "currJobDescr": "9oqwEHgzuBKJMf8SnyhCnYyBmW6jphLB1KyQmYMNXow=",
          "jobs": [
            {
              "jobTitle": "9oqwEHgzuBKJMf8SnyhCnYyBmW6jphLB1KyQmYMNXow=",
              "company": "SSZwV5xJ0FPgxvfT0fRUfMaAdw2aGjPzF2/68DSaC5YQ=",
              "company_url": "https://www.xing.com/companies/go?name=ni6ofN0kBqtc0ROtEl6kQVTWafRVKbXg9/2+LZrVPSI=",
              "jobDuration": "6 Monat ",
              "jobDates": "08/2016 - 01/2017"
            },
            {
              "jobTitle": "naEK6KIjlr4CAq2mTNCZ2BCJXl9X0N6OzBBILnCK7BY=",
              "company": "P0IRefsQ1w+6ADD8AegoUWlQk3ArQW8+CSM4XTV5U6R4=",
              "company_url": "https://www.xing.com/companies/go?name=3Mk+sIkqOGEBO9zcG+0yW0fvOOpFXYbMBpReK5ZwCUQ=",
              "jobDuration": "4 Jahr, 7 Monat ",
              "jobDates": "07/2012 - 01/2017"
            },
            {
              "jobTitle": "Z1HotWLy5WFBmlRyZFRyObxemsumAHlc2vOBHZxEbAI=",
              "company": "EVG42QuNevu7rWqvibExHRE4sJn9nXHGWwUbBVsu++I4=",
              "company_url": "https://www.xing.com/companies/go?name=efDF11+jbK89GIi1xuAlGGQYdKIB5lqVfUUuo1DHQK0=",
              "jobDuration": "1 Jahr, 8 Monat ",
              "jobDates": "12/2010 - 07/2012"
            },
            {
              "jobTitle": "bx/imfZKqNvRgg73SWk8eF/i8gwo9KIXlI6GekNDcAU=",
              "company": "EVG42QuNevu7rWqvibExHRE4sJn9nXHGWwUbBVsu++I4=",
              "company_url": "https://www.xing.com/companies/go?name=efDF11+jbK89GIi1xuAlGGQYdKIB5lqVfUUuo1DHQK0=",
              "jobDates": "2008 - 2010"
            },
            {
              "jobTitle": "WAdNdVb/JXQnNMQOl+lh6GLTgDistd3FPtLniqDw6N0=",
              "company": "tuylfcwlGKejc4fPn9H/q2DlfouumhP4CacM0SgcMCio=",
              "company_url": "https://www.xing.com/companies/go?name=5LDSk2Yu8Phd24dhV55bYKXbwNgRftEaHbDtUOT+p2Y=",
              "jobDates": "2006 - 2006"
            },
            {
              "jobTitle": "/kjJwQC8+0R7oy+oMl09Oz6Z6yehhBO3+tDPxaRiIhA=",
              "company": "Kh7U9eLwTg32IcOs//IqI7ABvwlKxuUQuYutVhpDO+bw=",
              "company_url": "https://www.xing.com/companies/go?name=xnV+JVFPOkCJGiflPfizeARNLeYxuz76j/Xik4sBses=",
              "jobDates": "2003 - 2004"
            },
            {
              "jobTitle": "/kjJwQC8+0R7oy+oMl09Oz6Z6yehhBO3+tDPxaRiIhA=",
              "company": "CtY0srYumLV6NTKZ912mMClwhVaVhcvHb6mvwtWGgJEQ=",
              "company_url": "https://www.xing.com/companies/go?name=fgB6jMSGoiAM8NJ0G1vOdw/VV2ugcdzp56cDrHkPzwY=",
              "jobDates": "2003 - 2004"
            }
          ]
        }
      ],
      "languages": [
        {
        },
        {
        },
        {
        }
      ],
      "education": [
        {
          "institution": "INK57nFWX36PCSYaux5ccoHgurjGxvHS/x+cNIXnpO8=",
          "url": "https://www.xing.com/search/members?keywords=INK57nFWX36PCSYaux5ccoHgurjGxvHS/x+cNIXnpO8=",
          "degree": "Public-Relations, PR-Berater",
          "eduDuration": "05/2012 - 08/2013"
        },
        {
          "institution": "cQsoWj+M8BLkwh3Y9Bz6IYCpIxq1OixG/iL8uo7u2Sc=",
          "url": "https://www.xing.com/search/members?keywords=n94k2fhZXYkr08iqnQ7T1G/E4S5LAubpGT/fH8HtYSw=",
          "degree": "Kommunikationsmanager / PR-Öffentlichkeitsarbeit, Kommunikationsmanager (depak)",
          "eduDuration": "2011 - 07/2012"
        },
        {
          "institution": "fnTs8pWR/xYtGrUe+vaULNlzXS181LPNMsRSTMf28yE=",
          "url": "https://www.xing.com/search/members?keywords=nhMEvlbsSKHSwWMUhHmhyrC5GfJcAQNkNE5C0B2uqcs=",
          "degree": "Middle Eastern Studies",
          "eduDuration": "2007 - 2008"
        },
        {
          "institution": "U1ezAjK+poIFDnUco0cpXgzOOn3KmrY0PSPxorZVdbo=",
          "url": "https://www.xing.com/search/members?keywords=7GXXFn2qUcTGR3pzZXORyRyIjaKlJSsvRC9jVBDw5nU=",
          "degree": "Politikwissenschaft, Magister Artium (M.A.)",
          "eduDuration": "2001 - 2010"
        }
      ]
    },
    {
      "profile": [
        {
          "sex": "f",
          "memberSince_Hits": "2. November 2012 / 1099",
          "currJobDescr": "9oqwEHgzuBKJMf8SnyhCnYyBmW6jphLB1KyQmYMNXow=",
          "jobs": [
            {
              "jobTitle": "9oqwEHgzuBKJMf8SnyhCnYyBmW6jphLB1KyQmYMNXow=",
              "company": "UM/PG4nf3I1JvUvmEQeQk049pCXmL71MK41EUMIZpXwc=",
              "company_url": "https://www.xing.com/companies/go?name=AfrpRDLsxQsvRzdbRBO7gF4RRLELMOCvT9usoITPf9U=",
              "jobDuration": "1 Jahr, 9 Monat ",
              "jobDates": "05/2015 - 01/2017"
            },
            {
              "jobTitle": "BtBzx/gEcf/cooNa5gwCaJI+w+1C0aJ0R2gZfYDEEzQ=",
              "company": "DfHMa2HV7rxz1UGWFyB2J5x96sC/dRPx9TElUFtM3vxg=",
              "company_url": "https://www.xing.com/companies/go?name=hOI/N8acFd+8N8P6ffhSb+N+kS6h5dYb0Sb0nbcSr5c=",
              "jobDuration": "7 Monat ",
              "jobDates": "03/2013 - 09/2013"
            }
          ]
        }
      ],
      "languages": [
        {
        },
        {
        },
        {
        },
        {
        }
      ],
      "education": [
        {
          "institution": "XpVtg3eH1dMCjYPSdM2XDtMcsrjefkj7zIPUsDjTEdw=",
          "url": "https://www.xing.com/search/members?keywords=JeJiEXjcyAFTy2OzbiBkfEuNmiVYXbiopEcUk29qC30=",
          "degree": "PR- und Kommunikationsmanagement, Bachelor of Arts",
          "eduDuration": "04/2011 - 03/2014"
        }
      ]
    },
    {
      "profile": [
        {
          "sex": "m",
          "memberSince_Hits": "29. September 2007 / 1891",
          "currJobDescr": "Pwuda09VDPkCzuCv59klTOZGSq0lqqdumTM1sQdMbqU=",
          "jobs": [
            {
              "jobTitle": "Pwuda09VDPkCzuCv59klTOZGSq0lqqdumTM1sQdMbqU=",
              "company": "IldWmU/U0BVHWxWhS0EWGiCLt/XJW/A0bhpwKr6AzNF4=",
              "company_url": "https://www.xing.com/companies/go?name=kQzV01Y416ToZm+orA7owKwHYcmVQsG8z1ItYahL7B8=",
              "jobDuration": "3 Jahr, 4 Monat ",
              "jobDates": "10/2013 - 01/2017"
            },
            {
              "jobTitle": "dlanh+Qdvp+6EgE7aIWbAmItjaFYcJZcm4QntLj3Hi8=",
              "company": "Tjs3BZFWQsUMh1yxjY2fabz3EEBDPbgtO0gUcBh5qY2w=",
              "company_url": "https://www.xing.com/companies/go?name=cduecTG7KdZbHvGgMMwiLqUmxYSS6OSc0a+n/amOUHU=",
              "jobDuration": "3 Jahr, 5 Monat ",
              "jobDates": "09/2013 - 01/2017"
            },
            {
              "jobTitle": "1Az2S4nNnk6QobWVoX3w3qNUn/eHMfSL6145lIdt9LM=",
              "company": "KqdEuMPB2LJLhS9J+xOD4NaKkdo/ePs0td+AGMaBSpsU=",
              "company_url": "https://www.xing.com/companies/go?name=qCnFdPAcvANGJ6hIV0/C+y9o+s1wl4uHP762LMlUJ5w=",
              "jobDuration": "1 Jahr, 9 Monat ",
              "jobDates": "02/2011 - 10/2012"
            },
            {
              "jobTitle": "KZlIPwV1zGIR/z+u/eJE1KUTzWhkjasKJAjXIJVNmw0=",
              "company": "AzoGXbLjr4/dXPsnnlEYpAEpYHZ9fOjEzB4lBygzGBZw=",
              "company_url": "https://www.xing.com/companies/go?name=L+Crs0uc3DNABYhQphj0GpKbqFt4bhoFryiZKzFmKac="
            },
            {
              "jobTitle": "fc1iVZX6GPbDm78gI2cziYuHKuxzrpslvdzjKMRmvLk=",
              "company": "Kg5kSrasQ2QN8qKwnvBvBZzvs/1/KR+ddnlU9nKf6iPc=",
              "company_url": "https://www.xing.com/companies/go?name=2jKrVQK5wzaWTYb+osgIptO/TndgvY8hixkWyqDDJUA="
            },
            {
              "jobTitle": "VAv3BP1IbnYpzTlid1Em//uMpubzg8yuOohxmH0sB78=",
              "company": "Vezc9GCIFI56Rw0TrUSXieG5ft1OJU9Ih6rzkPr5VpZc=",
              "company_url": "https://www.xing.com/companies/go?name=Dq09VreCPq0NtlhBJnP7wvotXfGWi++fkbXAch10zA8="
            },
            {
              "jobTitle": "cLysmZWTjAbLBfCOMjZRj1xo7VuqZWvr+oNX+VnnAfk=",
              "company": "K2wNf9SlYylGFGnqow73g8FOZMrl7JrB+dx3GeLqmKjE=",
              "company_url": "https://www.xing.com/companies/go?name=pSxMZmOQdaTyKeeLPzlRg3LmnxJ4xhX3kgipnhBIROg="
            }
          ]
        }
      ],
      "languages": [
        {
        },
        {
        },
        {
        }
      ],
      "education": [
        {
          "institution": "DG2Il1TSzULRadEWwW33h8xWc4M7Nb5OlEqjlPX5HFE=",
          "url": "https://www.xing.com/search/members?keywords=88qZYJDj1RnmUyhZWrLALZblQWgsiG6x40ThR6Vz73g=",
          "degree": "Human Resources Management"
        },
        {
          "institution": "DG2Il1TSzULRadEWwW33h8xWc4M7Nb5OlEqjlPX5HFE=",
          "url": "https://www.xing.com/search/members?keywords=88qZYJDj1RnmUyhZWrLALZblQWgsiG6x40ThR6Vz73g=",
          "degree": "Public Administrations"
        },
        {
          "institution": "DG2Il1TSzULRadEWwW33h8xWc4M7Nb5OlEqjlPX5HFE=",
          "url": "https://www.xing.com/search/members?keywords=88qZYJDj1RnmUyhZWrLALZblQWgsiG6x40ThR6Vz73g=",
          "degree": "Electronic Technologies"
        }
      ]
    },
    {
      "profile": [
        {
          "sex": "m",
          "memberSince_Hits": "27. Juli 2014 / 346",
          "currJobDescr": "9oqwEHgzuBKJMf8SnyhCnYyBmW6jphLB1KyQmYMNXow=",
          "jobs": [
            {
              "jobTitle": "9oqwEHgzuBKJMf8SnyhCnYyBmW6jphLB1KyQmYMNXow=",
              "company": "A/IxxLyt6tfy9NERobSZCIgJ1Laqk/RctEgQ7UL/PFIg=",
              "company_url": "https://www.xing.com/companies/go?name=3mjRs18EXBtl+2op8acST4o+CKFmgkhHSgMnp4KpXX4=",
              "jobDates": "bis heute"
            }
          ]
        }
      ],
      "languages": [
        {
        }
      ]
    },
    {
      "profile": [
        {
          "sex": "f",
          "memberSince_Hits": "14. Mai 2007 / 1574",
          "currJobDescr": "9oqwEHgzuBKJMf8SnyhCnYyBmW6jphLB1KyQmYMNXow=",
          "jobs": [
            {
              "jobTitle": "9oqwEHgzuBKJMf8SnyhCnYyBmW6jphLB1KyQmYMNXow=",
              "company": "GC9GrYlEERzlS5SXNgAOr0s28eWiCxnhD2Q4eAVrTkl8=",
              "company_url": "https://www.xing.com/companies/go?name=m81rIPkMXz+oN2QoHRIstd1bxuR+JO45tbaor0KPCtI=",
              "jobDuration": "13 Jahr, 3 Monat ",
              "jobDates": "11/2003 - 01/2017"
            },
            {
              "jobTitle": "0Zr9EJ6nu43tbzwx7IRMan2pWyuAzCF0ESp5cAf11wg=",
              "company": "CUmS3q28Qp0DX/zjAYSOR9s2Pg1ZcvlED6gTP0cia6E0=",
              "company_url": "https://www.xing.com/companies/go?name=A6sUryLOvnzKcG5hvY9DPGyP9YnRLlZxmUFKLGpjdIw=",
              "jobDuration": "6 Jahr, 6 Monat ",
              "jobDates": "12/1997 - 05/2004"
            },
            {
              "jobTitle": "AEkdB64yJwJW0HdnO3BL31OBmtzu3BW5n6n77uVEtrs=",
              "company": "BQ4io50wWenmpitMyCwUcSVv5pkx/2CJxQFxJAkx58Ps=",
              "company_url": "https://www.xing.com/companies/go?name=m0Lx/QF0r3ujmj8KFQvfLmLA2oJHVgJ7J12NodAMYx0=",
              "jobDuration": "3 Jahr, 1 Monat",
              "jobDates": "02/2001 - 02/2004"
            },
            {
              "jobTitle": "tdSoEdgjN8feSAP9zRGyl0x/0m86iMDwwORoS6DrFNM=",
              "company": "SCUvaQq9H0aj1WW80gJeZSDRrWMsJCxIHAPv1I7BGrgE=",
              "company_url": "https://www.xing.com/companies/go?name=W0Vlrqw1zecWjd6UyyUCQfOkjcq5OmgEUROJNkqI1yE=",
              "jobDuration": "1 Jahr, 2 Monat ",
              "jobDates": "04/2002 - 05/2003"
            },
            {
              "jobTitle": "PzktyIztScteUkOvLd4Natwq+fONjYIvEoLwA6EanFE=",
              "company": "NqGaYEUIgDVfiPIbCtQrJltM5ayt5MpO+iEDHYklwA+U=",
              "company_url": "https://www.xing.com/companies/go?name=J/XNdwqQ2SzcyA26KLXtuAVGHEXNgMxzfAjQx/4AbsQ=",
              "jobDuration": "3 Monat ",
              "jobDates": "12/2000 - 02/2001"
            },
            {
              "jobTitle": "PzktyIztScteUkOvLd4Natwq+fONjYIvEoLwA6EanFE=",
              "company": "GpK2E8IZYUGf3SQt3zy4YJyXJPnOkMk84czBbM+EtC8Y=",
              "company_url": "https://www.xing.com/companies/go?name=V50/AQI6xC0kG9VGNdPeKlCHeKeRe6kSmZtIigJzRu0=",
              "jobDuration": "3 Monat ",
              "jobDates": "09/2000 - 11/2000"
            },
            {
              "jobTitle": "AEkdB64yJwJW0HdnO3BL31OBmtzu3BW5n6n77uVEtrs=",
              "company": "StdLUwxx1WTDZO2/voKh7oeUWHjDwX0nSEuf+ESMbj2Y=",
              "company_url": "https://www.xing.com/companies/go?name=rB/HhRPIWcfdij4SiKgtZczv0xyQk2KjFS+N0wtlhYs=",
              "jobDuration": "3 Jahr, 1 Monat",
              "jobDates": "02/1997 - 02/2000"
            },
            {
              "jobTitle": "Vmc4SGBfjHRsDxzdOOD543lSsyR4fQKqYjmONfjAH7Y=",
              "company": "KXQE7sYN7GnM0I/MKXj8itccqY8pQRrciNkVNhTAev3M=",
              "company_url": "https://www.xing.com/companies/go?name=AXj8DN6/mKTTuUPMwj+FoFgB22ONOb7RFTKgcYBvdQ0=",
              "jobDuration": "2 Monat ",
              "jobDates": "07/1996 - 08/1996"
            },
            {
              "jobTitle": "BHosCLIQFWz0cHB99YXrbMHmhURZEWg3jfjDvS+DHbE=",
              "company": "BR+N0eBlUniJMzUKYJ9G3QWrMsaNL607uvTUH3s+cmHA=",
              "company_url": "https://www.xing.com/companies/go?name=AxOziGSnuXZD6lP+8pl/ms2rSZYMBoOjHTHTqqmiXCQ=",
              "jobDuration": "6 Monat ",
              "jobDates": "01/1996 - 06/1996"
            }
          ]
        }
      ],
      "languages": [
        {
        },
        {
        },
        {
        },
        {
        }
      ],
      "education": [
        {
          "institution": "2jcD5uj1Wq6O40wol0pA8eEjmu4gV8tsjtqhEzX6XLI=",
          "url": "https://www.xing.com/search/members?keywords=+lH3g0w+tkJRn2hOpWnGzs9hgX0RlqH7SAtM1byIF0k=",
          "degree": "Sozialwissenschaft, Diplom",
          "eduDuration": "10/1996 - 06/2003"
        }
      ]
    },
    {
      "profile": [
        {
          "sex": "m",
          "memberSince_Hits": "11. Juli 2013 / 715",
          "currJobDescr": "pxgp3ElfWqO+fEkyFQlMi8RnMUwHmmFp9Pk2Mm5hTnA=",
          "jobs": [
            {
              "jobTitle": "pxgp3ElfWqO+fEkyFQlMi8RnMUwHmmFp9Pk2Mm5hTnA=",
              "company": "cLav/eQG5dMR/ylrh9QPPzO0wFxiRM+RB4JQ3oTUpP8w=",
              "company_url": "https://www.xing.com/companies/go?name=zFJoxsGXcjVLpGo22L4xlMBEAeoLN86ugzCA1gsob7Q=",
              "jobDuration": "4 Jahr, 1 Monat",
              "jobDates": "01/2013 - 01/2017"
            },
            {
              "jobTitle": "vN0WoA4omvmPGCXU6+9oU5qgG6lohxBLfwi85nyz7lY=",
              "company": "Bq3dlfQJU6xg/Istw8WJHwwaCNzL7WNUeXPyH5gg2l1s=",
              "company_url": "https://www.xing.com/companies/go?name=xqsrY/o8lkebcJ4e8y6zDogkHtcRMa5bNiI/bR4+ipE=",
              "jobDuration": "6 Jahre",
              "jobDates": "01/2007 - 12/2012"
            }
          ]
        }
      ],
      "languages": [
        {
        }
      ],
      "education": [
        {
          "institution": "/owCTcyW8fKsoVmCrunnBDZlUW9rPNhaA5ZmWQE4NXw=",
          "url": "https://www.xing.com/search/members?keywords=LA95WHhu7kigghasGFOGCHpR/LEjKJ3mVvf1kzaD71E=",
          "degree": "Public Relations and Advertising, Bachelor of Arts (B.A.)"
        }
      ]
    },
    {
      "profile": [
        {
          "sex": "f",
          "memberSince_Hits": "4. Dezember 2010 / 1440",
          "currJobDescr": "9oqwEHgzuBKJMf8SnyhCnYyBmW6jphLB1KyQmYMNXow=",
          "jobs": [
            {
              "jobTitle": "9oqwEHgzuBKJMf8SnyhCnYyBmW6jphLB1KyQmYMNXow=",
              "company": "DnDjnvj0A+KjV5iNfys/SsfUYs2nrFAabHiyQRxk4GjY=",
              "company_url": "https://www.xing.com/companies/go?name=+69AVeQ81NAGW6fnZ2K6rL3sigD64Pq3R17xY98jVeM=",
              "jobDates": "bis heute"
            }
          ]
        }
      ],
      "languages": [
        {
        }
      ]
    },
    {
      "profile": [
        {
          "sex": "f",
          "memberSince_Hits": "26. Juni 2012 / 3853",
          "currJobDescr": "9oqwEHgzuBKJMf8SnyhCnYyBmW6jphLB1KyQmYMNXow=",
          "jobs": [
            {
              "jobTitle": "9oqwEHgzuBKJMf8SnyhCnYyBmW6jphLB1KyQmYMNXow=",
              "company": "RXjSCCt2a4KB5iK71MTWOplMC10wVlAiDTxwy02b7Nt0=",
              "company_url": "https://www.xing.com/companies/go?name=QYbqp4cgxCbiTN3RB6CCLC3ZQeQHWPVSfTlfy9DgNY4=",
              "jobDuration": "1 Jahr, 8 Monat ",
              "jobDates": "06/2015 - 01/2017"
            },
            {
              "jobTitle": "6BwtTDuCWZS4dUHZVofNmgPukKvVB0i7D+plRlqfikA=",
              "company": "fei1EFdAYCZiaLkmjBjCfC0RbSkwBNP5zaCn7rKHmAME=",
              "company_url": "https://www.xing.com/companies/go?name=KAUZsMbELQV5sWR7YfOBv3q1JthVDj6onaSktRHznDo=",
              "jobDuration": "2 Jahr, 11 Monat ",
              "jobDates": "07/2012 - 05/2015"
            },
            {
              "jobTitle": "ybQuHW/bBv4eyf6HgKIFIgaCiF5NRrU/2xMl51JKtag=",
              "company": "SlQ1dh9JgBa4rqeBJ+BmD+OmlJaQL+bsRSBp00YvIJFk=",
              "company_url": "https://www.xing.com/companies/go?name=oXMdlEYcQRE5+8oLF5cRYOSm0IkYdYR0xu92HoifCkU=",
              "jobDuration": "4 Monat ",
              "jobDates": "03/2012 - 06/2012"
            },
            {
              "jobTitle": "ybQuHW/bBv4eyf6HgKIFIgaCiF5NRrU/2xMl51JKtag=",
              "company": "SlQ1dh9JgBa4rqeBJ+BmD+OmlJaQL+bsRSBp00YvIJFk=",
              "company_url": "https://www.xing.com/companies/go?name=oXMdlEYcQRE5+8oLF5cRYOSm0IkYdYR0xu92HoifCkU=",
              "jobDuration": "6 Monat ",
              "jobDates": "09/2011 - 02/2012"
            }
          ]
        }
      ],
      "languages": [
        {
        },
        {
        },
        {
        }
      ],
      "education": [
        {
          "institution": "0l//NZVTyYMnvt+W8amv2e69FecTsZDc0B3QwfdlDsc=",
          "url": "https://www.xing.com/search/members?keywords=EouznDp9PWxi8ZrpXkDuWIFJcl8HnlzYRhU6USAxNY4=",
          "degree": "Medienmanagement/PR- und Kommunikationsmanagement, Bachelor",
          "eduDuration": "10/2009 - 10/2012"
        }
      ],
      "awards": [
        {
        }
      ]
    },
    {
      "profile": [
        {
          "sex": "f",
          "memberSince_Hits": "19. Juli 2016 / 36",
          "currJobDescr": "9oqwEHgzuBKJMf8SnyhCnYyBmW6jphLB1KyQmYMNXow=",
          "jobs": [
            {
              "jobTitle": "9oqwEHgzuBKJMf8SnyhCnYyBmW6jphLB1KyQmYMNXow=",
              "company": "HO79fN16noj1bitdf+ebuM/6XkdgeyQ3Lc8+70DWVBT8=",
              "company_url": "https://www.xing.com/companies/go?name=QWdgp0nWjb2wdnFTLDKI/yKJjzy1VOvCWfTc3Sbn5X4=",
              "jobDuration": "5 Monat ",
              "jobDates": "09/2016 - 01/2017"
            },
            {
              "jobTitle": "ITegRfEuM9LRXF3sTdFUm30Ly0/QEq9REHn1mZvIi7k=",
              "company": "B7055S/SlGA1Rm/wzbaFfMUypIR9CIJr+Ssw+uAWmpmQ=",
              "company_url": "https://www.xing.com/companies/go?name=305F7mzueMKuenycJGt31gR6dFSBzVJVo+1i2pmkCyg=",
              "jobDuration": "2 Monat ",
              "jobDates": "08/2016 - 09/2016"
            },
            {
              "jobTitle": "7pv7Rq1Zp5sT6J1rF7o7wH6YBBUMd/h8A0o02fz4H9E=",
              "company": "kVX/E/773628cHEGFPOrgO+pvlm8hsGJlWiSaDNPkoXg=",
              "company_url": "https://www.xing.com/companies/go?name=3oNclzwgy3BcSvcS6uI9TDFR1u9OD7EJzSFOUAR9HoM=",
              "jobDuration": "4 Monat ",
              "jobDates": "04/2016 - 07/2016"
            },
            {
              "jobTitle": "Ux4sTUhBm4mAA0Ayg/gc6TWYjRFW/ZIMLr7vjR5MC3c=",
              "company": "GJUNlSW85uexVX319syxeBtNKLkugTIeEdOMaQwaW/ok=",
              "company_url": "https://www.xing.com/companies/go?name=4EdsqSq3kzWrsCDwZJUVSRoENNfjBF4CLi4g0I+b0Ho=",
              "jobDuration": "10 Monat ",
              "jobDates": "09/2015 - 06/2016"
            },
            {
              "jobTitle": "qMeu/vf6f91AEntiTP5OQKx/47qLgrOJBRg31y7CKfU=",
              "company": "kVX/E/773628cHEGFPOrgO+pvlm8hsGJlWiSaDNPkoXg=",
              "company_url": "https://www.xing.com/companies/go?name=3oNclzwgy3BcSvcS6uI9TDFR1u9OD7EJzSFOUAR9HoM=",
              "jobDuration": "4 Jahr, 8 Monat ",
              "jobDates": "02/2011 - 09/2015"
            },
            {
              "jobTitle": "+26pF2v94mYZ5GjHh8qVYP3rE62iXqD/Waw+3jVI3hc=",
              "company": "PRXL3jgHPYUk/d1kRzRuUi/VS3a6OLmr1pJjTs6L0eGM=",
              "company_url": "https://www.xing.com/companies/go?name=/y19bDZUkXdArx97Lhyr6L5xURo1/g7Owuex9mv0xA0=",
              "jobDuration": "2 Jahr, 4 Monat ",
              "jobDates": "03/2013 - 06/2015"
            },
            {
              "jobTitle": "7pv7Rq1Zp5sT6J1rF7o7wH6YBBUMd/h8A0o02fz4H9E=",
              "company": "S1R0QFFeiA65pIOfXioIFNIrSjb4RytNtuS2iwSWApAU=",
              "company_url": "https://www.xing.com/companies/go?name=5LiMx8EZ/lU7zJrXYrhklGmSKuBJm8SdR7YbmUdI6Sg=",
              "jobDuration": "2 Jahr, 4 Monat ",
              "jobDates": "01/2012 - 04/2014"
            },
            {
              "jobTitle": "3AEGgovYMFXh6UbUXCFOHhZE2/+CeqP47R2r/qjzRVc=",
              "company": "PRXL3jgHPYUk/d1kRzRuUi/VS3a6OLmr1pJjTs6L0eGM=",
              "company_url": "https://www.xing.com/companies/go?name=/y19bDZUkXdArx97Lhyr6L5xURo1/g7Owuex9mv0xA0=",
              "jobDuration": "3 Jahr, 1 Monat",
              "jobDates": "03/2010 - 03/2013"
            },
            {
              "jobTitle": "xHe0uW6sSM4o9V/SevNc27Tm6NHgAKN/cuA6GcM1mPU=",
              "company": "P6kESj7qWff0XJ9j5/b7NH/g3wi7ptSYUvuCy11HnIbI=",
              "company_url": "https://www.xing.com/companies/go?name=60PX74WBs/hFud8qrDsqRRKPraSslJT0q8Dem1EoXPs=",
              "jobDuration": "10 Monat ",
              "jobDates": "01/2011 - 10/2011"
            },
            {
              "jobTitle": "c3ypAWjgkikKeD82D81KF6XnvIYX8C1msu4yU1wMUB8=",
              "company": "M49800pTRdEBmt+ZZyX9yTlafhIn0i+spQCtuKB5UJ0c=",
              "company_url": "https://www.xing.com/companies/go?name=LRhxKANEUdw2RQy5tc3rtpVjmX4yE5CtwJY1rN6EXSk=",
              "jobDuration": "11 Monat ",
              "jobDates": "02/2010 - 12/2010"
            },
            {
              "jobTitle": "Wge7pnGu+FeIzYcKt3nKqaLhZ/EQv74Q9XDE5Fm9knY=",
              "company": "OlVh2d6MZ7IXCPSf3AKsisVTqMsqbRWN2m80q2nK6Qyo=",
              "company_url": "https://www.xing.com/companies/go?name=BUTjEtxdaWYj1QGS5LykWXcDgCDqYvVEoepxQjYix2s=",
              "jobDuration": "2 Jahre",
              "jobDates": "03/2008 - 02/2010"
            }
          ]
        }
      ],
      "languages": [
        {
        },
        {
        }
      ],
      "education": [
        {
          "institution": "UgRxJu3atPse5QeSpMby9oaWL7uyUrSEPQ6KO3jSueE=",
          "url": "https://www.xing.com/search/members?keywords=UqnjNDzEO2hqw3+9FiFdUcyNEBPm1Ye2PIUb5PF0ciE=",
          "degree": "Journalism, Bachelor",
          "eduDuration": "09/2015 - 09/2018"
        },
        {
          "institution": "UgRxJu3atPse5QeSpMby9oaWL7uyUrSEPQ6KO3jSueE=",
          "url": "https://www.xing.com/search/members?keywords=UqnjNDzEO2hqw3+9FiFdUcyNEBPm1Ye2PIUb5PF0ciE=",
          "degree": "Cultural studies, Bachelor",
          "eduDuration": "08/2005 - 09/2009"
        }
      ]
    },
    {
      "profile": [
        {
          "sex": "f",
          "memberSince_Hits": "12. November 2007 / 2157",
          "currJobDescr": "9oqwEHgzuBKJMf8SnyhCnYyBmW6jphLB1KyQmYMNXow=",
          "jobs": [
            {
              "jobTitle": "9oqwEHgzuBKJMf8SnyhCnYyBmW6jphLB1KyQmYMNXow=",
              "company": "-7iGgXMH4Udmk0O880dH8PMVDivwTL3EGHyWOjHQr8MU=",
              "company_url": "https://www.xing.com/companies/go?name=5633dMTDq6GDiX8T3PzAQyCL0cwuFLA3+FmZW9AM5lU=",
              "jobDuration": "1 Jahr",
              "jobDates": "02/2016 - 01/2017"
            },
            {
              "jobTitle": "tkAb0dFvG7yW5gxmxlkMWFfXBqVcho0+mGgDiCfFUlA=",
              "company": "H/MwGv0AboU2M2Lu2Oc3WZdfXuUFzSye/dTSRItKBjyo=",
              "company_url": "https://www.xing.com/companies/go?name=TVXeFlzIt8dMqTTFlW8OvOf4v8luUl/cQaxmXOdTQfU=",
              "jobDuration": "1 Jahr, 10 Monat ",
              "jobDates": "04/2014 - 01/2016"
            },
            {
              "jobTitle": "EYjBX2ENIlmy/saD1zu6FmVRP99B2HU9ayWHbt2idMI=",
              "company": "HRduzK8RCBWcIgVhdtCfKYdkSVCBz4n28v5wRPu4CCB4=",
              "company_url": "https://www.xing.com/companies/go?name=P/0HYEyjvovaK+FqkvwpQNYQvJ/gi0AOYyBQdaJ5H8k=",
              "jobDuration": "13 Jahr, 3 Monat ",
              "jobDates": "01/2001 - 03/2014"
            },
            {
              "jobTitle": "FJ+iHHxJ17N9MCpO0bE8tAurU1mtXzmFSgFoAo5NWCQ=",
              "company": "DLhAOCkEpdfGnX6HvbgkyFL1u8/qZePEAkGYRQ+Whzc8=",
              "company_url": "https://www.xing.com/companies/go?name=ZeTtYURyJaxb2tvLEhdK00SWEFO1hAQvcbWXpaQyoWo=",
              "jobDuration": "6 Jahr, 4 Monat ",
              "jobDates": "09/1994 - 12/2000"
            }
          ]
        }
      ],
      "languages": [
        {
        },
        {
        },
        {
        }
      ]
    },
    {
      "profile": [
        {
          "sex": "f",
          "memberSince_Hits": "1. Mai 2013 / 580",
          "currJobDescr": "WI+eTXoa98pGEJ6Szx7isjv5UoIVO0TqSFTvfjhVdEQ=",
          "jobs": [
            {
              "jobTitle": "WI+eTXoa98pGEJ6Szx7isjv5UoIVO0TqSFTvfjhVdEQ=",
              "company": "M3RlKhXNQ4iV5MSfT81WYP3aztx/n7upb10+kFJEB/Ww=",
              "company_url": "https://www.xing.com/companies/go?name=1l0LjHrwU7p8kT52wbVX7NdEDqVGOgRHTF42EhsX5bw=",
              "jobDates": "bis heute"
            }
          ]
        }
      ],
      "languages": [
        {
        }
      ],
      "education": [
        {
          "institution": "3pENU5UWzTs9M4TjobxPCNsD9QcdM0iVDPBzQ9H0PMg=",
          "url": "https://www.xing.com/search/members?keywords=zlaql6VeDJBY4vvqBpRL7tvvlWSE8MPQZW6spkp2l38=",
          "degree": "Communications, Technology, Sociology, Bachelor of Science Interdisciplinary Studies",
          "eduDuration": "2009 - 2010"
        }
      ]
    },
    {
      "profile": [
        {
          "sex": "f",
          "memberSince_Hits": "3. Dezember 2016 / 14",
          "currJobDescr": "9oqwEHgzuBKJMf8SnyhCnYyBmW6jphLB1KyQmYMNXow=",
          "jobs": [
            {
              "jobTitle": "9oqwEHgzuBKJMf8SnyhCnYyBmW6jphLB1KyQmYMNXow=",
              "company": "MKUfQ98Lbtt7Mx7615q88JMkTbI2al0NjyxRD06EQtCA=",
              "company_url": "https://www.xing.com/companies/go?name=8YjIVuVesDzsYVSm4FoX7on6TENgylUnFqLRvWLmH+A=",
              "jobDates": "bis heute"
            }
          ]
        }
      ],
      "languages": [
        {
        },
        {
        }
      ]
    },
    {
      "profile": [
        {
          "sex": "m",
          "memberSince_Hits": "3. Januar 2013 / 903",
          "currJobDescr": "9oqwEHgzuBKJMf8SnyhCnYyBmW6jphLB1KyQmYMNXow=",
          "jobs": [
            {
              "jobTitle": "9oqwEHgzuBKJMf8SnyhCnYyBmW6jphLB1KyQmYMNXow=",
              "company": "UOgSDxjXQ/IM3qGzsjgSlxoPj543q5Od90VzXY7DmgXY=",
              "company_url": "https://www.xing.com/companies/go?name=Nas+WgZRfg/IiCahxaw7BVXI2q6dc1RY/cLWvOtwNDo=",
              "jobDuration": "1 Jahr, 8 Monat ",
              "jobDates": "06/2015 - 01/2017"
            },
            {
              "jobTitle": "OvHOiXzNa4d0WFCTzEqtAlKRxjqDqCIdKLFp1c+YD4E=",
              "company": "OxZITCoNQRal9cgxWqAbagSP5vOqEVjSfpp16G+4X/dA=",
              "company_url": "https://www.xing.com/companies/go?name=SYZIMLf4vktNtCy9AlLsuVEAQp0kEqSG/HmObxbzDgY=",
              "jobDuration": "1 Jahr, 7 Monat ",
              "jobDates": "11/2013 - 05/2015"
            },
            {
              "jobTitle": "Nmi4BbCodNSSIEFs/b7SIKcCuDw41d7JWNfq1FvpuVk=",
              "company": "SsU/no1eWCeyINQVDn950Bt/fyN3lXett/bJfS4VEEIw=",
              "company_url": "https://www.xing.com/companies/go?name=PIxahKTSeXNgdIME70kkpWIplLoDxDca3TbeuLtoOU4=",
              "jobDuration": "5 Jahr, 1 Monat",
              "jobDates": "10/2008 - 10/2013"
            },
            {
              "jobTitle": "rPsWni9PGG3aZjO8SYpZfHGdby6zXkXKr72AchC2/9U=",
              "company": "SsU/no1eWCeyINQVDn950Bt/fyN3lXett/bJfS4VEEIw=",
              "company_url": "https://www.xing.com/companies/go?name=PIxahKTSeXNgdIME70kkpWIplLoDxDca3TbeuLtoOU4=",
              "jobDuration": "3 Jahr, 8 Monat ",
              "jobDates": "02/2005 - 09/2008"
            },
            {
              "jobTitle": "DQkQLpZXguhLauaj1/J81cbAJL0iI5t76D/6p80aVzk=",
              "company": "ELxO1nDFjb8ylrfmN4XxZWvY4Iw+FcfVAxqjLeIY3UvY=",
              "company_url": "https://www.xing.com/companies/go?name=dlN5bNQg/ghwUEUdcwLnAedLsROVpLOoKYjx8ZOgA0o=",
              "jobDuration": "1 Jahr",
              "jobDates": "02/2004 - 01/2005"
            },
            {
              "jobTitle": "da/f0xZ1xFfuEWwNIsItgArSVAi/jGFDGBuvypr5zro=",
              "company": "ELxO1nDFjb8ylrfmN4XxZWvY4Iw+FcfVAxqjLeIY3UvY=",
              "company_url": "https://www.xing.com/companies/go?name=dlN5bNQg/ghwUEUdcwLnAedLsROVpLOoKYjx8ZOgA0o=",
              "jobDuration": "1 Jahr, 8 Monat ",
              "jobDates": "06/2002 - 01/2004"
            }
          ]
        }
      ],
      "languages": [
        {
        },
        {
        },
        {
        },
        {
        },
        {
        }
      ],
      "education": [
        {
          "institution": "ocb3LHRrb6yJaqoZSYLDcUHtCLDo/zKWxbqMDviCI5k=",
          "url": "https://www.xing.com/search/members?keywords=E12DPyfCzraiuB12Ze7Vp04ysz1HCricANZxyKu3UdE=",
          "degree": "Project Management, Post-graduate",
          "eduDuration": "2009 - 2010"
        },
        {
          "institution": "77xmfcTbnww/woXxozBfrcdETpo1+OSWquVJ2ZInI8E=",
          "url": "https://www.xing.com/search/members?keywords=0UXAYw7XMa4MZIPtheF+ix6r1EXvdW+ukODSNY2VO8o=",
          "degree": "Information Technology, Bachelor of Science (BSc)",
          "eduDuration": "1998 - 2004"
        }
      ]
    },
    {
      "profile": [
        {
          "sex": "f",
          "memberSince_Hits": "3. November 2016 / 10",
          "currJobDescr": "9oqwEHgzuBKJMf8SnyhCnYyBmW6jphLB1KyQmYMNXow=",
          "jobs": [
            {
              "jobTitle": "9oqwEHgzuBKJMf8SnyhCnYyBmW6jphLB1KyQmYMNXow=",
              "company": "FCTXj1YrHjVDy6+rAv9m36tOFmfU+ra9h1EgwfNKt6Ug=",
              "company_url": "https://www.xing.com/companies/go?name=RurbmSt4I9LnWP0gSaZSjNQyWDo9vvCIHGh4Yh1H94Y=",
              "jobDates": "bis heute"
            }
          ]
        }
      ]
    },
    {
      "profile": [
        {
          "sex": "m",
          "memberSince_Hits": "20. November 2015 / 83",
          "currJobDescr": "2uIn43/t4xIz0ird4Gp6eNkW17UPEhDvb5KIcElPNGo=",
          "jobs": [
            {
              "jobTitle": "2uIn43/t4xIz0ird4Gp6eNkW17UPEhDvb5KIcElPNGo=",
              "company": "RVLC0hULLrVK4WrwVq9EdsAJYbqhZfF5LHrgG1MuDPIw=",
              "company_url": "https://www.xing.com/companies/go?name=ltDqj7pwxwTjmbV70yK/OanrQSYLTVvNUySbebUjGnE=",
              "jobDates": "bis heute"
            }
          ]
        }
      ],
      "languages": [
        {
        },
        {
        },
        {
        }
      ],
      "education": [
        {
          "institution": "9oEMFnd7R778i7QXyXfWKSxvXPJxlzWe4dcOgZpp3cg=",
          "url": "https://www.xing.com/search/members?keywords=s362PBq1B5tTASH1wF5zzvxRkmCkeuBAp425mjkPxvQ=",
          "degree": "BBA Business Administration, Bachelor",
          "eduDuration": "09/2015 - 01/2017"
        },
        {
          "institution": "o2pKG1iIcWFfWroqxmga25HFAyb6N7zBRKhB3ZcUB+0=",
          "url": "https://www.xing.com/search/members?keywords=zADF0d7Iph11hgT+M01tZuB8yiIVnEH+dqJYvKvusLE=",
          "degree": "Business Administration, Bachelor",
          "eduDuration": "09/2013 - 05/2015"
        }
      ]
    },
    {
      "profile": [
        {
          "sex": "f",
          "memberSince_Hits": "14. Oktober 2014 / 187",
          "currJobDescr": "9oqwEHgzuBKJMf8SnyhCnYyBmW6jphLB1KyQmYMNXow=",
          "jobs": [
            {
              "jobTitle": "9oqwEHgzuBKJMf8SnyhCnYyBmW6jphLB1KyQmYMNXow=",
              "company": "N1CBtAOObxQZfm+4fhMlvp9Rv3RprUFcRVm85pHt9eEQ=",
              "company_url": "https://www.xing.com/companies/go?name=iOicB1jZXklr4y3Ang1BFSdL89KNyvWoQNr2K6FA0q4=",
              "jobDates": "bis heute"
            }
          ]
        }
      ],
      "languages": [
        {
        },
        {
        },
        {
        }
      ]
    },
    {
      "profile": [
        {
          "sex": "f",
          "memberSince_Hits": "23. Oktober 2008 / 758",
          "currJobDescr": "9oqwEHgzuBKJMf8SnyhCnYyBmW6jphLB1KyQmYMNXow=",
          "jobs": [
            {
              "jobTitle": "9oqwEHgzuBKJMf8SnyhCnYyBmW6jphLB1KyQmYMNXow=",
              "company": "AhN2b9zQbEarSS60iYjaq8a72IkbnamaEOmCyns+T8RI=",
              "company_url": "https://www.xing.com/companies/go?name=xYqJh9pFtGIS0Yklt1AcnAPqJ60bZKBZI5EWsmLRGFs=",
              "jobDuration": "6 Jahr, 10 Monat ",
              "jobDates": "04/2010 - 01/2017"
            },
            {
              "jobTitle": "8poDKc+6yDNqiQwTv1fkBYxTCJr12FiAcPUbARfTerI=",
              "company": "和YKQ9aavocgV8/p7M79HPSWPFvlOz+84C1XS/8op62vU=",
              "company_url": "https://www.xing.com/companies/go?name=n8ZT80yUGFQtM+Rb6OjIEIs/yogq8qvpqEyMUMkBsi0=",
              "jobDuration": "10 Jahr, 7 Monat ",
              "jobDates": "07/2006 - 01/2017"
            },
            {
              "jobTitle": "xLRiiatGWODyMOv6ExjOjNRT/ESN0acp6DcmZ20mL4o=",
              "company": "ＨWmLo2SW6O2tV6PvjGX9qaoEFTIVPOJvA6rSxALBf22A=",
              "company_url": "https://www.xing.com/companies/go?name=kO0R2sn5R7Ws4buikMWgz8PV8tv9s/6SkUR1dcG0j0E=",
              "jobDuration": "3 Jahr, 9 Monat ",
              "jobDates": "07/2006 - 03/2010"
            }
          ]
        }
      ],
      "languages": [
        {
        },
        {
        }
      ],
      "education": [
        {
          "institution": "EhXiEkUaGLdTTP1D99NGivrjnMXlmB73z7gSeK7A3LE=",
          "url": "https://www.xing.com/search/members?keywords=v3EBdsjEjtkpfCbUdrRV7qkd7gWf+MFb0RvQJZqGgi4=",
          "degree": "英语, 学士",
          "eduDuration": "10/2002 - 06/2006"
        }
      ]
    },
    {
      "profile": [
        {
          "sex": "f",
          "memberSince_Hits": "24. Mai 2016 / 100",
          "currJobDescr": "pxgp3ElfWqO+fEkyFQlMi8RnMUwHmmFp9Pk2Mm5hTnA=",
          "jobs": [
            {
              "jobTitle": "pxgp3ElfWqO+fEkyFQlMi8RnMUwHmmFp9Pk2Mm5hTnA=",
              "company": "G+71cFLk60KZa8eo59jr8ZwWtGEU3k3aiY0tmq9qQq58=",
              "company_url": "https://www.xing.com/companies/go?name=FuJkmcgHB1irArM1gbqwRhv9TmLxsrthdqIfk7tHtRw=",
              "jobDates": "bis heute"
            }
          ]
        }
      ]
    },
    {
      "profile": [
        {
          "sex": "f",
          "memberSince_Hits": "9. September 2015 / 298",
          "currJobDescr": "xZHh2d5lNciSbG0mogH6oD5F3uNsw6yIXvUMuKAXdU0=",
          "jobs": [
            {
              "jobTitle": "xZHh2d5lNciSbG0mogH6oD5F3uNsw6yIXvUMuKAXdU0=",
              "company": "BndjoamgjA5bauKWbcKwblewoUwhsjym0sGbRFOBVseY=",
              "company_url": "https://www.xing.com/companies/go?name=FBzcK+jEg+zit+b1Ip+a01WgGEyd/F5/br8WhGhN2B0=",
              "jobDates": "bis heute"
            }
          ]
        }
      ],
      "languages": [
        {
        }
      ],
      "education": [
        {
          "institution": "n730plB1HIWcI6eu9ffbnRavk9uhfhWXNSgqTnG38lk=",
          "url": "https://www.xing.com/search/members?keywords=Wu1LqUSS8FvgDkEBrKHPHgrcu6B3DgRUZV3GiqJgJMg=",
          "degree": "Linguistics, Master",
          "eduDuration": "10/2014 - 06/2016"
        }
      ]
    },
    {
      "profile": [
        {
          "sex": "m",
          "memberSince_Hits": "25. Oktober 2016 / 21",
          "currJobDescr": "9oqwEHgzuBKJMf8SnyhCnYyBmW6jphLB1KyQmYMNXow=",
          "jobs": [
            {
              "jobTitle": "9oqwEHgzuBKJMf8SnyhCnYyBmW6jphLB1KyQmYMNXow=",
              "company": "AbPttGtN4IwNciyGQmqnPhxAf68c4UAjEPKKah4vjbl8=",
              "company_url": "https://www.xing.com/companies/go?name=6UW2jmjn7FKx0oOZVO55vKQXMsM+BEcYWVaF+RJg6mc=",
              "jobDates": "bis heute"
            }
          ]
        }
      ]
    },
    {
      "profile": [
        {
          "sex": "m",
          "memberSince_Hits": "3. Januar 2010 / 1248",
          "currJobDescr": "MQhw2HR4ma2/eBOabeIIifTuYtNG23kRfe8OjL3fve0=",
          "jobs": [
            {
              "jobTitle": "MQhw2HR4ma2/eBOabeIIifTuYtNG23kRfe8OjL3fve0=",
              "company": "D+nGvK227C4syor12D2aMYQWXM/CM4/J/DLU9vmbSSsc=",
              "company_url": "https://www.xing.com/companies/go?name=gGOqIR12GG9GdL2JZnFCYXvWY78k4cYVnCQykFV1Fdc=",
              "jobDuration": "3 Jahr, 1 Monat",
              "jobDates": "08/2006 - 08/2009"
            },
            {
              "jobTitle": "p+UXO6ycXhJ74RnGm+KLNlVhaRTSM3S3CBZw83rcp50=",
              "company": "MD5vEserRTUljBd0NRJKuuYt27N96SDHwKTBUxNAhi/U=",
              "company_url": "https://www.xing.com/companies/go?name=4r6+FE4eKDBYPT4SGBcHRWVsQJsRPuLfzoGAtH91i10=",
              "jobDuration": "2 Jahr, 3 Monat ",
              "jobDates": "05/2004 - 07/2006"
            },
            {
              "jobTitle": "+LMyy+NW3DbTRMe0cyEgSq4GV36X7G7XTtg5kpIbNZQ=",
              "company": "ThD3PWK4HtC0YiUiG1gSW8hNPZ/itiGOWfCh+AOczAQU=",
              "company_url": "https://www.xing.com/companies/go?name=HGE8cSt9GNoQQHPFrAD3L06y8UIK8if5t3Pcv9asdHg=",
              "jobDuration": "1 Jahr, 2 Monat ",
              "jobDates": "03/2003 - 04/2004"
            },
            {
              "jobTitle": "7VTnqM2/bNc6h6wdd6vTwFaMTS5bFoRzvN4WJburKKo=",
              "company": "TuLFrZLP0qmw5A7bTLPikHGiNsihaZfeUhe9UGVOSaiY=",
              "company_url": "https://www.xing.com/companies/go?name=q1ResCIgi290rVLoPRF1zwcPFgo5Uobz1T0OsbQ4S+8=",
              "jobDuration": "5 Monat ",
              "jobDates": "04/2002 - 08/2002"
            },
            {
              "jobTitle": "nSTbo86gTV0uXilE4EDGWJkOGWQ1f01ejeV41pAA2YE=",
              "company": "Nu5ppA2uKKUtthlF7X/LeT+ZWY8kDMevNk+1B+VUB1zM=",
              "company_url": "https://www.xing.com/companies/go?name=9rSCzQGhgn5KbvRkDLznxAHQJkhB1FB9DbuRUviYBX4=",
              "jobDuration": "1 Jahr, 1 Monat",
              "jobDates": "09/2000 - 09/2001"
            }
          ]
        }
      ],
      "languages": [
        {
        }
      ],
      "education": [
        {
          "institution": "no8ocJyzQCH2kMxMPe+WZ4VUTs2/2VxVgOsM2L8yADo=",
          "url": "https://www.xing.com/search/members?keywords=64HBr+Gm7GhwYaY4rA05lcYQXeqjiH3zvDGgQYoOqKQ=",
          "degree": "Writing, Literature, and Publishing, Bachelor of Arts",
          "eduDuration": "09/1996 - 05/2000"
        }
      ]
    },
    {
      "profile": [
        {
          "sex": "f",
          "memberSince_Hits": "20. Mai 2006 / 7411",
          "currJobDescr": "9oqwEHgzuBKJMf8SnyhCnYyBmW6jphLB1KyQmYMNXow=",
          "jobs": [
            {
              "jobTitle": "9oqwEHgzuBKJMf8SnyhCnYyBmW6jphLB1KyQmYMNXow=",
              "company": "UbUPsj2wt8VVdZI1UjlO7HuYxO2JLOUG/QWQGKerdRco=",
              "company_url": "https://www.xing.com/companies/go?name=wlE+9u9dPYIEFzgP0aQcTDNkC+W/wLsKGZOePLp0vWM=",
              "jobDuration": "3 Jahr, 9 Monat ",
              "jobDates": "05/2009 - 01/2013"
            },
            {
              "jobTitle": "r8tCzZCBLMnUYvoQYrLBI8hZTy+5iljh8cHO39jaFf4=",
              "company": "WteCo8YPnr32DomBbbM2eicw4c3xGr6lyl8FxMm/GS+4=",
              "company_url": "https://www.xing.com/companies/go?name=nC77NuL/hlL+eX3GFjxD4yfXX+8dc7tHQEHuqT/i6+A=",
              "jobDates": "2006 - 01/2017"
            },
            {
              "jobTitle": "jGm5KlAPHUBWhEh28KTqfl5u8s/O7IkYC37b8SeBps8=",
              "company": "V5vaSCTEgBAimedYMc7kBxiiTlM2BVa+edEsFu4yXGsU=",
              "company_url": "https://www.xing.com/companies/go?name=f3x/v7TGP34aoPLL7lq4spaKrxJvEIAagwdMFPMBjJY=",
              "jobDuration": "2 Monat ",
              "jobDates": "04/2009 - 05/2009"
            },
            {
              "jobTitle": "mnSKHmOzATNTSWWIj3fNbEXUmq7Qd6SBwlbmzY/WKVI=",
              "company": "EqWxzw8gXDoczCcp6UTxKe0zATZJcrjwt2TgNS7fzX9Q=",
              "company_url": "https://www.xing.com/companies/go?name=XJTYErmV6wBEGLAC1q+uil5Vnijek+Y1g2eE6XDkox0=",
              "jobDuration": "9 Monat ",
              "jobDates": "07/2008 - 03/2009"
            },
            {
              "jobTitle": "rv9dRTQctexRvJXF9hmkTwfkcKjZCtNZ7dhLMNCrH4M=",
              "company": "W4Bey+b/Kaimxgzqz7U2Eu4r43xC41sYWvJWXRUqhVsk=",
              "company_url": "https://www.xing.com/companies/go?name=NUy3aJ4sqq8JmfeCHuLV35FBK/yJkj4XRcE8GI0CoY8=",
              "jobDates": "09/2005 - 2009"
            },
            {
              "jobTitle": "K9HlKX8XA1sqdw4IYfdDhsVYHenwfFJwMxOmd8/y8+U=",
              "company": "JbamOUh6d++aNwwZVHUn+eui5DSARPrCYB/4WvlO/4Eg=",
              "company_url": "https://www.xing.com/companies/go?name=hdkPbBOm/PbnZy/j8XKz+bPQ0Wq2saDg2MFC2s9D1/w=",
              "jobDuration": "1 Jahr, 4 Monat ",
              "jobDates": "03/2007 - 06/2008"
            },
            {
              "jobTitle": "w5Z6dpfoPnRkC9jFcoqnNLWbktmG6OCdSZiw6FGmz3w=",
              "company": "LX1fIESFiirfpEGmzQQV5f75nbMrbTf3hvEVwE6823mA=",
              "company_url": "https://www.xing.com/companies/go?name=PUfvCJc7RNlALOO3/ruJEsk9z4H7Q3Qk+qmpOgz0tBE=",
              "jobDuration": "2 Jahr, 3 Monat ",
              "jobDates": "10/2005 - 12/2007"
            },
            {
              "jobTitle": "S2brKHDnj2cZah8Ama0AWGyUQBCHQaFZ10pKSy+WQMs=",
              "company": "cJmTJMmxsZvGDw3+YbafCXKOmkzn9n1dJR0EtumzmgQY=",
              "company_url": "https://www.xing.com/companies/go?name=a/kld6V+vH8ft4tam0eIQFmaet2PdTMPNCGQ6IUf8Y0=",
              "jobDuration": "3 Jahr, 1 Monat",
              "jobDates": "04/2004 - 04/2007"
            }
          ]
        }
      ],
      "languages": [
        {
        },
        {
        }
      ],
      "education": [
        {
          "institution": "ILM+fyDT8f2oVveMkAE5+rnu95dnKF0/8dOgCgQCkDQ=",
          "url": "https://www.xing.com/search/members?keywords=TVZa5jSO9lqbx8Co+XerK8R8N0PswMswhoGvBVA3ixU=",
          "degree": "Matura"
        },
        {
          "institution": "GGRtW9H42gj1HY8QgNj+8cSfE4cmyRQxyc3U3JyZLWg=",
          "url": "https://www.xing.com/search/members?keywords=zNRzY3jMXDy2Xr4iUNkh7/FPXpdN/wuov/+uscMes/o=",
          "degree": "EDV & Organisation / Netzwerktechnik"
        },
        {
          "institution": "HV9zbeMhF/pZUW2bPbpP7sNqgVEAwzNrCx5lrQUI/mM=",
          "url": "https://www.xing.com/search/members?keywords=cTCBqDMazBaOtsqu5uKvtISyaRswkpvpwv1teCfOxVw=",
          "degree": "Wirtschaftsinformatik"
        },
        {
          "institution": "B8agptG76hmY2LUmAYopN3ER/VgQ+/APCVCEws08r58=",
          "url": "https://www.xing.com/search/members?keywords=1C1PcY2Kz6abTeuPkVH17twjOhchT1EGWdlJ6o7AIEs=",
          "degree": "Volkschullehrer Ausbildung"
        }
      ]
    },
    {
      "profile": [
        {
          "sex": "f",
          "memberSince_Hits": "18. November 2008 / 2915",
          "currJobDescr": "+X2DvvqF3S2soR5inbtSt24gJGWhiTXwFe1yips2OcE=",
          "jobs": [
            {
              "jobTitle": "9oqwEHgzuBKJMf8SnyhCnYyBmW6jphLB1KyQmYMNXow=",
              "company": "B7c44G3dkRq8XtyQDO/J9OaUwdmChE4o8pd77mRcRwDo=",
              "company_url": "https://www.xing.com/companies/go?name=+uFZHMMr8J7QukvPiah4LpULS+F8JgpPPgYRdIqIo7U=",
              "jobDuration": "8 Monat ",
              "jobDates": "06/2016 - 01/2017"
            },
            {
              "jobTitle": "iFdxjNXfD8KUXqsOONDDIlXPa8Qwg6EQrhzY8xzLvRM=",
              "company": "EdF4X5C1L3mV6ecr2D6GjsEKuyMTvuLKxscfifdnmVeM=",
              "company_url": "https://www.xing.com/companies/go?name=wA5ZoBZB2h7Fm55efWa+0KOv5E1kQhjWmWp5siSvJZw=",
              "jobDuration": "1 Jahr, 7 Monat ",
              "jobDates": "11/2014 - 05/2016"
            },
            {
              "jobTitle": "JQL10VOdF0GNaaQZqGozoRi/PAgXJFR4YZCqzCBRsBA=",
              "company": "CDhnX16YOZXQhigK3nxSD1veQmYkL3ydb8eccKVM/Lt4=",
              "company_url": "https://www.xing.com/companies/go?name=i7gJaSC5seQM7xnvqbEVAuvIALUZwhuTuK3WqEpuMf8=",
              "jobDuration": "9 Monat ",
              "jobDates": "01/2014 - 09/2014"
            },
            {
              "jobTitle": "KkXaoHLhZACQKysQ/JCpk6mlhnPnE84NLGQQbLGynS8=",
              "company": "O6wv4PAMa2IzfPjrxZLp8zmqHg+NJumOr8laIuNwt5+8=",
              "company_url": "https://www.xing.com/companies/go?name=bOVDBPvKE5VggqBo579w2I0VkmEx8umY4VUwQLbA3ww=",
              "jobDuration": "1 Jahr",
              "jobDates": "03/2011 - 02/2012"
            },
            {
              "jobTitle": "T+vESPnUJ8osuJqcmpnqX0EBoYPKu1GV6EzW14mCeEs=",
              "company": "C/+qd5RgLxsQ4llaq3p/M55nyXSX9rOtY+ahiWnGbjFA=",
              "company_url": "https://www.xing.com/companies/go?name=jA584ubVNr9DIKU323ZlTsD+KLP+t3hkF1CfzbNSCHU=",
              "jobDuration": "3 Monat ",
              "jobDates": "08/2010 - 10/2010"
            },
            {
              "jobTitle": "50/wCY6a/cAs4TA0zusC1jnuKeU1x4G1mqZQe32zNYU=",
              "company": "KsMmfXu+c0wHUtGI5qtkPIwVhRPXfQXyBHqLmCPQ+asE=",
              "company_url": "https://www.xing.com/companies/go?name=poaSZMcNbCntM9LDt4FFFfOiZXTLGBLV3WMMpkY2u+w=",
              "jobDuration": "1 Jahr, 4 Monat ",
              "jobDates": "11/2008 - 02/2010"
            },
            {
              "jobTitle": "msaW5RbkPsQxu18dulULun03OYSpsMlkL+Hne2Yuhxo=",
              "company": "VI3Prq8iHm3Qfv96uF2k20/7YczA/yfbl+jogKR5CHL0=",
              "company_url": "https://www.xing.com/companies/go?name=Nsmo73uMA+6FSGs1D3gFbjgBzzNolReJ9c6/jJas/fM=",
              "jobDuration": "3 Monat ",
              "jobDates": "07/2007 - 09/2007"
            },
            {
              "jobTitle": "kjoEpyM8obvGfYAd9x6BZlYgb7fZtzzUAvIIgfFAf44=",
              "company": "E7qlJ2NjJA0EykZC2dpolNb5sIhyuLxDkMLxysOztjC0=",
              "company_url": "https://www.xing.com/companies/go?name=pknTbAFUgo4EuL+KXgo72taMVdB9bqS3QVv7GwwPQ7k=",
              "jobDuration": "3 Monat ",
              "jobDates": "09/2006 - 11/2006"
            },
            {
              "jobTitle": "DBDBlgAcaVQbKakQAv7UlCFoyvEBgdLBuDWLCO2bcIk=",
              "company": "ÖB+qYfyl3Pu1NcZdwHFKhK5m07nvPtU2Usyvf6z+mL0E=",
              "company_url": "https://www.xing.com/companies/go?name=kHUnFaPl1ElFB8Xd/cvzCZTEmGUYed26DAPJ6RoxWrU=",
              "jobDuration": "3 Monat ",
              "jobDates": "07/2006 - 09/2006"
            }
          ]
        }
      ],
      "languages": [
        {
        },
        {
        }
      ],
      "education": [
        {
          "institution": "wLtEY+KgyTKINBEa761SwPxnc380jC2QSDtwSYbvnfE=",
          "url": "https://www.xing.com/search/members?keywords=j077zZkXiyURVea/OKJVmj3wiHYsu8a0J2aPrzJ3Mi0=",
          "degree": "Public Relations",
          "eduDuration": "09/2015 - 01/2017"
        },
        {
          "institution": "wLtEY+KgyTKINBEa761SwPxnc380jC2QSDtwSYbvnfE=",
          "url": "https://www.xing.com/search/members?keywords=j077zZkXiyURVea/OKJVmj3wiHYsu8a0J2aPrzJ3Mi0=",
          "degree": "Public Relations, 3,92",
          "eduDuration": "09/2012 - 09/2014"
        },
        {
          "institution": "lZJ2BcSZEQ/vF9lvEGHTRmhCYh9MA+CP1ykeIeyE3is=",
          "url": "https://www.xing.com/search/members?keywords=08sLO0lXiSA8xnB8f31EiltpZu+bMLmNDPjq9a+Ex2c=",
          "degree": "Public Relations, 3,69",
          "eduDuration": "09/2005 - 06/2010"
        }
      ]
    },
    {
      "profile": [
        {
          "sex": "f",
          "memberSince_Hits": "3. August 2012 / 729",
          "currJobDescr": "QeQWBsqEJce11sika32Cfirwqy2G9PTdHepBPTNI4Q0=",
          "jobs": [
            {
              "jobTitle": "QeQWBsqEJce11sika32Cfirwqy2G9PTdHepBPTNI4Q0=",
              "company": "RfcPKpFfw4w/baCia7S83FES3W34/BobwbyqYz3bqyuk=",
              "company_url": "https://www.xing.com/companies/go?name=qf+fa6v88ktPuUVgfY97FBiDXo32wP3IHTZfYjQQZMU=",
              "jobDuration": "3 Jahr, 9 Monat ",
              "jobDates": "07/2002 - 03/2006"
            },
            {
              "jobTitle": "9oqwEHgzuBKJMf8SnyhCnYyBmW6jphLB1KyQmYMNXow=",
              "company": "M0qoEyAv+d7LRDoS75pHa5DnzzvNi92bLrNSiIyubxDk=",
              "company_url": "https://www.xing.com/companies/go?name=6Cf5A+giAeIFlG7iNMVM71BbNEGIaZlnJBsc7jmsGsg=",
              "jobDates": "bis heute"
            },
            {
              "jobTitle": "yNKttRKSbdytfqkcgIDmOkQ4IRKGiCoXnNwE6P2qSVw=",
              "company": "SUoQtuqmo2cSCNGitZAgkXJ/hUCQ31AwRsblXuUYDKiM=",
              "company_url": "https://www.xing.com/companies/go?name=F8t0tNpKJDtEAFGWnJlzoSUyizrFTE98jCj4AEWc0Bg=",
              "jobDates": "2005 - 2012"
            },
            {
              "jobTitle": "o+i7Lu+WRF4RztWy6vz8bO+7WVr6J232SlG0P+4kf2A=",
              "company": "M0qoEyAv+d7LRDoS75pHa5DnzzvNi92bLrNSiIyubxDk=",
              "company_url": "https://www.xing.com/companies/go?name=6Cf5A+giAeIFlG7iNMVM71BbNEGIaZlnJBsc7jmsGsg=",
              "jobDuration": "2 Jahr, 1 Monat",
              "jobDates": "04/2007 - 04/2009"
            },
            {
              "jobTitle": "ihBZGtT4AYkRxZxalZ1gg1GGlUUtayQW6Yq8lggveeE=",
              "company": "A/ea77rgTPGcZWfswtyUXAYUhufym3Vv+ZC6nxmhp3qA=",
              "company_url": "https://www.xing.com/companies/go?name=25Eg3p02JwqYyCaH6ZMz17QpecpIWTYtRzmHNjRzy3A=",
              "jobDuration": "1 Jahr, 5 Monat ",
              "jobDates": "11/2004 - 03/2006"
            },
            {
              "jobTitle": "ihBZGtT4AYkRxZxalZ1gg1GGlUUtayQW6Yq8lggveeE=",
              "company": "ADMQHsqtVWqp5nzI0B6QqwKJSq3KmULPJohpiKEBqgbU=",
              "company_url": "https://www.xing.com/companies/go?name=EbVEyJTsFq4JDosHoOEt85XlF0Bu2bbSs3WuGILg+5k=",
              "jobDates": "2004 - 2006"
            },
            {
              "jobTitle": "EYsmJ62jzRTbLwoAuPw78T6/kI7/aBwP3gGgFZvZY5Q=",
              "company": "KNe+BSE/Y4QktEjI8OEhSLPvzDMHyJj7Ha2tuB+iaCXM=",
              "company_url": "https://www.xing.com/companies/go?name=JITJJNgVFKehBSdH6gBAj7v3RTAJNCbRIA6xBlZ/zqg=",
              "jobDuration": "2 Jahre",
              "jobDates": "08/2000 - 07/2002"
            },
            {
              "jobTitle": "F7IPBw6lfnuNjNXNV3JsFSBohfGGd66a1pHJkdfjyek=",
              "company": "MiMKzhMfB83NgrZ5ECwBQwO7aDZq4dafnbAcY5Hp9f6M=",
              "company_url": "https://www.xing.com/companies/go?name=K8ptPUHisjDsSYsRAwZwAFaf+YNlRdDLlsYWMhUlA4A=",
              "jobDuration": "1 Jahr, 1 Monat",
              "jobDates": "01/1996 - 01/1997"
            }
          ]
        }
      ],
      "languages": [
        {
        },
        {
        },
        {
        }
      ],
      "education": [
        {
          "institution": "s1z02GgThrPbE3GLbuH5PFdyYfFJ6Hn6tZOK2mRAg8A=",
          "url": "https://www.xing.com/search/members?keywords=+td02QfKYQnKdy5XWxqv2tA5Lh4jggNg5SbjcwdYNGQ=",
          "degree": "Journalism, BA, MBA",
          "eduDuration": "1976 - 1982"
        }
      ]
    },
    {
      "profile": [
        {
          "sex": "f",
          "memberSince_Hits": "28. Juni 2013 / 496",
          "currJobDescr": "D/q6JuzzzAnj3i7ijuvfpLjZaKqBi2L1CYvI/NWLano=",
          "jobs": [
            {
              "jobTitle": "D/q6JuzzzAnj3i7ijuvfpLjZaKqBi2L1CYvI/NWLano=",
              "company": "EiYTRGgMw+JATRsFxiTjTw4f6VLX/48Isnvus1jqePKo=",
              "company_url": "https://www.xing.com/companies/go?name=DxjuPf7C3al3/cfrx3L75ylfZrlWGwt+CuM86SLIeh4=",
              "jobDuration": "2 Jahr, 8 Monat ",
              "jobDates": "06/2014 - 01/2017"
            },
            {
              "jobTitle": "9oqwEHgzuBKJMf8SnyhCnYyBmW6jphLB1KyQmYMNXow=",
              "company": "G/RRzpEk4IwBVEs+vCqB4u5nH6Ydxb0MVhXty13ndhL0=",
              "company_url": "https://www.xing.com/companies/go?name=YFl8AhndAhGxH4UW80T9LCYJdp54h7gTw1Ft7KZhQcw=",
              "jobDates": "bis heute"
            }
          ]
        }
      ],
      "languages": [
        {
        }
      ]
    },
    {
      "profile": [
        {
          "sex": "f",
          "memberSince_Hits": "1. März 2016 / 644",
          "currJobDescr": "oUJ/U0UWxxXAkE6IpaTUNkF5Hl9KMX+ErG6YgIM1Q+A=",
          "jobs": [
            {
              "jobTitle": "9oqwEHgzuBKJMf8SnyhCnYyBmW6jphLB1KyQmYMNXow=",
              "company": "Hx/vx28yxyPW//m1lNArw+46EfeJ270MsNBmLtCmmev8=",
              "company_url": "https://www.xing.com/companies/go?name=gXHkK0SvumZM8dpYbJtmcUYzi3msmhT+HJvzHd5gTnY=",
              "jobDuration": "1 Jahr, 3 Monat ",
              "jobDates": "11/2015 - 01/2017"
            },
            {
              "jobTitle": "u1NF+z7dKFGcJNbBqyDjuLqEEV8kEbkpSZGrZ79Y0dM=",
              "company": "PqzDu434cApbc6p1VerW97SjPvb5IgJGoQiG8rvR1ZxE=",
              "company_url": "https://www.xing.com/companies/go?name=xk3cn8LeUgqQC0m66eLPSgUF37Vgv6WfMR2bjU2T6Lg=",
              "jobDuration": "1 Jahr, 11 Monat ",
              "jobDates": "03/2015 - 01/2017"
            },
            {
              "jobTitle": "ZlPtW0le/gnmDhv+Zzsg0ZvjwWz1nXoHLGCiU+Dl9tk=",
              "company": "VtR+c/tRzYCDONR8E+oKNKvpuONIII3K6npLD3n1DqNQ=",
              "company_url": "https://www.xing.com/companies/go?name=B/s0I1nvy18Kvvp+blo1KrZhZrcXp0Lce3giPXZ1g5U=",
              "jobDuration": "2 Monat ",
              "jobDates": "09/2016 - 10/2016"
            },
            {
              "jobTitle": "ZlPtW0le/gnmDhv+Zzsg0ZvjwWz1nXoHLGCiU+Dl9tk=",
              "company": "Sc6T0sm/jk5gjPg9yi6O0DuX+qx6jWX3tvOWe0z5HYFM=",
              "company_url": "https://www.xing.com/companies/go?name=kFd10Nk1A0ZHkFSp2rbBUdgwR+HyKFlKqA2pypgAl4s=",
              "jobDuration": "3 Monat ",
              "jobDates": "03/2016 - 05/2016"
            },
            {
              "jobTitle": "GOuQ5rZR4CBPUh7Ja3GDCkT0J0kpSqCcy5BRa37ioHQ=",
              "company": "Sf/4wY2Prc0chveJg/QCF5Iw8r3fw3piqgGwMx3tGu94=",
              "company_url": "https://www.xing.com/companies/go?name=18yOwo5rk1dv2slE8OLocaAQFf0x9IhlNFw7q7oh2Ag=",
              "jobDates": "2010 - 2014"
            },
            {
              "jobTitle": "ZlPtW0le/gnmDhv+Zzsg0ZvjwWz1nXoHLGCiU+Dl9tk=",
              "company": "S398GC7qaPvGdPuotDgjjPHn+NbHGFTatLQ/T6lec0Wo=",
              "company_url": "https://www.xing.com/companies/go?name=uG9C3LkIwyluHQ/V+WNFjbZqXLZ/JlC3J8uGM76Xw6w=",
              "jobDates": "2013 - 2013"
            },
            {
              "jobTitle": "WdAJNDGG5NfBt5xVg8MKbP/MeRDUflcPqeGzOR8awrY=",
              "company": "Ua5F0fBuN2d0qFsyvEGsD5fF34GsqPhsdEDP2Ea471ss=",
              "company_url": "https://www.xing.com/companies/go?name=gqf8H59cOrplkETE3KOD7KvKVMwlegJ8SuWLSiUmTsM=",
              "jobDates": "2013 - 2013"
            },
            {
              "jobTitle": "W4ws5UWi5rwB1stPjK9qPQZg79CUr08JTAHj1+2NhEI=",
              "company": "ro83xOstS5jWsX+YC3k9m1R8AB3j/9qTME3XCyzDn5Eg=",
              "company_url": "https://www.xing.com/companies/go?name=+iEKyvRo68+h4+Bj7Ld3CGBTQ85rRwQW/6DI1ePLyQA=",
              "jobDates": "2011 - 2013"
            },
            {
              "jobTitle": "W4ws5UWi5rwB1stPjK9qPQZg79CUr08JTAHj1+2NhEI=",
              "company": "SsIMEnZnkWoit3T4xUTC9qx/utCQiEmQuA7r+prO+XAs=",
              "company_url": "https://www.xing.com/companies/go?name=1Z0U0OxsJcg8j5hpdwOrgZ2PlWB3D6bW5s+ml3YBXDs=",
              "jobDates": "2011 - 2012"
            },
            {
              "jobTitle": "ZlPtW0le/gnmDhv+Zzsg0ZvjwWz1nXoHLGCiU+Dl9tk=",
              "company": "GoYGhHlrudVtfrA4olSW10OqnZ7x4S+zFxYTDvaOEWu8=",
              "company_url": "https://www.xing.com/companies/go?name=QhOw2QDNEpupJiiwuVa5NZed8U2/8qLHGbOqDmZ3NGI=",
              "jobDates": "2011 - 2011"
            },
            {
              "jobTitle": "ZlPtW0le/gnmDhv+Zzsg0ZvjwWz1nXoHLGCiU+Dl9tk=",
              "company": "ClmGrSESjflHdO4Zgxy+utycSHfQjY6ncy1LbtcEkFKE=",
              "company_url": "https://www.xing.com/companies/go?name=X6VICN+ASuDsWM26F+o2+NQ1PtXnhWje3NfKppESj+A=",
              "jobDates": "2010 - 2010"
            }
          ]
        }
      ],
      "languages": [
        {
        },
        {
        },
        {
        }
      ],
      "education": [
        {
          "institution": "H/lkV/1ctKbdCETqTj0mf4ruaGlzrxrxCCTqv06ujTA=",
          "url": "https://www.xing.com/search/members?keywords=2U4RNG+FZh9pExH44g4/egy0spOqTavqGIy8wAMKN2A=",
          "degree": "Lehramt, Auslandssemester",
          "eduDuration": "2013 - 2014"
        },
        {
          "institution": "9J+L9piVkkg1ySJaGfFAB1qoPMO8gair263rIcLpxWU=",
          "url": "https://www.xing.com/search/members?keywords=0NWpbJp0uXuf3xddyaEGO4+GDSkfz7CMXq7AHCqjZ6M=",
          "degree": "Lehramt, Bachelor of Education",
          "eduDuration": "2012 - 2015"
        },
        {
          "institution": "a5F0fBuN2d0qFsyvEGsD5fF34GsqPhsdEDP2Ea471ss=",
          "url": "https://www.xing.com/search/members?keywords=BJ/dmSdusxEAYPClbhL/z0uul8qBCuTJ9HRvSQ+sYKQ=",
          "degree": "Lehramt, Master of Education"
        }
      ],
      "awards": [
        {
        },
        {
        }
      ]
    },
    {
      "profile": [
        {
          "sex": "m",
          "memberSince_Hits": "16. Januar 2009 / 2226",
          "currJobDescr": "8RDtSZfiFceHlc2GWXwGzLKOakm4SHurQS6or9n82wk=",
          "jobs": [
            {
              "jobTitle": "8RDtSZfiFceHlc2GWXwGzLKOakm4SHurQS6or9n82wk=",
              "company": "wKwzpL7WPMMXLb/dFHIBNUz7TGZo9+ADSp0xFixpTEQA=",
              "company_url": "https://www.xing.com/companies/go?name=0yH9YSOpKi/JpIacbGxig7aMF06h79KjB5CjTdsCaT4=",
              "jobDates": "2008 - 12/2009"
            },
            {
              "jobTitle": "iSBn58WfDjK1OI5J6dHtwn/1t7mLJhT7W9JJuIPwWtw=",
              "company": "B7hq2U8GLz5tiiesu6oIc7Wk8Kf+ijO7KGqz3PbbvvME=",
              "company_url": "https://www.xing.com/companies/go?name=/7qtzGy0GWPbTdZ7cj0yKPEqglawgfSsUVAoDoNVkt4=",
              "jobDuration": "5 Jahre",
              "jobDates": "02/2012 - 01/2017"
            },
            {
              "jobTitle": "296LpzWLJU1DeiKHfCCvsvkxW/pzp9lTSiJfs1sbThk=",
              "company": "İUMH4CsRRVicyMg9F5m90AVgl7g4B75frYDHmesczKNo=",
              "company_url": "https://www.xing.com/companies/go?name=faG9H6/jQc7UO8U6NoJBN2bEl8EzsLXjdNhjwVhUmuk=",
              "jobDuration": "4 Jahr, 2 Monat ",
              "jobDates": "11/2004 - 12/2008"
            }
          ]
        }
      ],
      "languages": [
        {
        },
        {
        }
      ],
      "education": [
        {
          "institution": "UMH4CsRRVicyMg9F5m90AVgl7g4B75frYDHmesczKNo=",
          "url": "https://www.xing.com/search/members?keywords=41STWy7L8XBLM5smeDuhUWOVXVn9o2tjHW+kGz0jEEg=",
          "degree": "Dış Ticaret",
          "eduDuration": "09/2003 - 06/2006"
        }
      ]
    },
    {
      "profile": [
        {
          "sex": "f",
          "memberSince_Hits": "14. Mai 2005 / 3887",
          "currJobDescr": "ISkewZGoHKF7RZCZtSKs2XKc4i46wPvGsXP4FDIHY7Y=",
          "jobs": [
            {
              "jobTitle": "ISkewZGoHKF7RZCZtSKs2XKc4i46wPvGsXP4FDIHY7Y=",
              "company": "DpZY0gpN/pxOs/PWf5tDidXJ14Eft52AXHdx/M3Gjzus=",
              "company_url": "https://www.xing.com/companies/go?name=iEOaiq0OIqQkj4VP3tbIYiNU5iI1LgTpIXpwASTIGLo=",
              "jobDuration": "5 Jahr, 5 Monat ",
              "jobDates": "09/2011 - 01/2017"
            },
            {
              "jobTitle": "9oqwEHgzuBKJMf8SnyhCnYyBmW6jphLB1KyQmYMNXow=",
              "company": "UisWqFguY0t56f2h5odp6Kr6Oe1U1TfxOt2rFyUk/sKU=",
              "company_url": "https://www.xing.com/companies/go?name=NkgQW9VO87qNu2GDsvNiVodgC1ga6h7H2u5PTA0T9wM=",
              "jobDates": "bis heute"
            },
            {
              "jobTitle": "JGW6Mw5a7mD4/2Q14TM8MyUyKZ9uOLgwvVDrjfuwc6g=",
              "company": "P5KAkvJUtZrw3nP+Z3M4YAqgskfAo0fG7CHar1dkIG+I=",
              "company_url": "https://www.xing.com/companies/go?name=rTqM2xSEM6SEyE2bnkmaPol5Rz1Ujc1tuYVZx/ftPOs="
            },
            {
              "jobTitle": "yX5vRjmf0UjgmYoPJFV+JlFvUSVNJRNo+t6VZH/jOpE=",
              "company": "Ob2CIPG5ydEiM1HzT2dkhjU694wLLWSKTxX43MmLeMnw=",
              "company_url": "https://www.xing.com/companies/go?name=e+JHcL4pCh2tINT0s2skK/K/yjtSRBUPv2NmtGVIhgI="
            }
          ]
        }
      ],
      "languages": [
        {
        },
        {
        }
      ],
      "education": [
        {
          "institution": "5a1TKhjpxLNJ0VnID5c/7SqSszQS4zrfcQmGY+EIj68=",
          "url": "https://www.xing.com/search/members?keywords=LTMjgYMv2kQxkJtQI2Jc35+YkB1oD+ovywXelXYmoGk="
        }
      ]
    },
    {
      "profile": [
        {
          "sex": "f",
          "memberSince_Hits": "25. Mai 2011 / 1413",
          "currJobDescr": "xzr8eVRWdH83uG0Deae+y8LApxwHd6v+jgbPmQnYFPI=",
          "jobs": [
            {
              "jobTitle": "xzr8eVRWdH83uG0Deae+y8LApxwHd6v+jgbPmQnYFPI=",
              "company": "LuYsxMkhfOsEJw026LTAtQLeA42Nfly6CDVQcFmuLJCE=",
              "company_url": "https://www.xing.com/companies/go?name=XOvuMnvVrlAELXzQcJIGFV/EWVKgeCgA+1oFug7Gph4=",
              "jobDates": "2000 - 01/2017"
            },
            {
              "jobTitle": "qpRPdc5wHljyIuL8Snkw+VTrRlnuJNX34dlB5/rXd+M=",
              "company": "HMEiSPMaaLa+cS7ulv2508x3dY1j3AeoTLM3UDC+yjMY=",
              "company_url": "https://www.xing.com/companies/go?name=Hh9jZ9LEJWB4riBM3z4mnmMSqi2JwnNiKouuMvIMYsE=",
              "jobDates": "2011 - 01/2017"
            },
            {
              "jobTitle": "iwU6TDFIFmOEc9EUUjMO8MQQgoQN8wF3UjYeOZMWgo4=",
              "company": "I9XAH4aO+BJVcOJ0Ryx2Sbgsng2TtXodfXgY1t8qL6aA=",
              "company_url": "https://www.xing.com/companies/go?name=vIK2GWF3pmKNFZkgQ+UaRolYOVOp2YJudRsxkAFyrN4=",
              "jobDates": "2011 - 01/2017"
            },
            {
              "jobTitle": "GxhtusMJ7VqJxKC8TWTeOLyulhjHU2kw4229RqRVIg4=",
              "company": "MFpNvtLIV5lM6Dt4Ul3Af781EZwHBTFR4aAhU+aKkmeA=",
              "company_url": "https://www.xing.com/companies/go?name=1nBtUdAjkX9Q+gpGCEXVkm+fDeNpgnLHZuQsoIwGGt4=",
              "jobDates": "2006 - 01/2017"
            },
            {
              "jobTitle": "Rvpt+fiYEf3/0iF4CjfmU7x0sP//xQwQctfbR4HDW6Y=",
              "company": "Hwli68RDfZg+rgoDSw6lbWPTU9Z2hSSc4uK2+NSOekxc=",
              "company_url": "https://www.xing.com/companies/go?name=8axkvytYiWqi9MEFFJzFrIvI/MZWNgcn9ZSXR8r6y6g=",
              "jobDates": "2001 - 01/2017"
            },
            {
              "jobTitle": "yl9si8rmEoBldCBq25BdNVO54KM8t+NVMKmokTjZBmU=",
              "company": "Ck6IM5G+PlpNFSaHB+JM8rxBbYBoplBxiSMqsPMFBLF8=",
              "company_url": "https://www.xing.com/companies/go?name=fY/w0Fo0lqnEH6cc/TirPe4fABTNDRte47bivBio0uw=",
              "jobDates": "2001 - 01/2017"
            },
            {
              "jobTitle": "C1j6gNxjSE/JJDk1WetwkXsXQ5x0C000SuKDC/sFR5w=",
              "company": "MFpNvtLIV5lM6Dt4Ul3Af781EZwHBTFR4aAhU+aKkmeA=",
              "company_url": "https://www.xing.com/companies/go?name=1nBtUdAjkX9Q+gpGCEXVkm+fDeNpgnLHZuQsoIwGGt4=",
              "jobDates": "2003 - 2013"
            },
            {
              "jobTitle": "9oqwEHgzuBKJMf8SnyhCnYyBmW6jphLB1KyQmYMNXow=",
              "company": "CEsGd86Hg9sEJO2iCauSFScNtoEuiBf8UColXsLYWIl4=",
              "company_url": "https://www.xing.com/companies/go?name=c+odtDiRAW/3bA/ivxAp9NHGeO8fauG0l+mEMvmSOHQ=",
              "jobDates": "1997 - 2000"
            },
            {
              "jobTitle": "JQL10VOdF0GNaaQZqGozoRi/PAgXJFR4YZCqzCBRsBA=",
              "company": "UI1HnnijWmUmKfHpiIJyYFDRdO8FN69x2Zo0UJQJ5+co=",
              "company_url": "https://www.xing.com/companies/go?name=/wXd4WezYPuizH2Ka2Jpas4D23O+f5ayoDRwBUjmUDc=",
              "jobDates": "1987 - 1997"
            }
          ]
        }
      ],
      "languages": [
        {
        },
        {
        },
        {
        },
        {
        }
      ],
      "awards": [
        {
        },
        {
        },
        {
        },
        {
        },
        {
        }
      ]
    },
    {
      "profile": [
        {
          "sex": "f",
          "memberSince_Hits": "19. August 2013 / 587",
          "currJobDescr": "QeQWBsqEJce11sika32Cfirwqy2G9PTdHepBPTNI4Q0=",
          "jobs": [
            {
              "jobTitle": "QeQWBsqEJce11sika32Cfirwqy2G9PTdHepBPTNI4Q0=",
              "company": "CCFmMLYB4ykSr+tpbJpJUDdAytSeRIH3OrjBZNigNiS0=",
              "company_url": "https://www.xing.com/companies/go?name=AzRb06Bj+CyVZl8GHpjHlVkeTFLZXC19lZUi0BGnXi8=",
              "jobDates": "2004 - 01/2017"
            },
            {
              "jobTitle": "ccrT99AxSqbO1MqMuk/tc074fba5xf0Pydgw+acyHnk=",
              "company": "UDWsuhNVH4WEq2XgQVx9dCleua/MMMRPN8r+YZhDXzuI=",
              "company_url": "https://www.xing.com/companies/go?name=0paVkGfUHFxlj0VJBp2cJfKAGzJh8BziySlUvFt/RHs=",
              "jobDates": "2001 - 2003"
            },
            {
              "jobTitle": "PGx7lLaPbcQFY1DH/yuToaeTDP8ejpLr47lG90iOafY=",
              "company": "Hxk8/VhK8cmuCNnAZ0MWoCIWC/jBKyhf0PqzNeYDTCpo=",
              "company_url": "https://www.xing.com/companies/go?name=QjKIdtCNmvg07hdL3Sx5FJ9iiNYBRtYtEz9TgL4YqZw=",
              "jobDates": "1993 - 1995"
            },
            {
              "jobTitle": "RbZJAWqnDO+2HyP04id7dU+bwdLYztwO41ERoB9HJq0=",
              "company": "P+/s5eaL7UlG89ybnVDlRMaEaiyjmWFvn7RyKzZGpFyY=",
              "company_url": "https://www.xing.com/companies/go?name=Ef3n0XxdwD8S8eHHfmaV+1Oj6cdW+QbS5zXs6IWC5fw=",
              "jobDates": "1992 - 1993"
            }
          ]
        }
      ],
      "languages": [
        {
        }
      ],
      "education": [
        {
          "institution": "m4mxRcUx7Yy/YLhdXu6033a58UdfDwTw137EBs1NhqI=",
          "url": "https://www.xing.com/search/members?keywords=kOX7kQ+QDChzAPKXfJrFUZmS6u8R/rH7SbXtUwMKFrY=",
          "degree": "Journalism, Public Relations",
          "eduDuration": "1985 - 1989"
        }
      ]
    },
    {
      "profile": [
        {
          "sex": "m",
          "memberSince_Hits": "27. Januar 2011 / 4849",
          "currJobDescr": "VSRERpafHQnhV8OHru+4DzZJ8+3uA/GJsSqcJzLMzhI=",
          "jobs": [
            {
              "jobTitle": "VSRERpafHQnhV8OHru+4DzZJ8+3uA/GJsSqcJzLMzhI=",
              "company": "OrSNVyuZwA4R5YsfJh6DpP3mN+SB+2qyAv0LnuBUIdfA=",
              "company_url": "https://www.xing.com/companies/go?name=d5FDAYPZ9Zt2TKjauRK7m9GfLYOHhoYAEX6n+AY5Igo=",
              "jobDuration": "3 Jahr, 11 Monat ",
              "jobDates": "03/2013 - 01/2017"
            },
            {
              "jobTitle": "/QyQHedVDx/o8hT3dWCnY1gaAIrUoiQ/XDFqFwsLSrA=",
              "company": "SLgQeZyT4TW3iKf6bczSaCIrga0vlr1X7W70JokPb73M=",
              "company_url": "https://www.xing.com/companies/go?name=FifAVrpbHmjEIvAYB9gOBVw9y/QLBPcMv0B8yLBLrJQ=",
              "jobDuration": "5 Jahr, 4 Monat ",
              "jobDates": "10/2011 - 01/2017"
            },
            {
              "jobTitle": "xHMuvCPBL6KVYevcYZQspP1lIq9Vi61gNT+yIZrw3PQ=",
              "company": "I7dVv+A52khoyj5UVGRq4anaa/UDAVTehzQuEMyqAa6g=",
              "company_url": "https://www.xing.com/companies/go?name=31N9vBe9l5b6FfROQffPTrLq2U91vkzF9gpsxzh0LNs=",
              "jobDuration": "7 Monat ",
              "jobDates": "07/2012 - 01/2013"
            },
            {
              "jobTitle": "klszm4zKCFt4rg/vBu3RqR9MAEkfsuwCngoAVyqx6zc=",
              "company": "SqONBoC8qnQqROpO8qtoL1PglYA8jw6Q2Fn9hSCafB9s=",
              "company_url": "https://www.xing.com/companies/go?name=BnBTzQxEh5jzHxt2WXSSvp3B+gzJQjL+EHU5Lz2KNRY=",
              "jobDuration": "3 Jahr, 3 Monat ",
              "jobDates": "05/2008 - 07/2011"
            },
            {
              "jobTitle": "vB1OPaCWaHau4qu9ag5LycrQooz664ZKPQElDfSn4fw=",
              "company": "F20f9W1zsZ9Ves8Dv2SfOOeD5FUqampDVZyApkoArQq8=",
              "company_url": "https://www.xing.com/companies/go?name=nCdJR7VSXsQx9AXhm4bx0IcNif9RcpmX1F/a5ffqrmI=",
              "jobDuration": "2 Jahr, 4 Monat ",
              "jobDates": "01/2006 - 04/2008"
            },
            {
              "jobTitle": "HaJ6vHeJNQGNPpWk2qhMLDOwM+vPyaK2r4IwJo0ANDg=",
              "company": "CaOazvDsyJjxpRiRLwIXfFzpFVf0ngXwsW3PtxvWR3uM=",
              "company_url": "https://www.xing.com/companies/go?name=4H5vExPspmqz3o+er88RfHm6H7VLpsX2jYWbgUpaH9c=",
              "jobDuration": "4 Jahr, 1 Monat",
              "jobDates": "04/2004 - 04/2008"
            },
            {
              "jobTitle": "ICBZu+1ZkLTC7Cc3ba0Hq+O+uFUSfQxULxuiiGOyPP0=",
              "company": "RHTZVnmhzfsw1G+d0tyZxy/d4hl9rHlWvndOAj8Yq31c=",
              "company_url": "https://www.xing.com/companies/go?name=23KYH5JtjOoiMLcR5YZUu+Z6Y4nUPZJ2Pzc0L9ouDvY=",
              "jobDuration": "3 Jahr, 9 Monat ",
              "jobDates": "04/2002 - 12/2005"
            },
            {
              "jobTitle": "73dns6ifU3CvtuDjmtLIt2NapaAcx47CQwMUpv/F5c8=",
              "company": "B4deiuIetMe+ZRW8HZBt2Otu7dt/MjPikt13inKUGhas=",
              "company_url": "https://www.xing.com/companies/go?name=jXO9/fSAnLb5gljaOQKGXduy6ZqcnDoLeA8S24RqiIs=",
              "jobDuration": "2 Jahr, 10 Monat ",
              "jobDates": "11/1998 - 08/2001"
            },
            {
              "jobTitle": "qsyJmPsdQaBDBTQAL9NafLDAt+eB1D4HskMS7ggUpRc=",
              "company": "TCskcmNEp+kmjxUBEu2mw6dNvfPyGFzbB1GsW3k8v9xQ=",
              "company_url": "https://www.xing.com/companies/go?name=Zc+VYcaPxVOEVFzRhpWvlxG/N6ea00C4ftrxhjrx0fE=",
              "jobDuration": "2 Jahr, 6 Monat ",
              "jobDates": "11/1995 - 04/1998"
            },
            {
              "jobTitle": "qsyJmPsdQaBDBTQAL9NafLDAt+eB1D4HskMS7ggUpRc=",
              "company": "BlBEY45jrd0Dw89DD7uUQ5j/0cJ1PDB++wgYvDHDXe0A=",
              "company_url": "https://www.xing.com/companies/go?name=9up3zaK478+fGZigq4TXxE6hvc1yqxbm9xP4aD3zWB4=",
              "jobDuration": "3 Jahr, 8 Monat ",
              "jobDates": "03/1992 - 10/1995"
            },
            {
              "jobTitle": "4ydDLVhzbK+rqoND2AByovHq7L4gzRILCQRSSUG2Nfw=",
              "company": "Re1dA5LlqMaaJfCHL3emGNUySuDdIhkhmPbTuUngA4vc=",
              "company_url": "https://www.xing.com/companies/go?name=7wP/k+r1STLwElhDdkXvm/5SAb+OGxrtDGa+OzJvbco=",
              "jobDuration": "2 Jahre",
              "jobDates": "03/1990 - 02/1992"
            },
            {
              "jobTitle": "9JQQty4mfCQ1T5ddfshWluCQHhKnLk/Fy8K8IuHaCuk=",
              "company": "D62X3BzhbtFWzbPoj8T8ShNk2s90db7DWItkwIg/3fTw=",
              "company_url": "https://www.xing.com/companies/go?name=pbBbKH5FD4MJqq4BH725vzQB4ILSRIZtJi8GNMJ5/sE=",
              "jobDuration": "2 Jahr, 6 Monat ",
              "jobDates": "09/1987 - 02/1990"
            },
            {
              "jobTitle": "9oqwEHgzuBKJMf8SnyhCnYyBmW6jphLB1KyQmYMNXow=",
              "company": "Ag2Bon/Kb2SKYgmcl5Na5p16f6CkV4z20UmAccvCYUq0=",
              "company_url": "https://www.xing.com/companies/go?name=P+qurH5c3xd0bfXj8DYHY+UzuuYKp11lFP6Ak19SPQA=",
              "jobDuration": "1 Jahr",
              "jobDates": "09/1986 - 08/1987"
            }
          ]
        }
      ],
      "languages": [
        {
        },
        {
        }
      ],
      "education": [
        {
          "institution": "2PsiFUt0DmhKT7yCoShyQEEQNDfzWG7Qxy03j3OgDQk=",
          "url": "https://www.xing.com/search/members?keywords=IruSvwnIO/ElEiz2nxC3bVzWwwqGBBZAHvqJqxOR+XI=",
          "degree": "Search Engine Marketing (SEO & SEA), Certificate",
          "eduDuration": "12/2011 - 12/2011"
        },
        {
          "institution": "2PsiFUt0DmhKT7yCoShyQEEQNDfzWG7Qxy03j3OgDQk=",
          "url": "https://www.xing.com/search/members?keywords=IruSvwnIO/ElEiz2nxC3bVzWwwqGBBZAHvqJqxOR+XI=",
          "degree": "Online Marketing Strategy, Certificate",
          "eduDuration": "11/2011 - 11/2011"
        },
        {
          "institution": "2PsiFUt0DmhKT7yCoShyQEEQNDfzWG7Qxy03j3OgDQk=",
          "url": "https://www.xing.com/search/members?keywords=IruSvwnIO/ElEiz2nxC3bVzWwwqGBBZAHvqJqxOR+XI=",
          "degree": "Social Media Best Practice (Blogs, XING, Facebook, Twitter & Co.), Certificate",
          "eduDuration": "11/2011 - 11/2011"
        },
        {
          "institution": "H69NMld43Qs+PigksSqFKnOI8MFtMoau7H7bz92dyYw=",
          "url": "https://www.xing.com/search/members?keywords=Sd5GUDS5LnjiRyu8+ca5qgOpg0+6d79Pwp2AAayitEI=",
          "degree": "Multi-Project Management in Marketing, Certificate",
          "eduDuration": "10/2011 - 10/2011"
        },
        {
          "institution": "2PsiFUt0DmhKT7yCoShyQEEQNDfzWG7Qxy03j3OgDQk=",
          "url": "https://www.xing.com/search/members?keywords=IruSvwnIO/ElEiz2nxC3bVzWwwqGBBZAHvqJqxOR+XI=",
          "degree": "Web Analytics, Certificate",
          "eduDuration": "10/2011 - 10/2011"
        },
        {
          "institution": "E6MI2B1ZgI5M8RKLibL274G80SZ11YF5pxkLnqYhPVc=",
          "url": "https://www.xing.com/search/members?keywords=E6MI2B1ZgI5M8RKLibL274G80SZ11YF5pxkLnqYhPVc=",
          "degree": "German, Exam Certificates: Grundstufe / Mittelstuffe / Oberstufe",
          "eduDuration": "09/1997 - 12/2001"
        },
        {
          "institution": "UvYFHLFGWN9YELqhjiEyLUkyNU9BWoc4d27MJC9i9Yo=",
          "url": "https://www.xing.com/search/members?keywords=CaJ2sgVYjnnxJisO4335rNEhMCvFHKJ895Du905SWG8=",
          "degree": "Marketing Communications, BA",
          "eduDuration": "01/1992 - 12/1994"
        },
        {
          "institution": "2aSQffatbVAjCMK57PhoEog4AuSvhlQ/w9g46iwGi6U=",
          "url": "https://www.xing.com/search/members?keywords=bGXkM5Hu8uciXyEfs/fP8owfJp+6/B7Puv6CUj36Nqs=",
          "degree": "Graphic Design & Production, Professional Certification as Graphic Designer",
          "eduDuration": "01/1988 - 12/1989"
        },
        {
          "institution": "BTZUJ+cIhRIW9+Dsd9J+epzeDVWwZCvSEYzROPBclrQ=",
          "url": "https://www.xing.com/search/members?keywords=YSnrYM4p/0K3/ESJCc4e/BEuDIN575h4e/x5NR5bCOI=",
          "degree": "Journalism, Communications Studies, BA Journalism, BA Communications Studies",
          "eduDuration": "09/1982 - 08/1986"
        }
      ]
    }
  ]
}
