{
  "category": "Dental Assistant",
  "dominantSexXing": "f",
  "profiles": [
    {
      "profile": [
        {
          "sex": "f",
          "memberSince_Hits": "12. März 2010 / 723",
          "currJobDescr": "UDx9dbu11t+chsSDW3bP9U1rgkDu0XPvAmQuA9X2P7g=",
          "jobs": [
            {
              "jobTitle": "UDx9dbu11t+chsSDW3bP9U1rgkDu0XPvAmQuA9X2P7g=",
              "company": "-7iGgXMH4Udmk0O880dH8PMVDivwTL3EGHyWOjHQr8MU=",
              "company_url": "https://www.xing.com/companies/go?name=5633dMTDq6GDiX8T3PzAQyCL0cwuFLA3+FmZW9AM5lU=",
              "jobDates": "bis heute"
            }
          ]
        }
      ],
      "languages": [
        {
        }
      ]
    },
    {
      "profile": [
        {
          "sex": "f",
          "memberSince_Hits": "21. Mai 2015 / 136",
          "currJobDescr": "Q9cU/rELZtpacIyJQors8r7un+GUywtP+Wjv1O73Ws0=",
          "jobs": [
            {
              "jobTitle": "Q9cU/rELZtpacIyJQors8r7un+GUywtP+Wjv1O73Ws0=",
              "company": "Dn6+/8TayRY8IEvfmhix9qz6OrIo0xiThAtBABTK9nAo=",
              "company_url": "https://www.xing.com/companies/go?name=fW5H81+nag5l+mOJfcbRy8tvcMIEOkBSgMIXxZwojnQ=",
              "jobDuration": "8 Jahr, 5 Monat ",
              "jobDates": "09/2008 - 01/2017"
            }
          ]
        }
      ]
    },
    {
      "profile": [
        {
          "sex": "f",
          "memberSince_Hits": "22. Januar 2009 / 735",
          "currJobDescr": "UDx9dbu11t+chsSDW3bP9U1rgkDu0XPvAmQuA9X2P7g=",
          "jobs": [
            {
              "jobTitle": "UDx9dbu11t+chsSDW3bP9U1rgkDu0XPvAmQuA9X2P7g=",
              "company": "U/FnKvYFoEiVLRyNH7TI7dhBQ/TXebQL6AISaky0o4Gs=",
              "company_url": "https://www.xing.com/companies/go?name=C6QALTaYwSnlQRx0cFYEXzNuI4JwFrWcjjWGxtE7JGU=",
              "jobDates": "bis heute"
            }
          ]
        }
      ],
      "languages": [
        {
        }
      ],
      "education": [
        {
          "institution": "mcfUGnzRa+r5qeGZpRiQU1TBL8x89BBFq5ILPEtc1eU=",
          "url": "https://www.xing.com/search/members?keywords=oIPFApKrzqI2RCylp498urjfvkXsOBqW2p3++6cwMdk=",
          "degree": "Dental Assisting, N/A"
        }
      ]
    },
    {
      "profile": [
        {
          "sex": "f",
          "memberSince_Hits": "28. März 2008 / 837",
          "currJobDescr": "UDx9dbu11t+chsSDW3bP9U1rgkDu0XPvAmQuA9X2P7g=",
          "jobs": [
            {
              "jobTitle": "UDx9dbu11t+chsSDW3bP9U1rgkDu0XPvAmQuA9X2P7g=",
              "company": "D+obmZ/oFlIS1/kLFz37Khkcw+NcQTBeVwXIrVFZPJD0=",
              "company_url": "https://www.xing.com/companies/go?name=tWGEiwKDz8cwUZTSbam9Gm8frhyYKRnA0GCNMc7Z80M=",
              "jobDates": "bis heute"
            },
            {
              "jobTitle": "m0CgFvilh+yR4dgU7V0yI5gtOel3aEuqeVoX4H2ch9U=",
              "company": "CChWIGYWGycJR7ppwS7MoEfV5ifpqIViJznRZTupCpdM=",
              "company_url": "https://www.xing.com/companies/go?name=J9XISFwMRTltHBKJliv63J6qpWflv8EuBkmN6dbHefk=",
              "jobDates": "2000 - 2001"
            }
          ]
        }
      ],
      "languages": [
        {
        }
      ],
      "education": [
        {
          "institution": "nYps1f4FW+pJARRVdzYpDgk+yPEGAcQxNxE+ZRzSqw4=",
          "url": "https://www.xing.com/search/members?keywords=f2canCXN6LDU1dioz9VcvpbFV/ZAS2MK8bLgJYl5qG4=",
          "degree": "Odontologa General, Posgrado en Administracion Hospitalaria",
          "eduDuration": "1994 - 1999"
        }
      ]
    },
    {
      "profile": [
        {
          "sex": "f",
          "memberSince_Hits": "18. Januar 2015 / 548",
          "currJobDescr": "UDx9dbu11t+chsSDW3bP9U1rgkDu0XPvAmQuA9X2P7g=",
          "jobs": [
            {
              "jobTitle": "UDx9dbu11t+chsSDW3bP9U1rgkDu0XPvAmQuA9X2P7g=",
              "company": "BANhcLvBZpphCLMxiHC2ApveVNwAwj9a7JI3yZ3bhJk4=",
              "company_url": "https://www.xing.com/companies/go?name=IBM7gWAI2sfg9I6ADtHWjCMGmADB36Jgm7NRr5Rvjus=",
              "jobDuration": "19 Jahr, 5 Monat ",
              "jobDates": "09/1997 - 01/2017"
            }
          ]
        }
      ],
      "languages": [
        {
        }
      ]
    },
    {
      "profile": [
        {
          "sex": "m",
          "memberSince_Hits": "25. Oktober 2016 / 122",
          "currJobDescr": "UDx9dbu11t+chsSDW3bP9U1rgkDu0XPvAmQuA9X2P7g=",
          "jobs": [
            {
              "jobTitle": "UDx9dbu11t+chsSDW3bP9U1rgkDu0XPvAmQuA9X2P7g=",
              "company": "HGDbD90Mj1j+1K2R6KVkdpXQ3/qqFTdJ4LIYs00WJvRI=",
              "company_url": "https://www.xing.com/companies/go?name=RNr9iFyyf8UvhFMsM43horTz6AhD1p78wJ7FStRhDkY=",
              "jobDates": "bis heute"
            }
          ]
        }
      ]
    },
    {
      "profile": [
        {
          "sex": "f",
          "memberSince_Hits": "7. August 2008 / 541",
          "currJobDescr": "UDx9dbu11t+chsSDW3bP9U1rgkDu0XPvAmQuA9X2P7g=",
          "jobs": [
            {
              "jobTitle": "UDx9dbu11t+chsSDW3bP9U1rgkDu0XPvAmQuA9X2P7g=",
              "company": "E9IndUuLJXSZHMxIDKsy65tvYU1UTCkCw/X+RHBmJXP0=",
              "company_url": "https://www.xing.com/companies/go?name=pN9Za1JdZiQtIjSA8S3xK2x1K0vcq1fYbWc22QjH4PA=",
              "jobDuration": "4 Jahr, 2 Monat ",
              "jobDates": "12/2012 - 01/2017"
            }
          ]
        }
      ],
      "languages": [
        {
        }
      ]
    },
    {
      "profile": [
        {
          "sex": "f",
          "memberSince_Hits": "28. März 2008 / 874",
          "currJobDescr": "UDx9dbu11t+chsSDW3bP9U1rgkDu0XPvAmQuA9X2P7g=",
          "jobs": [
            {
              "jobTitle": "UDx9dbu11t+chsSDW3bP9U1rgkDu0XPvAmQuA9X2P7g=",
              "company": "E5bRih1IUZsfC/UHT/5awXJXiMOjg51Y/3dGwMrNzKv8=",
              "company_url": "https://www.xing.com/companies/go?name=J9RtI2+L9lFOurpXpb8Hyv0Cy7UrPuroWzDKtxJdfqA=",
              "jobDates": "bis heute"
            }
          ]
        }
      ],
      "languages": [
        {
        }
      ]
    },
    {
      "profile": [
        {
          "sex": "f",
          "memberSince_Hits": "13. Oktober 2015 / 629",
          "currJobDescr": "sssSoYo2cCWtmLmgmN9/r5AUq4PEwvPq7HANMpR/oVc=",
          "jobs": [
            {
              "jobTitle": "sssSoYo2cCWtmLmgmN9/r5AUq4PEwvPq7HANMpR/oVc=",
              "company": "MjJh+86DeNUgz7tLbkAw7PeaiWxKsoI/3yxJBoZ19GiY=",
              "company_url": "https://www.xing.com/companies/go?name=mGo2QLZIX96+SkkywbLd0aazYyQ+uWi9iXYrgeJOd4k="
            },
            {
              "jobTitle": "Hrap73UBQ7fbfMsxdbUJI1X5+I6KIHvz9JKQuMaHQP0=",
              "company": "M8ATrnPE70dYJ+LvkFak5QxTZveej13zAh/3p8kpm8yo=",
              "company_url": "https://www.xing.com/companies/go?name=xm1rFBYCkh0+4q0006ygHlgZTtuf8Ddru9UsHsGASJI=",
              "jobDates": "bis heute"
            }
          ]
        }
      ],
      "languages": [
        {
        }
      ],
      "education": [
        {
          "institution": "FNKNSCG6FSV6vBnGjd3L2dWNXA/IMhkMMXBeuxS1pJ8=",
          "url": "https://www.xing.com/search/members?keywords=Z8qSe3vthpsakTwGNLub7IZKorGkaL5C04CpSww78Ag=",
          "degree": "Gesundheit und Sozialwesen, Zertifikat, IHK Abschluss",
          "eduDuration": "04/2015 - 11/2015"
        }
      ]
    },
    {
      "profile": [
        {
          "sex": "f",
          "memberSince_Hits": "4. Februar 2016 / 106",
          "currJobDescr": "UDx9dbu11t+chsSDW3bP9U1rgkDu0XPvAmQuA9X2P7g=",
          "jobs": [
            {
              "jobTitle": "UDx9dbu11t+chsSDW3bP9U1rgkDu0XPvAmQuA9X2P7g=",
              "company": "ZOfmGeSBF7mUVcyrJs/3Ly2qDTwfh5JrVS43RmhVdjiQ=",
              "company_url": "https://www.xing.com/companies/go?name=UaXWdIyYDoepoC03c7nbEgkqnDM45fNG4J3vEvJeH/4=",
              "jobDuration": "5 Jahr, 1 Monat",
              "jobDates": "08/2008 - 08/2013"
            },
            {
              "jobTitle": "Z3FEACPNusBWaxVYnuk3xgk3sPBfNsZdqHJN3kYb/6s=",
              "company": "T5CIJOZ4fWikpcAnIVXwro4gvXgaB99SuIpEtpqP/uzE=",
              "company_url": "https://www.xing.com/companies/go?name=VvISPmjeuZJyvt+4OdLRqpGWbJS+w0S6958uQGKKiSU=",
              "jobDuration": "2 Jahr, 10 Monat ",
              "jobDates": "04/2014 - 01/2017"
            }
          ]
        }
      ],
      "languages": [
        {
        }
      ]
    },
    {
      "profile": [
        {
          "sex": "f",
          "memberSince_Hits": "9. Juni 2010 / 1681",
          "currJobDescr": "UDx9dbu11t+chsSDW3bP9U1rgkDu0XPvAmQuA9X2P7g=",
          "jobs": [
            {
              "jobTitle": "UDx9dbu11t+chsSDW3bP9U1rgkDu0XPvAmQuA9X2P7g=",
              "company": "DUjwtcddv4/YU/mBv1TU+aMqk+0I2F9eC/EZVDGIrt4k=",
              "company_url": "https://www.xing.com/companies/go?name=NZkiTixGS/bEpkUpkL1+7KfyqSbwUR9un3ZZgn/1qus=",
              "jobDuration": "1 Jahr, 4 Monat ",
              "jobDates": "06/2002 - 09/2003"
            },
            {
              "jobTitle": "Zd8gZ9P1p29D23eNO2gKAHw6/30/wfL2zvMVEwlm3xs=",
              "company": "EQsgiOlPxjZ8Ve+tsMCBEt409nFiP/hrMvbDs0eq5XNY=",
              "company_url": "https://www.xing.com/companies/go?name=18uVd5wX6wI/DXwf1MasquVUO2BrkhVXqa9ST6Ps0Bw=",
              "jobDuration": "7 Jahr, 8 Monat ",
              "jobDates": "06/2009 - 01/2017"
            },
            {
              "jobTitle": "e3D8rUhqv3dkDTPJmvCcYn+W93CgeZMPfVCF6VXfjb8=",
              "company": "EQsgiOlPxjZ8Ve+tsMCBEt409nFiP/hrMvbDs0eq5XNY=",
              "company_url": "https://www.xing.com/companies/go?name=18uVd5wX6wI/DXwf1MasquVUO2BrkhVXqa9ST6Ps0Bw=",
              "jobDuration": "2 Jahr, 1 Monat",
              "jobDates": "06/2007 - 06/2009"
            },
            {
              "jobTitle": "DLrLhATSfeGaqlHTvhmeMqCuVZJ2YU9Ce4HUsZLR4II=",
              "company": "EQsgiOlPxjZ8Ve+tsMCBEt409nFiP/hrMvbDs0eq5XNY=",
              "company_url": "https://www.xing.com/companies/go?name=18uVd5wX6wI/DXwf1MasquVUO2BrkhVXqa9ST6Ps0Bw=",
              "jobDuration": "3 Jahr, 1 Monat",
              "jobDates": "06/2004 - 06/2007"
            },
            {
              "jobTitle": "Yr9TQg/Fpe2V7eWvOeMOIIugRDd0lZUw5pfcy7aCZy8=",
              "company": "EQsgiOlPxjZ8Ve+tsMCBEt409nFiP/hrMvbDs0eq5XNY=",
              "company_url": "https://www.xing.com/companies/go?name=18uVd5wX6wI/DXwf1MasquVUO2BrkhVXqa9ST6Ps0Bw=",
              "jobDuration": "1 Jahr, 1 Monat",
              "jobDates": "01/2005 - 01/2006"
            }
          ]
        }
      ],
      "languages": [
        {
        }
      ],
      "education": [
        {
          "institution": "sWNl/qUtgbJYfexQOOPG3mNatsNuVFYRYycWemQDcRo=",
          "url": "https://www.xing.com/search/members?keywords=2MxCorVELTkANYbl0gBw3MWlwDcw2CZ5zIgN5Bdv+s0=",
          "degree": "• Obtained Professional Certification as a Dental Assistant",
          "eduDuration": "09/1999 - 06/2002"
        }
      ]
    },
    {
      "profile": [
        {
          "sex": "f",
          "memberSince_Hits": "1. November 2016 / 22",
          "currJobDescr": "H+5sT85lYz4IrYblvyP4uzLoTAJyiNFPeGw/0LzxVZ4=",
          "jobs": [
            {
              "jobTitle": "UDx9dbu11t+chsSDW3bP9U1rgkDu0XPvAmQuA9X2P7g=",
              "company": "PHGeoWft8pmqEI5k9Z9m50pTUjMGUoxCx3qovN5Ln9hU=",
              "company_url": "https://www.xing.com/companies/go?name=nqaHbpP8J+0SfEAktlueq0YWvsvteetpCR0hZdR2I/Y=",
              "jobDuration": "2 Jahr, 5 Monat ",
              "jobDates": "09/2014 - 01/2017"
            },
            {
              "jobTitle": "UDx9dbu11t+chsSDW3bP9U1rgkDu0XPvAmQuA9X2P7g=",
              "company": "AjAb0G7Wmg1YJ95XA6FXJYblO7uHFQXAuEl1HBMxp+8I=",
              "company_url": "https://www.xing.com/companies/go?name=zclIyJf+wiKveqbbrDkup5kyrc5C37gaZsnFraOSvqE=",
              "jobDuration": "1 Jahr, 8 Monat ",
              "jobDates": "01/2013 - 08/2014"
            },
            {
              "jobTitle": "UDx9dbu11t+chsSDW3bP9U1rgkDu0XPvAmQuA9X2P7g=",
              "company": "Z3G8StDmnkB6yYeWrg5m2KqLqjgtd+bTIreMcfIBElJw=",
              "company_url": "https://www.xing.com/companies/go?name=vHfBMkgJjILVI5YF+jNZwU+vrsQJR7Yg67FteWH5M78=",
              "jobDuration": "9 Monat ",
              "jobDates": "04/2012 - 12/2012"
            },
            {
              "jobTitle": "g4Hh9jclrvL0/vHKGjDMBuCPMdbiqWvm4AsMWz1Z9E4=",
              "company": "NW3rTxdjB+Y8WstCXQAwb7i3TPApyFCEUkXXgYcYYvjY=",
              "company_url": "https://www.xing.com/companies/go?name=oUUwc1eXjb6HAYAYFZDFgPNO862/LOAM1aZqUCeeY+A=",
              "jobDuration": "3 Monat ",
              "jobDates": "02/2012 - 04/2012"
            },
            {
              "jobTitle": "vky3FM4NS8TVV2IIK6X1JbmA1D11Jw79sir5iiozwPE=",
              "company": "Orxfj+9DAV9HhkliHNsIJUrlhNPMS3k7t7KblmIwNjnE=",
              "company_url": "https://www.xing.com/companies/go?name=akMTjJ2BCiYzmk/YgQXY+LO0K8/wdKPFLRsI6M3+LcI=",
              "jobDuration": "2 Monat ",
              "jobDates": "11/2011 - 12/2011"
            },
            {
              "jobTitle": "JKMni/rKVL0JHFb1UeGQewcl8p6B7uUHdr7FFG31zPk=",
              "company": "R8nYTa3S25IWAbbJ2qHjy+dPx06YUqLxwW8pnjSGcRNg=",
              "company_url": "https://www.xing.com/companies/go?name=QPpS5f4xKtuOBrNLnNQeBtDWu8t6VuhYrnm9/fa3U44=",
              "jobDuration": "4 Monat ",
              "jobDates": "06/2011 - 09/2011"
            },
            {
              "jobTitle": "g4Hh9jclrvL0/vHKGjDMBuCPMdbiqWvm4AsMWz1Z9E4=",
              "company": "RvJuxwpiqlk0hsRVX5dg7epdOnvfViP9YnT+nug7IQK8=",
              "company_url": "https://www.xing.com/companies/go?name=25yOX135Ym84FmOJJQONBglTBfzhX3aGvDbTPVlIOsk=",
              "jobDuration": "4 Monat ",
              "jobDates": "01/2011 - 04/2011"
            },
            {
              "jobTitle": "J13gS/3tEzTolTxRgLhLM0UDyt7jOsICUo4aJbz4Wak=",
              "company": "Cvgpm1lXMUGqvCouvWHM3UAts0DvjwMcKPEyglGV9eIM=",
              "company_url": "https://www.xing.com/companies/go?name=+kcxqG++Z5hPVyXxQHBJzEUkiNSCBaJfGOKPMk3Pt4Q=",
              "jobDuration": "5 Monat ",
              "jobDates": "08/2010 - 12/2010"
            }
          ]
        }
      ],
      "languages": [
        {
        }
      ],
      "education": [
        {
          "institution": "x6HxZp4NPLFinJktFVqkR7kLdjeaAoIga6eVFnZDta0=",
          "url": "https://www.xing.com/search/members?keywords=6KkqkdWjXQFbGD4Dh9v8k57yUzSAYFB6HXPUDh4moKI=",
          "degree": "Health Economics, Bachelor of Arts",
          "eduDuration": "09/2014 - 08/2017"
        }
      ]
    },
    {
      "profile": [
        {
          "sex": "f",
          "memberSince_Hits": "31. Mai 2012 / 1016",
          "currJobDescr": "AkgL2IQUNRYljrbIYO0c68NiZAcxcN1/nhJo+qy/vl8=",
          "jobs": [
            {
              "jobTitle": "AkgL2IQUNRYljrbIYO0c68NiZAcxcN1/nhJo+qy/vl8=",
              "company": "W2sEHyhxntXnWemAx/DK6m1RPU06IeZfT0Gu0t0pcWYU=",
              "company_url": "https://www.xing.com/companies/go?name=fRv6Gvm0kbUFrH8X5DOup+1tyO1D9xDC4SE0ZtndHvA=",
              "jobDuration": "9 Jahr, 10 Monat ",
              "jobDates": "04/2007 - 01/2017"
            },
            {
              "jobTitle": "UDx9dbu11t+chsSDW3bP9U1rgkDu0XPvAmQuA9X2P7g=",
              "company": "DcvlPvIqOzxtpBxLyqnEdpfhooFoUvVgqao7c8VpSwzA=",
              "company_url": "https://www.xing.com/companies/go?name=/vOZZxi+1z4JDGFv5NFca9VoykZ7zkT7q08mHK39lm4=",
              "jobDuration": "23 Jahr, 5 Monat ",
              "jobDates": "09/1993 - 01/2017"
            }
          ]
        }
      ],
      "languages": [
        {
        }
      ]
    },
    {
      "profile": [
        {
          "sex": "f",
          "memberSince_Hits": "7. Januar 2015 / 399",
          "currJobDescr": "nwv4ViE7LPoT6FvgubtmVy5TLU7mvfJORRvw4eMtRDE=",
          "jobs": [
            {
              "jobTitle": "nwv4ViE7LPoT6FvgubtmVy5TLU7mvfJORRvw4eMtRDE=",
              "company": "CvRS6qu5JGhUbbqoP8rSoyIYoEwntYFnMPt7J0DCgnJQ=",
              "company_url": "https://www.xing.com/companies/go?name=coYw4P5yEv0ksWmTM87Yw8HkAcq6AY+BhUNXyFdW0kk=",
              "jobDuration": "1 Jahr",
              "jobDates": "12/2012 - 11/2013"
            },
            {
              "jobTitle": "l03veI8fRNcua9nt7ZRsrPFzp6R3SU7Q3MM7CJy6nus=",
              "company": "SH/GndgtPyoTihNHq21sHxv5zk/Mf1LNWnlBfyEOZlLo=",
              "company_url": "https://www.xing.com/companies/go?name=11IIykxnOZHvnzGERuHweUx3Ux9+tu53ZTHGhync+eE=",
              "jobDuration": "2 Jahr, 10 Monat ",
              "jobDates": "04/2014 - 01/2017"
            },
            {
              "jobTitle": "UDx9dbu11t+chsSDW3bP9U1rgkDu0XPvAmQuA9X2P7g=",
              "company": "P5StIp1Ktz446And8LsVHLFQYioPj5ZsYRblitkJSloc=",
              "company_url": "https://www.xing.com/companies/go?name=dsGeL/BYYImwCNWVorjrOoCVgiomg5J8tgAadXvgkmg=",
              "jobDuration": "5 Monat ",
              "jobDates": "11/2013 - 03/2014"
            }
          ]
        }
      ],
      "languages": [
        {
        }
      ],
      "education": [
        {
          "institution": "CETXPJzEXdNCFaygaJEga64LquZd1DOunlK4mnRu4CE=",
          "url": "https://www.xing.com/search/members?keywords=opFdGsdraYVsQrRn+gVEc0BbVcW6bzeS7syHPCFqbOc=",
          "degree": "Dentistry, master (5 years)",
          "eduDuration": "10/2005 - 07/2012"
        }
      ],
      "awards": [
        {
        }
      ]
    },
    {
      "profile": [
        {
          "sex": "f",
          "memberSince_Hits": "2. September 2015 / 192",
          "currJobDescr": "5iVK4h/rw/gCrkygQLzAHmaAE9sXUk1qQsQ28OXX1CQ=",
          "jobs": [
            {
              "jobTitle": "5iVK4h/rw/gCrkygQLzAHmaAE9sXUk1qQsQ28OXX1CQ=",
              "company": "AXn7c2iYUAPyrU3JGWsCjCMroEvsUGDx54DS7syK/Jb4=",
              "company_url": "https://www.xing.com/companies/go?name=QLYFhejcBhJoiHYoHGGcwpkBKrSNPO5UObXZtP2LlhQ=",
              "jobDates": "bis heute"
            },
            {
              "jobTitle": "NFuc8YJPSuiJNzNEiJQgwho2jPaF8dlj8Cv5Zdfu5Fk=",
              "company": "ExuQhv163npmz5taH5dcc2Za4Gfyd191LWM58Td3F1bw=",
              "company_url": "https://www.xing.com/companies/go?name=4qjIaE2pFzG8zMkqzxL9SX0rtO8oXbTIDXdTr1nasis=",
              "jobDuration": "5 Jahr, 2 Monat ",
              "jobDates": "12/2009 - 01/2015"
            },
            {
              "jobTitle": "kdsjYpBGMnS8ZsdhbsgDRUT6wwvhZNZBr/z9X+84PTU=",
              "company": "FCH8nOXyuY3tcgLSxXp8sF4SaKFDweCHu7nfhxtoMA/U=",
              "company_url": "https://www.xing.com/companies/go?name=zjxxQ2kXnWVaZ6m4v5LIzLkiZJUMYRlDnEPoKXNylpo=",
              "jobDuration": "10 Monat ",
              "jobDates": "09/2013 - 06/2014"
            },
            {
              "jobTitle": "8dMFTMcmySMiW6C3K2kER4FK9mSc10sCpcjygzexEwQ=",
              "company": "DNCs0IZpQrnUC4JLv9+UmjWTydB/RLy3/e8xTX8vbEEI=",
              "company_url": "https://www.xing.com/companies/go?name=jfiQuHKgN8B8sx96R43et6jcSWFRY+g6LSsDMNUy8GA=",
              "jobDuration": "2 Jahr, 3 Monat ",
              "jobDates": "07/2011 - 09/2013"
            },
            {
              "jobTitle": "8MAS+L10LlRnAmsvaCB+l6UGQIM0bYfpkDEUSv4pXls=",
              "company": "MgrY9r7/qbVXpY257398AsLw5XUp03jbbKqyn6+xY+3A=",
              "company_url": "https://www.xing.com/companies/go?name=k75F0sqiu7pGnoPzCFJopzEEKHZgr6S8a4NL5D6R5m0=",
              "jobDuration": "4 Jahre",
              "jobDates": "01/2006 - 12/2009"
            }
          ]
        }
      ],
      "languages": [
        {
        }
      ],
      "education": [
        {
          "institution": "Xt0VOdYUhrCoDU2KIXXe5SaTd9LS7BLn7yr4N+n3KJk=",
          "url": "https://www.xing.com/search/members?keywords=uNkwxFSVYOONpM08tRCPI47TwjEPDSETxbUSS9LNank=",
          "degree": "Business, Diploma",
          "eduDuration": "2014 - 2014"
        },
        {
          "institution": "Xt0VOdYUhrCoDU2KIXXe5SaTd9LS7BLn7yr4N+n3KJk=",
          "url": "https://www.xing.com/search/members?keywords=uNkwxFSVYOONpM08tRCPI47TwjEPDSETxbUSS9LNank=",
          "degree": "Business, Certificate IV",
          "eduDuration": "2013 - 2013"
        },
        {
          "institution": "1ALcTXPkTyzgENsWXEhteMI/FMGnngMvMEhr9ipmTpc=",
          "url": "https://www.xing.com/search/members?keywords=hldeHeK0MAjsEdTyt/DALeuOzA9SjcVl+JYeGp5pgYg=",
          "degree": "Oral Health, Bachelor",
          "eduDuration": "03/2011 - 11/2014"
        },
        {
          "institution": "O/P4SbAFCQZp09pXPgX3Y0eTjMacDv8r0CstGvofyq0=",
          "url": "https://www.xing.com/search/members?keywords=8LbxPNl+xjqXNpoST6fMCPGFFB+INoY9bNpWEahNJAI=",
          "degree": "Dental Assisting, Certificate III",
          "eduDuration": "2011 - 2011"
        }
      ]
    },
    {
      "profile": [
        {
          "sex": "f",
          "memberSince_Hits": "6. Februar 2015 / 315",
          "currJobDescr": "nwv4ViE7LPoT6FvgubtmVy5TLU7mvfJORRvw4eMtRDE=",
          "jobs": [
            {
              "jobTitle": "nwv4ViE7LPoT6FvgubtmVy5TLU7mvfJORRvw4eMtRDE=",
              "company": "\rLrTimYVU39Ztv5+/nnHIMca6sInZvxFI72yNaOF9Xo=",
              "company_url": "https://www.xing.com/companies/go?name=DiLfQJf3TPon579hA32CovGUHOvAsdUX8WUt4bVjJVI=",
              "jobDuration": "1 Jahr, 3 Monat ",
              "jobDates": "11/2015 - 01/2017"
            },
            {
              "jobTitle": "nQc0jfJyx7fErBV84qL9A4boi4OxT2Vl+GVAePzyurs=",
              "company": "oJ3Sb9CVGs3Yp0lMgps/QINunT8exj5jCLOZdLmRoZw=",
              "company_url": "https://www.xing.com/companies/go?name=hAvziAEHWrO21uAUabZK3nZl1kYBUUfl/PeLDnhRVoU=",
              "jobDuration": "5 Monat ",
              "jobDates": "07/2015 - 11/2015"
            },
            {
              "jobTitle": "kzK58pagqMuFDA8ICNOKCM2nD7FcctAnMnhHzctFVno=",
              "company": "gol9ZL19Shv/OYO4Lep8E8aYfH+xRDvQf+KZVu8W7OU=",
              "company_url": "https://www.xing.com/companies/go?name=cX+dvyK5UaJwuBJRAAsy/s95JcGiPcj3wcqnhKZBsKM=",
              "jobDuration": "2 Jahr, 7 Monat ",
              "jobDates": "11/2012 - 05/2015"
            }
          ]
        }
      ],
      "languages": [
        {
        }
      ],
      "education": [
        {
          "institution": "EoVq9JjIA1iQYpWyHnTYUU9i3GATEGbgwl/E6xm5sA4=",
          "url": "https://www.xing.com/search/members?keywords=iqKmVAsWBeNJQq+c9QRBnMpfHVt7r0kokOEkHtZPNgI=",
          "degree": "Dentistry, Master of sciences",
          "eduDuration": "10/2010 - 07/2015"
        }
      ]
    },
    {
      "profile": [
        {
          "sex": "f",
          "memberSince_Hits": "24. Mai 2015 / 226",
          "currJobDescr": "YhF9Go3CDzKoUKbMB6XHNoPa4sDGX1mxcJ/QigKjNhs=",
          "jobs": [
            {
              "jobTitle": "YhF9Go3CDzKoUKbMB6XHNoPa4sDGX1mxcJ/QigKjNhs=",
              "company": "Zynob8KuedIoDgZzgivcxhMbhZJSfpzBmKSWGMHNICjk=",
              "company_url": "https://www.xing.com/companies/go?name=vywQFN+HjXv+v1o0PGdRzmfZDARMzW7dhGYnSh6RSnc=",
              "jobDuration": "1 Jahr, 3 Monat ",
              "jobDates": "11/2015 - 01/2017"
            },
            {
              "jobTitle": "8SQH3Hy87/9sQYI5lL5h/se/WeIRhQjCMTnKXGseo4Q=",
              "company": "ZZOYgxcMDYNUfndLa9OaVzbUoDVxUb8SxojPt+yMqvnE=",
              "company_url": "https://www.xing.com/companies/go?name=w3kRj3J5NAT4rCtV08sWcgMoayXdCvUVUCvRq0S8vLI=",
              "jobDuration": "5 Monat ",
              "jobDates": "09/2016 - 01/2017"
            },
            {
              "jobTitle": "fFK2sc76DdTJOOaCSnp00KujNL6HXsEDBI+71m7MZp4=",
              "company": "Zynob8KuedIoDgZzgivcxhMbhZJSfpzBmKSWGMHNICjk=",
              "company_url": "https://www.xing.com/companies/go?name=vywQFN+HjXv+v1o0PGdRzmfZDARMzW7dhGYnSh6RSnc=",
              "jobDuration": "8 Jahr, 2 Monat ",
              "jobDates": "10/2007 - 11/2015"
            },
            {
              "jobTitle": "UDx9dbu11t+chsSDW3bP9U1rgkDu0XPvAmQuA9X2P7g=",
              "company": "Z/kfP9nD1iULbEj/NcklxbbqqgPcwzQ9Leg6HIP4nJZo=",
              "company_url": "https://www.xing.com/companies/go?name=Q2PGvZVOjddXtM63/3fA7PzHR5HqbD1TanugChKqrj0=",
              "jobDuration": "3 Jahr, 1 Monat",
              "jobDates": "09/2004 - 09/2007"
            }
          ]
        }
      ],
      "languages": [
        {
        }
      ],
      "education": [
        {
          "institution": "NXx4xCqESEuZF7czV4+KacENfmJKZNoxeCqsbD0YiG0=",
          "url": "https://www.xing.com/search/members?keywords=cS6uIt5hVKoTiURMGgtOQXF9WdBwVw8w09sQntOtijQ=",
          "degree": "Dentalhygiene und Präventionsmanagement, Bachelor of Science",
          "eduDuration": "01/2015 - 01/2016"
        },
        {
          "institution": "ProBO2DNpoZowplZkdsl9t0lhO0WWgisuhXJqJ7ttHs=",
          "url": "https://www.xing.com/search/members?keywords=7oN9JKC6zDoheOTR6WO+ZxLjaFaxYRdn7pGufNGLIt4=",
          "degree": "Prophylaxe",
          "eduDuration": "05/2010 - 07/2010"
        }
      ]
    },
    {
      "profile": [
        {
          "sex": "f",
          "memberSince_Hits": "1. Juni 2008 / 5488",
          "currJobDescr": "M0yCegvj20oO8+8iQqDcdzSQfbR4DfaX6OhVfWsti9U=",
          "jobs": [
            {
              "jobTitle": "M0yCegvj20oO8+8iQqDcdzSQfbR4DfaX6OhVfWsti9U=",
              "company": "HpacPjlj3KeDsEP2Vf4JjwATbvDEdKh+h99JtChmCvWc=",
              "company_url": "https://www.xing.com/companies/go?name=WZtBrf+A8Cabs+STlbwrJV3kw6PmQypgBewUbWKH/kc=",
              "jobDuration": "6 Jahr, 1 Monat",
              "jobDates": "01/2011 - 01/2017"
            },
            {
              "jobTitle": "4Pe6eKm351o6SuURpQJa5ncpUaJQ5WWVhIUUJjOKLvc=",
              "company": "M4xDiEuY3No+HaBdeimkMI2bG4G0Xybi/hYiVwFSBI5Y=",
              "company_url": "https://www.xing.com/companies/go?name=mIXRxNuoLDJF7DNgd7o/A+fB16rb8KLp7pQII+3CfSc=",
              "jobDuration": "5 Jahr, 10 Monat ",
              "jobDates": "04/2002 - 01/2008"
            },
            {
              "jobTitle": "1QrKXNLzKAvMzul7ED6E9iEIkJn9qivzuTfvVXiapIc=",
              "company": "rdDJiEXU5vpF0dcJg2ffny0s/I07GVMIhAedXnLMptYA=",
              "company_url": "https://www.xing.com/companies/go?name=mR7dEZjzQPm3/geY5aIY3OPcxN5Y48cqvk3ZFRn5rX0=",
              "jobDuration": "6 Jahr, 5 Monat ",
              "jobDates": "03/1996 - 07/2002"
            },
            {
              "jobTitle": "UDx9dbu11t+chsSDW3bP9U1rgkDu0XPvAmQuA9X2P7g=",
              "company": "PTVfzAh3ESz+o2nozBGdNN7xnECqY3DMdX5qjAd+XhNY=",
              "company_url": "https://www.xing.com/companies/go?name=EjO6gj+M2INHIjBpGE5ZCBDCP4wAcX/PyQQHZFldAAA=",
              "jobDuration": "8 Monat ",
              "jobDates": "01/1994 - 08/1994"
            },
            {
              "jobTitle": "UDx9dbu11t+chsSDW3bP9U1rgkDu0XPvAmQuA9X2P7g=",
              "company": "P47sCNJazusQGVCetr/P1VUp5GD7fRrTIxPGQpKFV34o=",
              "company_url": "https://www.xing.com/companies/go?name=M3H2zZgUKahoT3+RUEVcL4ucelfh5tOUK3OGrOxDwxc=",
              "jobDuration": "4 Monat ",
              "jobDates": "09/1993 - 12/1993"
            },
            {
              "jobTitle": "UDx9dbu11t+chsSDW3bP9U1rgkDu0XPvAmQuA9X2P7g=",
              "company": "Ppp/qGBCj60WhcOM0skeBPlrSJlvmYwaWIpTE5WlIs3Q=",
              "company_url": "https://www.xing.com/companies/go?name=ncPG5j5JrKL6CxkP9wmCnTE0j1CQ12pTZlf+l/KJRbc=",
              "jobDuration": "6 Monat ",
              "jobDates": "01/1993 - 06/1993"
            },
            {
              "jobTitle": "wYRSXG6hWFAfg22BExlmyKZka1Z18+4eP2fZCm42hE0=",
              "company": "LyRy2uEc5LQNx4T6fjiz2kTAtk2yjXXwBDNKblrJ/rOk=",
              "company_url": "https://www.xing.com/companies/go?name=82+3sSwShxUlJlQE72E+wY3BOp+RihS0B4z34jM4GHs=",
              "jobDuration": "1 Jahr",
              "jobDates": "11/1991 - 10/1992"
            }
          ]
        }
      ],
      "languages": [
        {
        }
      ],
      "education": [
        {
          "institution": "pacPjlj3KeDsEP2Vf4JjwATbvDEdKh+h99JtChmCvWc=",
          "url": "https://www.xing.com/search/members?keywords=SyMGughy4Q35ruqOJBKX09bXUxjdvMQqjFFp4On+dF4=",
          "degree": "Dept. of Life Sciences : Master of Public Health (MPH) 2009, Bachelor of Dental Surgey",
          "eduDuration": "03/2008 - 08/2009"
        },
        {
          "institution": "qaZE6Z0Ww97hBflt4RgVSvFA2v8GuYAb+MDFwUeBHY8=",
          "url": "https://www.xing.com/search/members?keywords=chN/AIGBCLI99Pa+P+VeNMMo5xByJGih28UXA3vaOe0=",
          "degree": "School of Dentistry, Bachelor of Dental Surgery B.D.S.",
          "eduDuration": "09/1986 - 10/1991"
        }
      ]
    },
    {
      "profile": [
        {
          "sex": "f",
          "memberSince_Hits": "7. November 2007 / 1558",
          "currJobDescr": "3qLF/3m51nDt7roH+yy4BxH4uz08ENvkxZHzinbn6Wc=",
          "jobs": [
            {
              "jobTitle": "3qLF/3m51nDt7roH+yy4BxH4uz08ENvkxZHzinbn6Wc=",
              "company": "DbNJGdBySyAhTfZvcEtQ+0DZdIZUHJg3UTIdrvFCl3Ok=",
              "company_url": "https://www.xing.com/companies/go?name=TTzMXRx4fJzEhq6fxaXqOjYxqW5dVtlbtsr6KYbkr78=",
              "jobDates": "1991 - 2007"
            },
            {
              "jobTitle": "UDx9dbu11t+chsSDW3bP9U1rgkDu0XPvAmQuA9X2P7g=",
              "company": "D8hqAoMAuHAj8N4gMWDxiGjIWpIDxGiBU0FT70ifh1HI=",
              "company_url": "https://www.xing.com/companies/go?name=LJj0aXPlfRXpM78Q7HgSdmGYvUmJ3LIUCArZh0K6P3I=",
              "jobDates": "1989 - 1991"
            },
            {
              "jobTitle": "1KnO4qjzlV5g/OQG2VrUMrxY1H+an4Q+R+Mc/8pggRk=",
              "company": "SLxbZkOPQcyb0EkGAYgMPf2FL4ZeC6Xw8BDxpgUm4R4M=",
              "company_url": "https://www.xing.com/companies/go?name=J2IaBjWoFN/F0B33e0IRO0ZO+rwqdtrMq3Lg+l5y6cA=",
              "jobDates": "1983 - 1988"
            },
            {
              "jobTitle": "INHxTNFc4Z0HmM+9466Vn90QFJjsVHlABw0eDsBPDHk=",
              "company": "ULsj5cZ67pMOCuLEiHer/I/jH4ORHK+05ZfIUZMxUmX8=",
              "company_url": "https://www.xing.com/companies/go?name=urfIww2cWd75SI4qErPjcHUyK9FZxV0PCM5RzGAfXb0=",
              "jobDates": "1981 - 1983"
            },
            {
              "jobTitle": "nwv4ViE7LPoT6FvgubtmVy5TLU7mvfJORRvw4eMtRDE=",
              "company": "D4BwBf11ssLiACRT1AA9kclD6j1fyOROK/WZdpCZ8ipY=",
              "company_url": "https://www.xing.com/companies/go?name=iB70bnCy5xa8Ekdglrvsxh2GvC4q9kjAGTcOGdue0Rg=",
              "jobDates": "1980 - 1983"
            },
            {
              "jobTitle": "nwv4ViE7LPoT6FvgubtmVy5TLU7mvfJORRvw4eMtRDE=",
              "company": "-7iGgXMH4Udmk0O880dH8PMVDivwTL3EGHyWOjHQr8MU=",
              "company_url": "https://www.xing.com/companies/go?name=q5Ip9qnRjREdN6i7wv5NV5zcpYZznAnfdl+JlYox9QU="
            }
          ]
        }
      ],
      "languages": [
        {
        }
      ],
      "education": [
        {
          "institution": "PcRL6X4iHWccgQWQEUmkftCcBTteBFmiqo3Mq9bFp5k=",
          "url": "https://www.xing.com/search/members?keywords=OTLnuu6osisjFUnvCNHSh6oLaAd//4jBRRoyieuCS2E=",
          "degree": "Doctorate in Dentistry, Dr. med. dent",
          "eduDuration": "1985 - 1987"
        },
        {
          "institution": "Lsj5cZ67pMOCuLEiHer/I/jH4ORHK+05ZfIUZMxUmX8=",
          "url": "https://www.xing.com/search/members?keywords=6vROzCl5KvapqWcu346+6HEFukstXzcXWa1u3Cvkxq8=",
          "degree": "Dentistry, Dr. med. dent.",
          "eduDuration": "1975 - 1979"
        }
      ]
    },
    {
      "profile": [
        {
          "sex": "f",
          "memberSince_Hits": "13. Dezember 2013 / 838",
          "currJobDescr": "VVirJo/yilLq0E8nzo2ke79JbcGXXyQshlURbBWz4F4=",
          "jobs": [
            {
              "jobTitle": "BtBzx/gEcf/cooNa5gwCaJI+w+1C0aJ0R2gZfYDEEzQ=",
              "company": "Ayk+zPeyPPDr2oxK6x7bnLmIv3VYozGMMDwh95//F2IY=",
              "company_url": "https://www.xing.com/companies/go?name=pEHAc0p+qPGg+0ZaYwbfY5kHcKV68Tj6PBeCjIwJa7Q=",
              "jobDuration": "5 Monat ",
              "jobDates": "04/2016 - 08/2016"
            },
            {
              "jobTitle": "//beqbNIsVSGt+585CIy1yU6j9cHWmdR8izBpGRm1nw=",
              "company": "E3R4CNGVWl4ku1QT4+UAiBp4+aMvWJJGwPl+sdTKCh58=",
              "company_url": "https://www.xing.com/companies/go?name=bGO9q/6Ijy2D+e0DC5mTA0HjYgq97ol6ymMTlu/HFXk=",
              "jobDuration": "4 Monat ",
              "jobDates": "02/2015 - 05/2015"
            },
            {
              "jobTitle": "BtBzx/gEcf/cooNa5gwCaJI+w+1C0aJ0R2gZfYDEEzQ=",
              "company": "EX8cBws1KFIHVBbFVvxPL9BtpT6X6HjaJSnVVtOeSYz8=",
              "company_url": "https://www.xing.com/companies/go?name=3gORsmM7DCH15fwr6mh5o0AIZSrPCEnsml9ljjIJEyQ=",
              "jobDuration": "3 Monat ",
              "jobDates": "09/2014 - 11/2014"
            },
            {
              "jobTitle": "BtBzx/gEcf/cooNa5gwCaJI+w+1C0aJ0R2gZfYDEEzQ=",
              "company": "A7apiSDvKVwScGJFHX7f70QzlMzIpDNNJZjqCgNtZIu0=",
              "company_url": "https://www.xing.com/companies/go?name=R9ZQ3sW9fC0uQMrXzkKOY2aZ1A1ayliAflMO2ZtHAf8=",
              "jobDuration": "4 Monat ",
              "jobDates": "05/2014 - 08/2014"
            },
            {
              "jobTitle": "LwzVxVLP3g9HutPk9sf5qcocp0YMiqsEslyADMYOWPE=",
              "company": "TwK7H/YGj3X7f4S0xp4B0i+4RaZP+iHm5wzzAuhEeHnw=",
              "company_url": "https://www.xing.com/companies/go?name=TLldjFLoP2wgOmCWVDtLeMzZKnl6hgSgZKkfe00mmVA=",
              "jobDuration": "9 Monat ",
              "jobDates": "10/2012 - 06/2013"
            },
            {
              "jobTitle": "UDx9dbu11t+chsSDW3bP9U1rgkDu0XPvAmQuA9X2P7g=",
              "company": "Es4YpU7h0XB01MCmF6KODAP25IIalwSj+q37nflclFHQ=",
              "company_url": "https://www.xing.com/companies/go?name=LlkzKblyjJ1lOegoVNWjF3oxaDoyJ0nFPgHhlpWv99A=",
              "jobDuration": "3 Monat ",
              "jobDates": "08/2012 - 10/2012"
            },
            {
              "jobTitle": "9LCn96FRI48j1Y7ShytpR3tptmsBAYxeFWQj/MH32LE=",
              "company": "ZGnufnG57ub+/Wu5ySlM5Sub/odkCb1VVzoOMezEf/8Q=",
              "company_url": "https://www.xing.com/companies/go?name=Xafcd72t3c/oRzluOV4HsfHmZhYYNDFXJonyAyHlHkI=",
              "jobDuration": "1 Jahr, 4 Monat ",
              "jobDates": "01/2011 - 04/2012"
            },
            {
              "jobTitle": "KQO4UbDRBMgdmrZRLz4Cht8DOSiGasv9JHFcw0iThg4=",
              "company": "LNE0ziZ8/23OAlU+9f6DRtLHLZE/aMebkQun/+Off/a8=",
              "company_url": "https://www.xing.com/companies/go?name=cVAT2PtSVuKbcCeP6BSDpFE0QwbuDz0giyUD+6n/wt8=",
              "jobDuration": "1 Jahr, 1 Monat",
              "jobDates": "11/2009 - 11/2010"
            },
            {
              "jobTitle": "9LCn96FRI48j1Y7ShytpR3tptmsBAYxeFWQj/MH32LE=",
              "company": "ZGnufnG57ub+/Wu5ySlM5Sub/odkCb1VVzoOMezEf/8Q=",
              "company_url": "https://www.xing.com/companies/go?name=Xafcd72t3c/oRzluOV4HsfHmZhYYNDFXJonyAyHlHkI=",
              "jobDuration": "1 Jahr, 5 Monat ",
              "jobDates": "07/2008 - 11/2009"
            }
          ]
        }
      ],
      "languages": [
        {
        }
      ],
      "education": [
        {
          "institution": "r78r7O7KaUISbMMMbAn2/VKDv5IfrLYoLV/Fm9z7jGk=",
          "url": "https://www.xing.com/search/members?keywords=zzDmRZ6FTJGXOr/46yyzPUno4cjdpveNWjnHy60PE7s=",
          "degree": "International Business Management",
          "eduDuration": "09/2013 - 08/2016"
        },
        {
          "institution": "DwItGbsfgU7gceEUOdCy12S/vMyJe6wLhTzbescgfXM=",
          "url": "https://www.xing.com/search/members?keywords=stIdKrSJ3Y/29ChKUgbqcwQbP9A4W4d2O0iP+NWz+Tg=",
          "degree": "Zahnmedizin",
          "eduDuration": "09/2005 - 07/2008"
        }
      ]
    },
    {
      "profile": [
        {
          "sex": "f",
          "memberSince_Hits": "23. April 2006 / 1989",
          "currJobDescr": "Qt9fPdNBwCHRV5gWFbTHS7qG7RYFpksLrS0lEHEiOHg=",
          "jobs": [
            {
              "jobTitle": "Qt9fPdNBwCHRV5gWFbTHS7qG7RYFpksLrS0lEHEiOHg=",
              "company": "DJPF+Oj9nzNpc5bvcyhJuXDLpxdAkmE4OPun1FZqZ0Vs=",
              "company_url": "https://www.xing.com/companies/go?name=O0Z/knZ8ibbBRCmOH+/wY0MMlMG1oX/wPaVEtkovG3M=",
              "jobDuration": "1 Jahr, 2 Monat ",
              "jobDates": "12/2015 - 01/2017"
            },
            {
              "jobTitle": "imvEyAKuzYBuCoPRdsgWe9IN8p+cRdZ6s4EQghFlpN8=",
              "company": "D0dlLR69pv5o/uGLG0/FiOUgYn2IgDhvVKFJLHEsKThA=",
              "company_url": "https://www.xing.com/companies/go?name=Yd43TQBm0FQLUWSpeMca5H7aT7DV5iuxGO8U2nOGhdo=",
              "jobDuration": "3 Jahr, 1 Monat",
              "jobDates": "01/2014 - 01/2017"
            },
            {
              "jobTitle": "P4Vnu4c9MosKHyiiYIH1JdbJouzYQDwKv/x7+uAl8Dc=",
              "company": "MHtKvhxr6Rs5kZPtRPx2l8Vt5vofTynzuU5N2Ymhqd/Y=",
              "company_url": "https://www.xing.com/companies/go?name=P/sw1g3guhOJXQ8B5CqQKcqb6s5p0RJmuFycGfNcO+o=",
              "jobDuration": "1 Jahr, 5 Monat ",
              "jobDates": "08/2012 - 12/2013"
            },
            {
              "jobTitle": "gdqeS9b/FI6qZ5k2eTqQu7+lPbeemvtQ+rTdz1LyidU=",
              "company": "DmnPY0TKAYZiS0LbSedwzO/ICcHFNtmPba0I6evYFXGw=",
              "company_url": "https://www.xing.com/companies/go?name=LMvmzK1/JLmbsWtiROnb5GRU7XobA6pBmC7RCnAjYJg=",
              "jobDuration": "3 Jahr, 6 Monat ",
              "jobDates": "02/2009 - 07/2012"
            },
            {
              "jobTitle": "YBcUyMVCm8DFkT/XboRqhtd0XBA9i+uz3Ol3qRuMGQw=",
              "company": "HYOfiUhScgblOmD1QmYEvTAlHJT2T/hb+W+DyIde6Uag=",
              "company_url": "https://www.xing.com/companies/go?name=/0m95r6RHo1v+LOcD7UrqGXOOE5FUl0nVy0Sj3n4sSs=",
              "jobDuration": "1 Jahr, 10 Monat ",
              "jobDates": "04/2007 - 01/2009"
            },
            {
              "jobTitle": "vGnGugjfxEkmfGVPcLwAZ1b6Q6nUKSAuO9ggSRvoqzo=",
              "company": "HxdOXGDrlBHiq3ceCDe+yAMudJiUJdRJrRHLT0UuMZao=",
              "company_url": "https://www.xing.com/companies/go?name=gwcwTvNcXCAnfmeipxvzZMmSd4J1WkNqf3A1bLT5rq4=",
              "jobDuration": "2 Jahre",
              "jobDates": "04/2005 - 03/2007"
            },
            {
              "jobTitle": "kbvRM0gDpnN1YDkGvqNhmC5kXwSxAV2cpKtJig3/dBk=",
              "company": "HxdOXGDrlBHiq3ceCDe+yAMudJiUJdRJrRHLT0UuMZao=",
              "company_url": "https://www.xing.com/companies/go?name=gwcwTvNcXCAnfmeipxvzZMmSd4J1WkNqf3A1bLT5rq4=",
              "jobDuration": "6 Monat ",
              "jobDates": "10/2004 - 03/2005"
            },
            {
              "jobTitle": "UDx9dbu11t+chsSDW3bP9U1rgkDu0XPvAmQuA9X2P7g=",
              "company": "DWByzenzhDZtMvG4knFmYn6Kq9V3ESSfe3gIOL3cyAlM=",
              "company_url": "https://www.xing.com/companies/go?name=6JbLqOEoIARBl506DaODXEOmC5qDlc+bWK4prF10X/w=",
              "jobDuration": "6 Monat ",
              "jobDates": "03/2004 - 08/2004"
            }
          ]
        }
      ],
      "languages": [
        {
        }
      ],
      "education": [
        {
          "institution": "KF3H47Ujnq/yE4CwC4NkCP0BPNVl+Vw44PjAxTiPGQU=",
          "url": "https://www.xing.com/search/members?keywords=x2uOE9s2F204OkjHLl9UiTI+irSZ4FdsQ6sNvgPHtZQ=",
          "degree": "Executive MBA, Master in Business Administration",
          "eduDuration": "2010 - 10/2011"
        },
        {
          "institution": "0RsfTenzMfgP2TrMzohrn3nfI0QewVZVDKDYg4K1QNw=",
          "url": "https://www.xing.com/search/members?keywords=6hwegoVPYMM4xM8DSLDuCUgxPQGlCXyo/jP9gBKUG6k=",
          "degree": "Esthetic Dentistry, PhD",
          "eduDuration": "2003 - 2007"
        },
        {
          "institution": "0XUkft3qS9pCbPavqPe6AnJAiXE7a39ipDazoMr9jiE=",
          "url": "https://www.xing.com/search/members?keywords=g/aApD0BM2+3xlDkAxLb/73nXqCSrIuqAVxHlUSikWA=",
          "degree": "Dentistry, Dental Surgeon",
          "eduDuration": "1999 - 2003"
        }
      ]
    },
    {
      "profile": [
        {
          "sex": "f",
          "memberSince_Hits": "19. Oktober 2007 / 1038",
          "currJobDescr": "GO8EVuGBgWBtYaSoGm8Y8w9ed/OSMwqUUrizo6SiSPc=",
          "jobs": [
            {
              "jobTitle": "GO8EVuGBgWBtYaSoGm8Y8w9ed/OSMwqUUrizo6SiSPc=",
              "company": "H17STajo8W6dvox83HVGGXHHfRjd9MsovmJ2cRvcJxaE=",
              "company_url": "https://www.xing.com/companies/go?name=w8gFCOj4E69ga1nNLNG2JXgpt43lo/+EX9ptw3uJ4d8=",
              "jobDates": "2005 - 01/2017"
            },
            {
              "jobTitle": "kLSaD368ZNHS/RJBUXlzy7XXlvLA+nrXdckX4zfSqFg=",
              "company": "GlP14oxUtZ50xWOWuSTzccYxR7ZzXIIwtp42fYVbQLBo=",
              "company_url": "https://www.xing.com/companies/go?name=0expG9EZyd3P/WluqnKbKxFavCFavb+2aL8YmTDizhg=",
              "jobDates": "2003 - 2005"
            },
            {
              "jobTitle": "UDx9dbu11t+chsSDW3bP9U1rgkDu0XPvAmQuA9X2P7g=",
              "company": "DsXMN09+peuzaOKt/GQAGVWdSlw/0kkPBmqyLGmX5wJQ=",
              "company_url": "https://www.xing.com/companies/go?name=7c1mkmqcvvoXnRBojjuAsXNhqxClMd/8DcBn20wQUx0=",
              "jobDates": "05/2000 - 2002"
            }
          ]
        }
      ],
      "languages": [
        {
        }
      ],
      "education": [
        {
          "institution": "/OYsse2GBwhrakA3N+GnR6R/WOMfp+OitwBFLTP9ewo=",
          "url": "https://www.xing.com/search/members?keywords=+A643iUwZUaSwgiFYprsYVzVDvW7btQwJODDVQcIda4=",
          "degree": "Bible",
          "eduDuration": "1993 - 1994"
        },
        {
          "institution": "PnTwDrU+6wqchY0VH2UPdj+02jw1C+HGor5060/iQFU=",
          "url": "https://www.xing.com/search/members?keywords=+kniYgHtnRK1LoYLd6+z4u1LcDZfkRSpgZ0Optx2TuQ=",
          "degree": "Film and Video Production",
          "eduDuration": "1991 - 1992"
        }
      ]
    },
    {
      "profile": [
        {
          "sex": "f",
          "memberSince_Hits": "8. Juni 2009 / 4125",
          "currJobDescr": "TiVVndOuq0ag/OMf6dxmfw91R762WsadifFX+D3AoQw=",
          "jobs": [
            {
              "jobTitle": "TiVVndOuq0ag/OMf6dxmfw91R762WsadifFX+D3AoQw=",
              "company": "P6q4I/+Mb5m+NvK9x50PNeXo1tft0ItwGK9zbtaqF+Dw=",
              "company_url": "https://www.xing.com/companies/go?name=kk2upN32ylmYZJ+9fZUsARviYWVvq4CjAVQ6EcJG22M=",
              "jobDuration": "1 Jahr, 8 Monat ",
              "jobDates": "06/2015 - 01/2017"
            },
            {
              "jobTitle": "xCQkXg5c/G+w9AJE8ypIIp7I5VZuTl8UV2g6L8u+SOY=",
              "company": "P6q4I/+Mb5m+NvK9x50PNeXo1tft0ItwGK9zbtaqF+Dw=",
              "company_url": "https://www.xing.com/companies/go?name=kk2upN32ylmYZJ+9fZUsARviYWVvq4CjAVQ6EcJG22M=",
              "jobDuration": "4 Jahr, 4 Monat ",
              "jobDates": "03/2011 - 06/2015"
            },
            {
              "jobTitle": "DT/Sdh+zj+MoKqsWeL/nrhAY6Ze4Rv7jG7il407N2lE=",
              "company": "DKXrFhs9M3wLlwXibrXcDgp1ECChV2oWIDDmi7GkLF7Y=",
              "company_url": "https://www.xing.com/companies/go?name=8rkQbak+5oh+qxPWMR9Nlov8vEDJuhRAEqmF13E1vuw=",
              "jobDuration": "4 Monat ",
              "jobDates": "11/2010 - 02/2011"
            },
            {
              "jobTitle": "u0KQNyHRs0k9Vf91/j8NnLqiH36G/YvUcCjCBESBKME=",
              "company": "G8m4WCf7X5a3yEZYI/A4+RjMOlTq2XA6xn6Lg7CcDgzg=",
              "company_url": "https://www.xing.com/companies/go?name=uu1G1OO4BueeOFsBQIVEvsJMR+olWRXlC0RRg5ywj4w=",
              "jobDuration": "6 Monat ",
              "jobDates": "03/2009 - 08/2009"
            },
            {
              "jobTitle": "uhU8FGtqq+eEG+v0gYWuKT10fcLOL89W+QRnzTySZcE=",
              "company": "KeKncuLNIXTES3hG4DliMY6cj0CTEW8/VjuoOxUQMXYM=",
              "company_url": "https://www.xing.com/companies/go?name=aODhFZgMvx1XMmevbjiyRY9OGusjH7Bnc1GNt9QMa1E=",
              "jobDuration": "11 Monat ",
              "jobDates": "09/2006 - 07/2007"
            },
            {
              "jobTitle": "UDx9dbu11t+chsSDW3bP9U1rgkDu0XPvAmQuA9X2P7g=",
              "company": "YAVgO+StyZL+nlM6pZ/rI5IPgO6S0R/RoN/xoySkUMYk=",
              "company_url": "https://www.xing.com/companies/go?name=K7PGPLOX9UkFD0+zTaBG3muKX8C/MZ69HPci0ubltMo=",
              "jobDuration": "1 Jahr",
              "jobDates": "08/2005 - 07/2006"
            },
            {
              "jobTitle": "9LCn96FRI48j1Y7ShytpR3tptmsBAYxeFWQj/MH32LE=",
              "company": "DfOaQ3XBUFz5I2cq6twnViWu5S5Avq9nS2HmmcoL2hV8=",
              "company_url": "https://www.xing.com/companies/go?name=vkJzmt0j2XKcIIg8F42MfzJm4MemQ4ny4oHWm6taVpI=",
              "jobDuration": "1 Jahr, 10 Monat ",
              "jobDates": "10/2003 - 07/2005"
            },
            {
              "jobTitle": "t4yUIVU8NRXKKQoVVcRK/CF3wKsBIs4C/qdVmLPm2No=",
              "company": "Fn5usTqHqgasUmFSf7UydPPtrbpPh8NOTvllIQ3kLv/I=",
              "company_url": "https://www.xing.com/companies/go?name=rcQBN5nJw0Fk4pJd+qqrI09XxZHtt5B2B79IIMOiUJ8=",
              "jobDuration": "1 Jahr, 6 Monat ",
              "jobDates": "04/2002 - 09/2003"
            },
            {
              "jobTitle": "9LCn96FRI48j1Y7ShytpR3tptmsBAYxeFWQj/MH32LE=",
              "company": "D85UiGzdBLVQ7CrV8WHWutuWun1FP0/WHYFz/3HAu4Tk=",
              "company_url": "https://www.xing.com/companies/go?name=euXloH9PC3Lllw2DGHBIbuuEbw5OTXMGCy20ogK/nyQ=",
              "jobDuration": "8 Monat ",
              "jobDates": "08/2001 - 03/2002"
            },
            {
              "jobTitle": "9LCn96FRI48j1Y7ShytpR3tptmsBAYxeFWQj/MH32LE=",
              "company": "Dkxs/POvskyOPYlPcoNFKfuFfe3TSmZJ4n9F+EAxo29o=",
              "company_url": "https://www.xing.com/companies/go?name=4r9S1UZoULGy6ZFYOH5F/mjbEZBRV5yzpXMEchf+/WY=",
              "jobDuration": "2 Jahr, 11 Monat ",
              "jobDates": "09/1998 - 07/2001"
            }
          ]
        }
      ],
      "languages": [
        {
        }
      ],
      "education": [
        {
          "institution": "F7p1wEvePZbdbBRafExrSEZyJEeR+dsEt9y8ELuaT0Q=",
          "url": "https://www.xing.com/search/members?keywords=ogcdow/ruHzzcPzwTpbx6/cfZ/4CXqpmM1TS1+C9wGM=",
          "degree": "Informationsmanagement und Unternehmenskommunikation, Bachelor of Arts",
          "eduDuration": "09/2007 - 03/2011"
        }
      ]
    },
    {
      "profile": [
        {
          "sex": "f",
          "memberSince_Hits": "8. September 2008 / 4956",
          "currJobDescr": "u20/VHWia3riLBnQPdbx88/ksblqgP+ZdQ2dw0smd+o=",
          "jobs": [
            {
              "jobTitle": "u20/VHWia3riLBnQPdbx88/ksblqgP+ZdQ2dw0smd+o=",
              "company": "C5SAvobGDK2FWQRb0ivtShZY2MIA5/LxaUsbXd46yZVA=",
              "company_url": "https://www.xing.com/companies/go?name=RYFvoBIN6Fa1ZwhskQ5tIeXiDXlquRiaf46ftx+Jh7k=",
              "jobDuration": "4 Monat ",
              "jobDates": "10/2016 - 01/2017"
            },
            {
              "jobTitle": "5YNV7UhMukmtDgZIeGZZU7pTDLa9DHovrhaZDKcQv9c=",
              "company": "M/J3AZ4/gdrM3K9cwZuW6neZnQ/hd232Srm+wgDujbB0=",
              "company_url": "https://www.xing.com/companies/go?name=xpY26Yhd1daGGuNynoZHB64k3EvyrFld0YYWv3BEOwk=",
              "jobDuration": "5 Monat ",
              "jobDates": "05/2016 - 09/2016"
            },
            {
              "jobTitle": "FP3JYQsIzOwCuGqWbFjbz2h+tdzZmTA7kpYkHkMqScg=",
              "company": "M/J3AZ4/gdrM3K9cwZuW6neZnQ/hd232Srm+wgDujbB0=",
              "company_url": "https://www.xing.com/companies/go?name=xpY26Yhd1daGGuNynoZHB64k3EvyrFld0YYWv3BEOwk=",
              "jobDuration": "1 Jahr, 3 Monat ",
              "jobDates": "02/2015 - 04/2016"
            },
            {
              "jobTitle": "RCmuxlSjno2MOWVyjy7WmSa76s+srbkkXaGrCzAuPiQ=",
              "company": ".2lI+ixBrxZzXOe2inO3CAIXBulVCJNdDIVR9IfWwRhM=",
              "company_url": "https://www.xing.com/companies/go?name=P0T3FLG6Xfm05VbsXE3XqQ3EhGd8HPh+PlF097df4qY=",
              "jobDuration": "10 Monat ",
              "jobDates": "04/2014 - 01/2015"
            },
            {
              "jobTitle": "0/0WH6oKFDksSVJRs6CZ+4FaJRXaYs2n814nYoWg1Fs=",
              "company": "SNAu+yyhYw+gVvaf5a17bDGBvsOnZvKMgubrp/WXK9G8=",
              "company_url": "https://www.xing.com/companies/go?name=gauoDadX6KNTvDYvBoHQ7jrBajoipBdCy1FsWWJ3FcY=",
              "jobDuration": "6 Monat ",
              "jobDates": "02/2014 - 07/2014"
            },
            {
              "jobTitle": "/YzmpJLv6EPMi8H9c7mmun1LRGTZG9ElQQxFs9tO47g=",
              "company": "Oon39FCCM4zuSezBrTPAC+KwGIPM+sxTLO0OXRQeNfPk=",
              "company_url": "https://www.xing.com/companies/go?name=G6xBSfo4dWEnu6J3Udrgj1kB4Jd20YqVX8AWBu6vXb0=",
              "jobDuration": "7 Monat ",
              "jobDates": "07/2013 - 01/2014"
            },
            {
              "jobTitle": "NO1AMJ1SYUnHEj01jZruGhQTcJVtKEGq4Rei235xiOY=",
              "company": "Kr0qv5yO4u/831M7bOaKZItGEhWxOiXUVG1V7ODDm5Ds=",
              "company_url": "https://www.xing.com/companies/go?name=JiToJMWhcdh3GSKcjJFuOzUxWEDowwFqlbaG3CIgFeI=",
              "jobDuration": "1 Jahr, 8 Monat ",
              "jobDates": "11/2011 - 06/2013"
            },
            {
              "jobTitle": "FicL4FkUvCnbAjTMcbYPGtEbesap8pIE8lg8dYEYxgo=",
              "company": "Kq095iczJ1T1O2zmyyiT5ORadjX4JJEtSNr1fs2UVvuQ=",
              "company_url": "https://www.xing.com/companies/go?name=D2dtv819nWArTIhjw/+lQmuSbEKb3HJ5JDyBmnlf2Io=",
              "jobDuration": "1 Jahr, 7 Monat ",
              "jobDates": "04/2010 - 10/2011"
            },
            {
              "jobTitle": "MOE2bgWMnA0TfZCqZq/dTteXLO/cj1Oyo45MRGFQptg=",
              "company": "Sy0+g0Qke0kLNbDNx1xrm0LVcFnqzQJO7/uHAg+keTwE=",
              "company_url": "https://www.xing.com/companies/go?name=Upqx0m5ap8kfLah75B3GC20R9UjTl78i+yGsimuVhgc=",
              "jobDuration": "3 Jahr, 11 Monat ",
              "jobDates": "05/2006 - 03/2010"
            },
            {
              "jobTitle": "wO82Piyms9MckQMNmni6OnIVq6o81dOaRGKUde29+Ys=",
              "company": "Sy0+g0Qke0kLNbDNx1xrm0LVcFnqzQJO7/uHAg+keTwE=",
              "company_url": "https://www.xing.com/companies/go?name=Upqx0m5ap8kfLah75B3GC20R9UjTl78i+yGsimuVhgc=",
              "jobDuration": "6 Jahr, 3 Monat ",
              "jobDates": "02/2000 - 04/2006"
            },
            {
              "jobTitle": "UDx9dbu11t+chsSDW3bP9U1rgkDu0XPvAmQuA9X2P7g=",
              "company": "ZVWODSehNE3HHLcvzZ2LxYkuPn2HoTULp/iNn6tVhLCk=",
              "company_url": "https://www.xing.com/companies/go?name=CoSeXmf0fc+3sg5xTwK4L6qVKrwX6HN6YqzBvX880kY=",
              "jobDuration": "1 Jahr, 6 Monat ",
              "jobDates": "08/1998 - 01/2000"
            }
          ]
        }
      ],
      "languages": [
        {
        }
      ],
      "education": [
        {
          "institution": "wDy4NUArEGHeZgsDQ8OYdWUEcgsX/+Rttm2OklT5KnQ=",
          "url": "https://www.xing.com/search/members?keywords=BFCs0JqdvzpffkdJmSet3Sebqxeo/2bI/748WyJUPSM=",
          "degree": "Betriebswirtin, Diplom",
          "eduDuration": "10/2004 - 08/2006"
        },
        {
          "institution": "jSrNXPEglfDv7aKzcaGHMmqtSl5QVvPLXoFkSSOUbMg=",
          "url": "https://www.xing.com/search/members?keywords=wf6jwZGkCPg9hqy4DayOh/yAl1e8Z8+/x89NcLjqURM=",
          "degree": "Zahnarzthelferin, ZAH",
          "eduDuration": "09/1995 - 07/1998"
        }
      ]
    },
    {
      "profile": [
        {
          "sex": "f",
          "memberSince_Hits": "12. April 2014 / 491",
          "currJobDescr": "0rnUtsQC/3Z9NxgnxdqrRq4nk9atJEEkOTZiala8qVs=",
          "jobs": [
            {
              "jobTitle": "0rnUtsQC/3Z9NxgnxdqrRq4nk9atJEEkOTZiala8qVs=",
              "company": "A9YGUAjWP+a4WC6VhW71crsKpGt42TT7OLhRGSw3r2ws=",
              "company_url": "https://www.xing.com/companies/go?name=XdJJ5TvGmW/nGKRqSYi5+vxpW8iDoukak5Msi+aw828=",
              "jobDuration": "17 Jahr, 9 Monat ",
              "jobDates": "04/1994 - 12/2011"
            },
            {
              "jobTitle": "0rnUtsQC/3Z9NxgnxdqrRq4nk9atJEEkOTZiala8qVs=",
              "company": "EAxXo+c7wuih+HK6MHUMJJUAf0hcn+DmKO4my/ziFt5I=",
              "company_url": "https://www.xing.com/companies/go?name=QIw2ThPdf1Bis8KTpdEqKqlcZCQSxYBGcIlE2aMvK7Q=",
              "jobDuration": "1 Jahr, 1 Monat",
              "jobDates": "11/1991 - 11/1992"
            },
            {
              "jobTitle": "UDx9dbu11t+chsSDW3bP9U1rgkDu0XPvAmQuA9X2P7g=",
              "company": "CLs77U359BEQMS7hS8aXycTAw17zVvWeJKwQvZ1TEajo=",
              "company_url": "https://www.xing.com/companies/go?name=dBaOGh7pY2qzCqfG2fak1FUhElxlzB19c7DzXfTNPjs=",
              "jobDates": "1990 - 1991"
            },
            {
              "jobTitle": "LH3hEU+dMepvIh5kaC8kgqzgBUR4OzNngMssfHm4P3I=",
              "company": "DAvSeIYuDVBr1WiEVsw4uxQSc172fncTqpkfoh7Icw9w=",
              "company_url": "https://www.xing.com/companies/go?name=cm9l4v7l7Kpr7gJyjAVGoPw2RLedugTJqhvxhujmmeY=",
              "jobDates": "1987 - 1989"
            },
            {
              "jobTitle": "0rnUtsQC/3Z9NxgnxdqrRq4nk9atJEEkOTZiala8qVs=",
              "company": "OwRjfGpmi6pi6s0R3upm6/25bN5wu7/saiVvZgesLMIs=",
              "company_url": "https://www.xing.com/companies/go?name=SAgM6f734oj9uAw2iOyxvHmuclCJ6sXGXGIItQ4RwGQ=",
              "jobDuration": "3 Jahr, 8 Monat ",
              "jobDates": "10/1982 - 05/1986"
            },
            {
              "jobTitle": "3R4N1Onn9q8eNJRUBhT61sYHEGy1dp4Cbk+45AJ/StY=",
              "company": "HjSu5KVCEfoke8gURuZ/ods8LVgwjxLdqwad/n2UCrqU=",
              "company_url": "https://www.xing.com/companies/go?name=ovfm5T5HqvFrTyhsEqqiZXTvtWaRDahjh6e8HrkDFM0=",
              "jobDuration": "6 Monat ",
              "jobDates": "05/1985 - 10/1985"
            }
          ]
        }
      ],
      "languages": [
        {
        }
      ],
      "education": [
        {
          "institution": "K9lzY8XQrNBe3OKfAbJYcbzRR6JiFYiEBLvWWqjCHGU=",
          "url": "https://www.xing.com/search/members?keywords=MtrBV/T3imTHHB71PoquMFIx+cLr+oNpEb4c8EBruuA=",
          "degree": "Kitchen Chef",
          "eduDuration": "02/2014 - 05/2014"
        },
        {
          "institution": "Qa2CNBDQDIOMlBTSM/w9cKxlQ+1cuib+ksZdOXVu1+Y=",
          "url": "https://www.xing.com/search/members?keywords=tFyHc+2a7wv93Fa1UyDs0VViaZLNVDEpJxhRsVMgFgk=",
          "degree": "High School, Area Humanisticas",
          "eduDuration": "2009 - 2010"
        }
      ]
    },
    {
      "profile": [
        {
          "sex": "f",
          "memberSince_Hits": "5. August 2013 / 261",
          "currJobDescr": "tESWrWHXpFtEd0yrF1IT1zB8Rjhb+TlJ5U7BDon8WnU=",
          "jobs": [
            {
              "jobTitle": "tESWrWHXpFtEd0yrF1IT1zB8Rjhb+TlJ5U7BDon8WnU=",
              "company": "UBeDvNxEOw0jmVtw5U4GKx2Bl5KcKSvAqSMW7ApqKOXA=",
              "company_url": "https://www.xing.com/companies/go?name=LgEW7B7Cgqothw0tluY9e51Xvi5Q4PTUiMvzlfc4bMg=",
              "jobDuration": "4 Monat ",
              "jobDates": "10/2016 - 01/2017"
            },
            {
              "jobTitle": "2DjSFjmXL9wWiGBJBnGmOjiT1zgm8sj0qjU5Q7OcLCk=",
              "company": "S7Cwv8qhG+iNl4LKNWiMSAvae4a9xjjPu6B+VbYNroV4=",
              "company_url": "https://www.xing.com/companies/go?name=VOW/5bfFgK0xnDSZ50ENj0Z9zAWedhTCvc9DiHMqEtE=",
              "jobDuration": "2 Jahr, 1 Monat",
              "jobDates": "09/2014 - 09/2016"
            },
            {
              "jobTitle": "UDx9dbu11t+chsSDW3bP9U1rgkDu0XPvAmQuA9X2P7g=",
              "company": "zakqL7zzcuN20MlE6pIcGplzQKcE/G8LM1OAaElR/ZTk=",
              "company_url": "https://www.xing.com/companies/go?name=cfR6nptW7LCJnmwBNOlPB04ao7v4gT4mh0fCSr1oOwA=",
              "jobDuration": "1 Jahr, 3 Monat ",
              "jobDates": "07/2013 - 09/2014"
            },
            {
              "jobTitle": "JhrwslbxzId8cqI6KiqWGNwnPl4e1pjaB/OR50hSBVY=",
              "company": "sHwMdWDLJQiv/f0FiAl5sZZUoqFF/5NqPVsJ6pS7vQU8=",
              "company_url": "https://www.xing.com/companies/go?name=2/9OO3O1vhvx31rjf8XYZUzifbhh0OXtPchUxLYocGw=",
              "jobDuration": "11 Monat ",
              "jobDates": "09/2012 - 07/2013"
            }
          ]
        }
      ],
      "languages": [
        {
        }
      ]
    },
    {
      "profile": [
        {
          "sex": "f",
          "memberSince_Hits": "10. November 2016 / 17",
          "currJobDescr": "rHKKhlqNVCvgCiBLiBHeEgFnjG/D9L7wixKodFNR8Hk=",
          "jobs": [
            {
              "jobTitle": "rHKKhlqNVCvgCiBLiBHeEgFnjG/D9L7wixKodFNR8Hk=",
              "company": "CzC+hNoqF1Kxyg685V/h+BnKJfIeYxzn1X6geA0eBUJo=",
              "company_url": "https://www.xing.com/companies/go?name=3Kx0XboJxJgUoZtt0fRdtWN8+FNMrt95IjqKPR4ABWU=",
              "jobDates": "bis heute"
            },
            {
              "jobTitle": "n30gzKsFlGnJwnb+ORtPaqdEqfUvnekl2iwKWVRBxPU=",
              "company": "ad7mc768axVHk3LReAQEnxIvOp0cSzIXiBAxI68TD2hY=",
              "company_url": "https://www.xing.com/companies/go?name=K5JDSmov8aOK5aDPWxr/oaWbytwI5m0cAPrBZaOxupg=",
              "jobDates": "2000 - 01/2017"
            },
            {
              "jobTitle": "DMPWj5os9xHA15Q+qKCxx4CAcreD7nymLV9M3O8NOlM=",
              "company": "PnOkSilIzP8jzKaREPG1Se3ndPSwg5nwk09C6wNKHG8U=",
              "company_url": "https://www.xing.com/companies/go?name=fAL+kL9G0T2nloWfZ+qqfc+ucY5tcXWr/QMBbVzI2b8=",
              "jobDates": "2014 - 2016"
            },
            {
              "jobTitle": "rHKKhlqNVCvgCiBLiBHeEgFnjG/D9L7wixKodFNR8Hk=",
              "company": "GJw4Plb2qoSe0IBwhS7bJ5Opd6bsZsNtSo38bhPS7jp0=",
              "company_url": "https://www.xing.com/companies/go?name=I16+tbKSyoh2SwQQ+rxwnhS9reVrVpcUH/S6xN2nKFw=",
              "jobDates": "2012 - 2014"
            },
            {
              "jobTitle": "LeRidunJm7RzY5uOpu7IIuGlkRzO18aTpnugSL1DjmE=",
              "company": "DtPUiBGnIlR2ss87LC2y4l6TPFBX2ewARsd20/heuKEo=",
              "company_url": "https://www.xing.com/companies/go?name=XB8m0trw4G4e09d+YgG9YMEM5RD5I8YjEBYT3tPX5/M=",
              "jobDates": "1999 - 2000"
            },
            {
              "jobTitle": "UDx9dbu11t+chsSDW3bP9U1rgkDu0XPvAmQuA9X2P7g=",
              "company": "Dteq43Q8VtIITtsG0Jk1erspxTXK3gH2t0urDasYt5UM=",
              "company_url": "https://www.xing.com/companies/go?name=qXtNAiRbdzQa0JTrgGL5IxJ0Tjhu9Zx3sn400YlR1Io=",
              "jobDates": "1998 - 1999"
            },
            {
              "jobTitle": "RA1PjHsEvQIkdQVOZROnqBDJQ+H8jPqvEniKIqJudeg=",
              "company": "T3a5G7OkX1tJL/Qs3LiQwXGIumygZjFBup5D2VCXvuTU=",
              "company_url": "https://www.xing.com/companies/go?name=xZvPGUJJG/TVVZiprdjRYYdM5KQBTlx7arw06UXn+cI=",
              "jobDates": "1997 - 1998"
            },
            {
              "jobTitle": "VYRp3Cw2kyzACgqkqp7g3c89tC5Et0oGCf0hKJW+Z74=",
              "company": "A5u12cIcGEGRPAyMUyzQd/+5swzlfMUjgf+rLcHCp/kY=",
              "company_url": "https://www.xing.com/companies/go?name=isWoAx3C4F599mPJtzusKLyqQufrYlVNm7twaBI2Bl4=",
              "jobDates": "1994 - 1997"
            },
            {
              "jobTitle": "JhrwslbxzId8cqI6KiqWGNwnPl4e1pjaB/OR50hSBVY=",
              "company": "D3tnAvaYMZin9DMyyu3CmXBvSradJ/5K/Dht498wBQbo=",
              "company_url": "https://www.xing.com/companies/go?name=d5DFt6hMAFUYORBGaRw5cuz7EImJ10JOFqHL1eHM4FA=",
              "jobDates": "1991 - 1994"
            },
            {
              "jobTitle": "OTtTlpESfw4iBA+SFZYNRQ7CfLhOyfBEY+ieL3hS+TY=",
              "company": "SohnFhmZf1mG/72FihZDPoTrb/Hxuk231eE5w6GhvDZY=",
              "company_url": "https://www.xing.com/companies/go?name=brF/ojSiGNz72SsSdhDw4a8EomYPAFB24xT+OhxiO3I=",
              "jobDates": "1990 - 1991"
            }
          ]
        }
      ],
      "languages": [
        {
        }
      ],
      "education": [
        {
          "institution": "iTLaUjfldA5cTOkYChJUDjP3spbq1BnPCoOxYIariqE=",
          "url": "https://www.xing.com/search/members?keywords=qnpiRov0QYg7MekQOXPzjd1HRfee08xU9lrPK0ZvNXs=",
          "eduDuration": "2015 - 2016"
        },
        {
          "institution": "9of87NeMkc7x/sAmApsK00c6EOgfWPJN9F0CYTPbUOU=",
          "url": "https://www.xing.com/search/members?keywords=Vy7pmIrUleVCtYO2zXeZwiAMsk2A9Ksg6sAsEKhROvQ=",
          "eduDuration": "2012 - 2013"
        },
        {
          "institution": "raZFwun/LETgeGxfEpPhwUWoXGQYa8ssa1h+fH/cUiE=",
          "url": "https://www.xing.com/search/members?keywords=raZFwun/LETgeGxfEpPhwUWoXGQYa8ssa1h+fH/cUiE=",
          "eduDuration": "2012 - 2013"
        },
        {
          "institution": "/ZtIN5hbzEGLYYoN1RjLXNFIIlON6OVt29y/xJEBIuE=",
          "url": "https://www.xing.com/search/members?keywords=/ZtIN5hbzEGLYYoN1RjLXNFIIlON6OVt29y/xJEBIuE=",
          "eduDuration": "1991 - 1994"
        }
      ]
    },
    {
      "profile": [
        {
          "sex": "f",
          "memberSince_Hits": "10. April 2013 / 1639",
          "currJobDescr": "yHkHrytLOYDVSWR69EVUv0VsSd2vyTDqICOeZlHbjYg=",
          "jobs": [
            {
              "jobTitle": "yHkHrytLOYDVSWR69EVUv0VsSd2vyTDqICOeZlHbjYg=",
              "company": "MXSztzf+WkLULAlMQA5RP+0ToTKAW/mSveAeUDrk2St0=",
              "company_url": "https://www.xing.com/companies/go?name=gcetSUGhwH7zC9d7N5lVggvqjpVQEP4d6w7GPNhkOto=",
              "jobDuration": "7 Jahr, 10 Monat ",
              "jobDates": "04/2009 - 01/2017"
            },
            {
              "jobTitle": "2PCCc8fRY6KmfsPKGHpbqPIZ42OGg2f7t2YSihX78tY=",
              "company": "Lj7VsJ/Gv/uSONCRaBHQ0T0zWYVO8/yDuFV42Df0kZXM=",
              "company_url": "https://www.xing.com/companies/go?name=zR0NaY2Pt+DgVneKtLHIeHfBzbK4liYvkdavgSwxBIM=",
              "jobDates": "2008 - 2009"
            },
            {
              "jobTitle": "2PCCc8fRY6KmfsPKGHpbqPIZ42OGg2f7t2YSihX78tY=",
              "company": "AKtw9cBiOahGtqoHhHM7ihNJByR9XHT3gMAHK3igr4LU=",
              "company_url": "https://www.xing.com/companies/go?name=AeG908XXolGi6jRvAKg2sD+zYqcxUyI/bayvXNfyW2c=",
              "jobDates": "2007 - 2008"
            },
            {
              "jobTitle": "nQc0jfJyx7fErBV84qL9A4boi4OxT2Vl+GVAePzyurs=",
              "company": "D6LqIfWOOouzgeFM8KoCp4tHfe8HbziIf1SieJclbGiQ=",
              "company_url": "https://www.xing.com/companies/go?name=9YFyyKnayq42qNDakEw4jue81QnSpgK5ohDZK46cE4I=",
              "jobDates": "1995 - 1997"
            }
          ]
        }
      ],
      "languages": [
        {
        }
      ],
      "education": [
        {
          "institution": "yBgxJVb7mbdwhcX6KNE2sMHMWO62zR53Ng134r6ipT0=",
          "url": "https://www.xing.com/search/members?keywords=MXyxhlIkVaMwUSW8funuAUsN+kHr3IhSPlplfeejhMk=",
          "degree": "Master of Epidemiology, MSE",
          "eduDuration": "10/2013 - 06/2015"
        },
        {
          "institution": "li7zuDmS2t4vicIg9jxEQXyUGSKYCHJMEUQPlnEumSs=",
          "url": "https://www.xing.com/search/members?keywords=CURRh9mTaUwpXt3aO4SwF9wWEbQrhNdksdXqdDB4+4E=",
          "degree": "Master of Public Health, MPH",
          "eduDuration": "2012 - 2014"
        },
        {
          "institution": "uspcyX90WpGdICLm1h8nzdTBiZJwc/O3wcn91Y1MlJs=",
          "url": "https://www.xing.com/search/members?keywords=ImTZn6pqcZIUdYBQ44w9HUQUao2RZSABPjnKZoyPFCU=",
          "degree": "Physiotherapy",
          "eduDuration": "2003 - 2006"
        }
      ]
    },
    {
      "profile": [
        {
          "sex": "f",
          "memberSince_Hits": "13. Juli 2016 / 506",
          "currJobDescr": "weGbhSPDPExNDQa93CEM9/dy5lvnhO/1Rjo5SnZ34CM=",
          "jobs": [
            {
              "jobTitle": "weGbhSPDPExNDQa93CEM9/dy5lvnhO/1Rjo5SnZ34CM=",
              "company": "TuFVlxyyezg+bRy/NK0M4Se8kX3jt7xxEEXurGZzEzWQ=",
              "company_url": "https://www.xing.com/companies/go?name=h18FdqCYDq5cmvRWskJqR5edNj1+IEhI0ND/ys7M6xU=",
              "jobDates": "bis heute"
            },
            {
              "jobTitle": "FMq064QZDe7M4L8l3g90vMLw6SUCtOiv8FZzjfe7jGs=",
              "company": "TcUipWrQTvHAfJE1qSwtOLHDU+f0ysbHglN8leWVA73E=",
              "company_url": "https://www.xing.com/companies/go?name=l/hoYI7ZkxNT4i4f+WAUXOl0UdTwnDtpXXjSMDjykpk=",
              "jobDuration": "2 Jahr, 9 Monat ",
              "jobDates": "09/2013 - 05/2016"
            },
            {
              "jobTitle": "CgeuArNwnmXpoxZFS2KouHgr+nfLsNHiSIoym8I4VMU=",
              "company": "A0xzpNNkSs7VB8uRhYvo/sIBVrOYpEO7XoyfagKB7Eng=",
              "company_url": "https://www.xing.com/companies/go?name=+kYPN91jL1rdYns4Vyt9LP+lpAkWDRo8FBcMh8IoA4g=",
              "jobDuration": "1 Jahr, 1 Monat",
              "jobDates": "09/2012 - 09/2013"
            },
            {
              "jobTitle": "iYn+/UBqhGnnvNBnYq/uWANnd12a2IojmO49UaHHewI=",
              "company": "PfyRYKOcoog2fRsUWULU13+jPrk5wgdgfhxCW821X4Hk=",
              "company_url": "https://www.xing.com/companies/go?name=FCqx2hAZQhODyZQ0CQx+11xJ9fXMbS6u9cuaFswUMeI=",
              "jobDuration": "1 Jahr, 1 Monat",
              "jobDates": "09/2011 - 09/2012"
            },
            {
              "jobTitle": "UDx9dbu11t+chsSDW3bP9U1rgkDu0XPvAmQuA9X2P7g=",
              "company": "DHi6MBOy2vFMUhp8jnctKpr4rQl6z+LaqbU+fsAtG9n4=",
              "company_url": "https://www.xing.com/companies/go?name=2sGLt+n8K4cSwnucCg53eLmpkC0Qn8AYHbWAvzAmZPg=",
              "jobDuration": "5 Jahr, 1 Monat",
              "jobDates": "08/2006 - 08/2011"
            }
          ]
        }
      ],
      "languages": [
        {
        }
      ],
      "education": [
        {
          "institution": "RMzkwwCrveLAyhX6E7Jful+cAaODO8IfhW1BfFqUAm4=",
          "url": "https://www.xing.com/search/members?keywords=vHy3p43FI/e0Mo2DsEHDW2kDSX7ZuwW39TgQoWQbsQI=",
          "degree": "Psychologie",
          "eduDuration": "08/2011 - 08/2013"
        },
        {
          "institution": "Ozq9Zp78fa05IMGv9ZNIPyYYU9sa1HSLk/JIf8qm+qc=",
          "url": "https://www.xing.com/search/members?keywords=oMjL4RUbEbtw1CgsB/h29gTFKV1yQy8+Xb9YxyLp9rA=",
          "degree": "Zahnmedizin",
          "eduDuration": "08/2006 - 08/2009"
        }
      ]
    },
    {
      "profile": [
        {
          "sex": "f",
          "memberSince_Hits": "30. Mai 2013 / 727",
          "currJobDescr": "ft8+/lMJTSxkP9gJyILakDJQ5jZr+vs/TFsW6J3vP8o=",
          "jobs": [
            {
              "jobTitle": "ft8+/lMJTSxkP9gJyILakDJQ5jZr+vs/TFsW6J3vP8o=",
              "company": "pE2kSCqDAqL8VnotEQGSgPrjmjzBnm+A+SWKbQ3lQ6Zw=",
              "company_url": "https://www.xing.com/companies/go?name=prEgG1Xz4/ittGJJkvm+C6Rcx+YS4JOhotcRHyL79Po=",
              "jobDuration": "5 Monat ",
              "jobDates": "09/2016 - 01/2017"
            },
            {
              "jobTitle": "js0a+48OUCCClgWVkHHxDzUfU9rciU0NfcWqo58LVno=",
              "company": "DYC5YYi/NQXLoTryCKbzldrLgmG1W5m2DlbN/wydwRSg=",
              "company_url": "https://www.xing.com/companies/go?name=Fr0NbfVKGr7xajESHdAK52fssFh4GK3Uh3Y96KWAAwA=",
              "jobDuration": "5 Monat ",
              "jobDates": "04/2016 - 08/2016"
            },
            {
              "jobTitle": "LqjOQrJK8nuFbWblXljoAJvlJ1zD3Cb72KD04fO3iTQ=",
              "company": "CzaiTNTPytYRqR7VyGgMOycnGsNj3odclwcbkEnw0r9Y=",
              "company_url": "https://www.xing.com/companies/go?name=gmszjzfPeBSxkcbEA0pW08GFCz34S1DUJ2b/+QmP3YU=",
              "jobDuration": "7 Monat ",
              "jobDates": "01/2015 - 07/2015"
            },
            {
              "jobTitle": "js0a+48OUCCClgWVkHHxDzUfU9rciU0NfcWqo58LVno=",
              "company": "DQaARD860tCmHZBlsTs/uuZ2saz5FLjuCEi+HRyf+nWQ=",
              "company_url": "https://www.xing.com/companies/go?name=vWDJISKA7bkGQFstbBZC+92bK+Xn9iwTM5BiF8LTmMQ=",
              "jobDuration": "1 Jahr, 1 Monat",
              "jobDates": "05/2013 - 05/2014"
            },
            {
              "jobTitle": "btvuW35fX/YCKBajccdVYKyu0n21ZmtgZhlzNn225Eo=",
              "company": "JZbWUUIDq+ODPZtkyT1i5tBAyq/T4r6ji5FlJxp9rysk=",
              "company_url": "https://www.xing.com/companies/go?name=v0pS3WqawdGPyyHJnCnQm0dZmb+UDDvmBX049fcUG+c=",
              "jobDuration": "9 Monat ",
              "jobDates": "08/2012 - 04/2013"
            }
          ]
        }
      ],
      "languages": [
        {
        }
      ],
      "education": [
        {
          "institution": "j7oP88zODj1k4QCwz95FxJjgWIfNXxEiNWSf6jDEpos=",
          "url": "https://www.xing.com/search/members?keywords=qqbwhunsIOmn8CvAXaZGW7eAM7kE8qPT1IbPmjfuYZE=",
          "degree": "Gesundheit, Ernährung, Holistische Ernährungsberaterin",
          "eduDuration": "03/2015 - 03/2016"
        },
        {
          "institution": "cY4JVUgwLVRmRNQGdFQnK2hhwPtdKM78Id1gdD0gbmQ=",
          "url": "https://www.xing.com/search/members?keywords=o/xkIsS42gVe/sLLghCKDA0xb8J9ehZkXRQh9Q6P0v4=",
          "degree": "Mondzorgkunde, Mondhygiëniste",
          "eduDuration": "10/2008 - 07/2012"
        }
      ]
    },
    {
      "profile": [
        {
          "sex": "f",
          "memberSince_Hits": "27. Oktober 2011 / 434",
          "currJobDescr": "3fOYrhIT5BhAbJcpVdkwrT5h7z7TeOLXOdZewXI6+7o=",
          "jobs": [
            {
              "jobTitle": "3fOYrhIT5BhAbJcpVdkwrT5h7z7TeOLXOdZewXI6+7o=",
              "company": "T1AWUBWZ9XeO0eF8Zvpw/k/8kkH2XW4CHn3tMUaVQ5Wk=",
              "company_url": "https://www.xing.com/companies/go?name=833Dcy5vOjb3RKEduAFydFI9pCfPbtOl8/935lb+UBA=",
              "jobDuration": "8 Jahr, 1 Monat",
              "jobDates": "01/2009 - 01/2017"
            },
            {
              "jobTitle": "3fOYrhIT5BhAbJcpVdkwrT5h7z7TeOLXOdZewXI6+7o=",
              "company": "EphEATqPOs6RPhJE6/QT9A/v7CWGhBKoCBjwUruPYPUI=",
              "company_url": "https://www.xing.com/companies/go?name=QD8TIqPGlvaSyV66pS2A0C7R1NUtPbezYSJfem6mZKA=",
              "jobDuration": "15 Jahr, 5 Monat ",
              "jobDates": "02/1997 - 06/2012"
            },
            {
              "jobTitle": "3fOYrhIT5BhAbJcpVdkwrT5h7z7TeOLXOdZewXI6+7o=",
              "company": "GOVtio8DW9CJW/z5sieVFV/Vaa1riwjc4m277NnKI0rU=",
              "company_url": "https://www.xing.com/companies/go?name=p9uQkgX8gI7NOgGbA1FhbDJCoraXGLagX63kSq9AAcw=",
              "jobDuration": "3 Jahr, 3 Monat ",
              "jobDates": "01/2009 - 03/2012"
            },
            {
              "jobTitle": "JIJsreZjcp66H5oY5roRNvYlfikEjxwb1Nj3anotSrA=",
              "company": "CHBpk700PoWC1ZPKQN+b3UyGRbfHyexdS+3ysWM97Zhc=",
              "company_url": "https://www.xing.com/companies/go?name=2kE0XzHOBqBTwx6tmIuqBH4WZwMLnUFuI72g81pF/TQ=",
              "jobDuration": "4 Jahr, 2 Monat ",
              "jobDates": "06/1993 - 07/1997"
            },
            {
              "jobTitle": "tQjKs6neIa1G7bjjHrqqlXf97u9JOy7uVo+rsM96Ztw=",
              "company": "PAMDMczA9Z37yat6uiuNoPRjfzMPl/b61bxUVUIewPhg=",
              "company_url": "https://www.xing.com/companies/go?name=5Xah4gSCFVn6AQ0hwuJVpeCUSZchpsWLQBPRWeL1tnk=",
              "jobDuration": "2 Jahr, 1 Monat",
              "jobDates": "10/1988 - 10/1990"
            },
            {
              "jobTitle": "xK1eMinaT43hvJ9VqsPkrctL0TT5mCaM5ntQG4LV21A=",
              "company": "P+aab2Nzv/2cLDxId++8dI+K03T+BUhImKxshBS/SsYs=",
              "company_url": "https://www.xing.com/companies/go?name=FQPFi9tID5Xx+UKiVnfbXIILpaZ/68D4HTqAGqljzJ4=",
              "jobDuration": "5 Jahr, 4 Monat ",
              "jobDates": "06/1983 - 09/1988"
            }
          ]
        }
      ],
      "languages": [
        {
        }
      ],
      "education": [
        {
          "institution": "9i/llvunpHVGgxDCuZrF5rbLhK65FKJCOHVFLmK7sRw=",
          "url": "https://www.xing.com/search/members?keywords=8TZQANrlslcX0Lj+YfJ619Ap2Wrggzu2sfQqFNIwKeU="
        }
      ],
      "awards": [
        {
        }
      ]
    },
    {
      "profile": [
        {
          "sex": "f",
          "memberSince_Hits": "25. April 2011 / 561",
          "currJobDescr": "3qLF/3m51nDt7roH+yy4BxH4uz08ENvkxZHzinbn6Wc=",
          "jobs": [
            {
              "jobTitle": "3qLF/3m51nDt7roH+yy4BxH4uz08ENvkxZHzinbn6Wc=",
              "company": "D7hkZgy5Y4Se2ZVozsPKpGRfjtwFkBQdCxEjLQu1alaI=",
              "company_url": "https://www.xing.com/companies/go?name=rZ8Lvv9zcZKf7Oivam8ppIv01seS6ysZgL2gm4cQssc=",
              "jobDuration": "1 Jahr, 1 Monat",
              "jobDates": "01/2016 - 01/2017"
            },
            {
              "jobTitle": "5633dMTDq6GDiX8T3PzAQyCL0cwuFLA3+FmZW9AM5lU=",
              "company": "-7iGgXMH4Udmk0O880dH8PMVDivwTL3EGHyWOjHQr8MU=",
              "company_url": "https://www.xing.com/companies/go?name=5633dMTDq6GDiX8T3PzAQyCL0cwuFLA3+FmZW9AM5lU=",
              "jobDates": "bis heute"
            },
            {
              "jobTitle": "JGyqZGjmUBxJwdhIKg8OcJ3k7jm+kHXAas7kyXIx9Mo=",
              "company": "PL74w/1BkjblkfXgwgeF/NIIzpjpRvzTWvCy8g/1NGfY=",
              "company_url": "https://www.xing.com/companies/go?name=CFMO3JlBOFfHi3+oTgBXTcxuYs5CnmXVGO1bZ2v+AMc=",
              "jobDuration": "1 Jahr, 1 Monat",
              "jobDates": "12/2014 - 12/2015"
            },
            {
              "jobTitle": "5wPg4ZJHNQ9Ls1a8rUkwgfd3MCsCKv8YVUQW0Gmx5sg=",
              "company": "Di56Q+KtVLajD8ZAAp6ucLpAvxo98i8P8Fnkv7hJ70Go=",
              "company_url": "https://www.xing.com/companies/go?name=osgjHvAzdNRhjLFm8jLWJLHjeIzqq7uA+nEyM6USO3A=",
              "jobDuration": "1 Jahr, 1 Monat",
              "jobDates": "03/2012 - 03/2013"
            },
            {
              "jobTitle": "5wPg4ZJHNQ9Ls1a8rUkwgfd3MCsCKv8YVUQW0Gmx5sg=",
              "company": "D0cb5SVeWSruJN+gZ8mRVzgCRHjl3opfujWGkyBviHB4=",
              "company_url": "https://www.xing.com/companies/go?name=w0xUO9U0+D8Ic0DYZU95mH8LMRC0GHPXyQ30ze2wigo=",
              "jobDuration": "1 Jahr, 1 Monat",
              "jobDates": "09/2009 - 09/2010"
            },
            {
              "jobTitle": "O+HHlDKt9jtvSele33lYNNvlQrnOj3RtIz6e6LvI9Gk=",
              "company": "MUD191mXaq64JBam4p/SdbFn6ft7O9mtt3rZi+Kwd4mc=",
              "company_url": "https://www.xing.com/companies/go?name=t2i1hX1r4XWi8Rct9TNbgrDAC4lNRtqTYEwcU/UyKnk=",
              "jobDuration": "1 Jahr, 1 Monat",
              "jobDates": "09/2008 - 09/2009"
            }
          ]
        }
      ],
      "languages": [
        {
        }
      ],
      "education": [
        {
          "institution": "Ln37OJyuKsX74BNlmRVxrZKY4rn9M3Mcl3hX2AIWBkk=",
          "url": "https://www.xing.com/search/members?keywords=vrrUHOkUu6EJx38zcp7gWXT6/Apm27wwzxo/ZaPJgqs=",
          "degree": "Management, MBA",
          "eduDuration": "08/2013 - 10/2016"
        },
        {
          "institution": "IfqL3IVsYi07K02ka+SUQ4nFiK5ohOz0Noa2smav3RU=",
          "url": "https://www.xing.com/search/members?keywords=OIQNXpBlUSf+u/ODmaXOv5RU1p7Q0oQHKfWZybANGGQ=",
          "degree": "Dentistry, B.D.S",
          "eduDuration": "2004 - 2009"
        }
      ]
    },
    {
      "profile": [
        {
          "sex": "f",
          "memberSince_Hits": "28. März 2008 / 1578",
          "currJobDescr": "qNR+8wGfxrw5Ks4dZhEXGzvqO7Hrc4YDWUnWpHbCBzE=",
          "jobs": [
            {
              "jobTitle": "qNR+8wGfxrw5Ks4dZhEXGzvqO7Hrc4YDWUnWpHbCBzE=",
              "company": "PXzj04ntKU1FdalCon3qFoyz4scBDEkzfNUnD7e3X92Y=",
              "company_url": "https://www.xing.com/companies/go?name=6LcKlPoSBcGmxDLk48a4ywScbu7xA+bWRzaOMzJsl94=",
              "jobDuration": "28 Jahr, 6 Monat ",
              "jobDates": "08/1988 - 01/2017"
            },
            {
              "jobTitle": "H8QxRJ+ffKhDa25FKuqdnijhSgPAYNYAx8JEvlL1LmE=",
              "company": "IKKsPvSbxXQtcP1QeAS4ni/wScOtn4MPmqV0yck9di14=",
              "company_url": "https://www.xing.com/companies/go?name=Xx0dhcrP7YPLSxc1Kj3Jwbd54TGkfaDSLbLnQS+J9qI=",
              "jobDuration": "21 Jahr, 1 Monat",
              "jobDates": "01/1996 - 01/2017"
            },
            {
              "jobTitle": "8iHgnmXAqhhKiXYCIYVNNsqfkXT72CHvGhKldwCR9Ls=",
              "company": "IKKsPvSbxXQtcP1QeAS4ni/wScOtn4MPmqV0yck9di14=",
              "company_url": "https://www.xing.com/companies/go?name=Xx0dhcrP7YPLSxc1Kj3Jwbd54TGkfaDSLbLnQS+J9qI=",
              "jobDuration": "24 Jahr, 8 Monat ",
              "jobDates": "06/1992 - 01/2017"
            },
            {
              "jobTitle": "7l8DpxxfhhdMzlgKEP94QWTIwBoH5KlYbb/NghWVJT4=",
              "company": "C9gY7e3rG+ZsM/KYS7BL7Hxfm2afdz3d8b5tQ23fdJJQ=",
              "company_url": "https://www.xing.com/companies/go?name=LkXIu2NwZToYN8jQv21pZzk1PQED5yG4fKrdj5okvYg=",
              "jobDuration": "4 Jahr, 11 Monat ",
              "jobDates": "03/2003 - 01/2008"
            },
            {
              "jobTitle": "VU9WEH+N6YEekH4IaDvXEQm6PqQSFyMv8ixN7Ji5Qe8=",
              "company": "UmR1WfFw6h8pMt/oMNhd86Y1eWbfNRXYe4dOCvEXTTfc=",
              "company_url": "https://www.xing.com/companies/go?name=7cG2r1hty40pJ9Cog/dXikOk1ITSngJPLph5B567xug=",
              "jobDuration": "6 Jahr, 11 Monat ",
              "jobDates": "07/1992 - 05/1999"
            },
            {
              "jobTitle": "gCY7lFUgY/9/JOt+1ulIoVe2zEaTV+OPEjjSaX3Hy0A=",
              "company": "FwXnj/IftZotsKUHmTHdDWHZy6c2uKtOn/RJ5ABJ0lIs=",
              "company_url": "https://www.xing.com/companies/go?name=lqPLkLwkbbAUaR1uB9bCcG7s/P5WM53bj8Alh85zMU0=",
              "jobDuration": "6 Jahr, 11 Monat ",
              "jobDates": "07/1992 - 05/1999"
            },
            {
              "jobTitle": "LKhgnv5WgDMxAgyouIgzEOQd8aEgbX9vrhCfn03WuOo=",
              "company": "UzBVet0U6bwpNm2VOqkouATnRujW31aGf12QFZg3LkSw=",
              "company_url": "https://www.xing.com/companies/go?name=ivnlszGr1XNDrY3zqBMnmm7i0RH0kWTiE846v+t04qQ=",
              "jobDuration": "10 Jahr, 9 Monat ",
              "jobDates": "09/1988 - 05/1999"
            },
            {
              "jobTitle": "ovCqDBFUox8TII5+eCXDqfXeBuhBLitRUeLqeEbHczM=",
              "company": "IqTSziW/tjwxkCyz/rTULwq2Lw0gKsccytZcpFtB6JIo=",
              "company_url": "https://www.xing.com/companies/go?name=YDTMs9DeJqIVQqG/GixGsLWfEQ22JStSnMO4AKfBvqg=",
              "jobDuration": "1 Jahr",
              "jobDates": "01/1998 - 12/1998"
            },
            {
              "jobTitle": "IGj1a1Zht5pv3ui3lZaXp6PuVOlYsAudNzbDELAFx2c=",
              "company": "TAkXPLN55GW3O+ajTEyIXNgmnDVe2uig7kWzPvU8sFww=",
              "company_url": "https://www.xing.com/companies/go?name=yfZEZHj3rWwCwNWFdpmWHgcDxUzqF6JyRS+bWclD+6k=",
              "jobDates": "1995 - 1997"
            },
            {
              "jobTitle": "fYsLPLrilJ9QzGfiT51ydd7sn3QhiyPWqKSOye1waKY=",
              "company": "CowpWDZ95pizukBJhCMvyQcCv/hB+bxyzbXXWJPJ6OUI=",
              "company_url": "https://www.xing.com/companies/go?name=l59XBhd/nOuJIyUOF2fh8UZRYRPbUKnzOBtLWhkbhSc=",
              "jobDuration": "8 Jahr, 1 Monat",
              "jobDates": "09/1988 - 09/1996"
            },
            {
              "jobTitle": "qfLKJCfx9e2vf+872dhqKxxgHFz2DO0JMpb0EmO2Hc0=",
              "company": "RS9GiGRuAUBlGO/gUkXWhg0ZBFtICowrfcWpCOwSWVi8=",
              "company_url": "https://www.xing.com/companies/go?name=hf1SYXuko3dDtBRaobWYpDHDKmsJcOh7kOCGHO7mIzk=",
              "jobDates": "1994 - 1996"
            },
            {
              "jobTitle": "sOymvzr4bo0hKXr9dUs9xBYVXu2IcjpjwzelnN9dzTY=",
              "company": "UcmofbQP6mSjuLxe/M/VHFwfKeIYRmvd6gB/pv8HU+T8=",
              "company_url": "https://www.xing.com/companies/go?name=yokiMXKl3c75o8wHr5Wr+y9j9qPL8dmqsCYW306JI20=",
              "jobDuration": "1 Jahr, 1 Monat",
              "jobDates": "06/1990 - 06/1991"
            }
          ]
        }
      ],
      "languages": [
        {
        }
      ],
      "education": [
        {
          "institution": "gOaOOrAVYw6t/KHO5t00vgfFLP5kPwtL3/vPp+D9aOc=",
          "url": "https://www.xing.com/search/members?keywords=ZTYo3P2XEDT9PMoRW7z0C/HvkJhYVSZ7JyjkJjQw/LU=",
          "degree": "Odontología, Homologación / Spanish Dental Degree Homologation",
          "eduDuration": "2005 - 2005"
        },
        {
          "institution": "beIklqViiKdq9FA/iQCiqaoHzebN45AMsSN6VSNWycg=",
          "url": "https://www.xing.com/search/members?keywords=icsbuUg7TET1a9HZwbyZJ+Pe0hNyqjBj3aSfTicYwxs=",
          "degree": "Post-Graduate Fellowship in Orofacial Pain and Dysfunction",
          "eduDuration": "1990 - 1992"
        },
        {
          "institution": "AP1k2zBz+P3k1CazSgoS8IpcSuJBX8AiWBff6Tm9Zh4=",
          "url": "https://www.xing.com/search/members?keywords=pZAlfRsjr8OpEvEixxUocsMFYKc/zJ4IZa3UblIo7Fo=",
          "degree": "Dentistry",
          "eduDuration": "1987 - 1987"
        },
        {
          "institution": "9i+SA1PyLYRNYj7CQhzw7zuYSEdW5JL0l89lkF0WKuM=",
          "url": "https://www.xing.com/search/members?keywords=RqF4g9JKJXtSTmkts3z/gblV/Gs0smCZOmh975Nyk38=",
          "degree": "Ododntologia",
          "eduDuration": "1983 - 1988"
        }
      ]
    },
    {
      "profile": [
        {
          "sex": "f",
          "memberSince_Hits": "18. April 2015 / 185",
          "currJobDescr": "9Oqy+5n4+IjOCosTBwXkF6eIQ2urTae5lIQkKU6w5XI=",
          "jobs": [
            {
              "jobTitle": "9Oqy+5n4+IjOCosTBwXkF6eIQ2urTae5lIQkKU6w5XI=",
              "company": "VpySUTn+Bmpt5GvQZIS0DVcKQ9+SAEI9snxa9pgFrXbY=",
              "company_url": "https://www.xing.com/companies/go?name=zV8JrpgF3zNTbSberiXWxWuQFbLssR1GQIJyd2F7Mq8=",
              "jobDates": "bis heute"
            }
          ]
        }
      ],
      "languages": [
        {
        }
      ],
      "education": [
        {
          "institution": "7E66QLZkoWlgNhlvoCESjI0HkIWMMjAB61tYIZuqwxs=",
          "url": "https://www.xing.com/search/members?keywords=6RFfiXLgUzXbJcGoWlzkdsZuBoVIu60W4dP+zFoBjeY=",
          "degree": "Bachelor academic studies - Physiotherapy, Senior Physiotherapist"
        }
      ]
    },
    {
      "profile": [
        {
          "sex": "m",
          "memberSince_Hits": "10. März 2005 / 3669",
          "currJobDescr": "25gra52aXkBB4ZQS+OHZE2jsytYK39UAsN7TywZuiVw=",
          "jobs": [
            {
              "jobTitle": "25gra52aXkBB4ZQS+OHZE2jsytYK39UAsN7TywZuiVw=",
              "company": "EUwfeZCMiJOlFuz41PhY0eUeDZtVQ04ohKnIo4kDHg70=",
              "company_url": "https://www.xing.com/companies/go?name=qRmvrGwKVook3Mgw+xueLW6diCUXExPl+SvmlvvKdMs=",
              "jobDates": "2009 - 01/2017"
            },
            {
              "jobTitle": "xZ9gC12BycbQe57UoS7olN5GUqswql6a9i0LOh5H7fg=",
              "company": "CP3qE7Tm9buCOtjSHwz4PWhVI1rjg5hEM67QGTzQ32fg=",
              "company_url": "https://www.xing.com/companies/go?name=06QUZz+33eLPgee+g/YF1RUEewT73UaHQGvrd3GcBrY=",
              "jobDates": "2009 - 01/2017"
            },
            {
              "jobTitle": "oUohaJ+APiPZYoOYBmQgZMiuZaUuYGdZIAKcSLKSXTM=",
              "company": "mXF+BtdzzIEhRBaC/O8J1vSBwzQ7ncauKy1bkJRQ1K/w=",
              "company_url": "https://www.xing.com/companies/go?name=JOz9Ict1k+KMVQsLxZ+kH2mlrt3O6oFK7bRdYY6V+Zk=",
              "jobDates": "2000 - 2008"
            },
            {
              "jobTitle": "Ykvxuh+gu2K6NFJvaNoP72QhtZvqXSGUEEiaCY0zEOA=",
              "company": "Im0W5khJBUyInZ1Aar2r46MHAxL+8itqSYqNZbSq38Fc=",
              "company_url": "https://www.xing.com/companies/go?name=04irziMqsRwsXFdQ2nMrq+SiBvPZheETw13m5+9uU5E=",
              "jobDates": "1998 - 2004"
            },
            {
              "jobTitle": "Rzlx7Id/QUjEL4GhHa079cOa8+H/4ljTp2tDAmKmGx4=",
              "company": "IQtqHQ58KFB0p14+GUuhzl49H9ZOKEAop4RlREn36XbA=",
              "company_url": "https://www.xing.com/companies/go?name=aKzHZeGCinXz7N+nx8H/eIss/ZWA114RN6CiLj0l8+Y=",
              "jobDates": "1996 - 1998"
            },
            {
              "jobTitle": "Vd/D8bT8spsdIGqwRlnahV4vEJji14hbphOp7Deb1aw=",
              "company": "R0Feo0qxDMCQI+6L4dpUY/cbFYGx5MAWGZBWWkjKsHq0=",
              "company_url": "https://www.xing.com/companies/go?name=P725Mrwo/0ZBiXYQwSjtUkmz9hlOI5eAGx4RJ3tRqGk=",
              "jobDates": "1995 - 1995"
            },
            {
              "jobTitle": "96WJ1HU9pGBrfyuPdencOnLXBzXSzCYdVYeczJzaKmM=",
              "company": "SVi52nDPpA4mw84EzMf7xJKEsRw1ErMmRUISckC3Df0I=",
              "company_url": "https://www.xing.com/companies/go?name=vtg+A2Tk1rJd4qZXUodDDV6bSqqDFOjWqk3VIIJ7MvQ=",
              "jobDates": "1992 - 1992"
            }
          ]
        }
      ],
      "languages": [
        {
        }
      ],
      "education": [
        {
          "institution": "+omnUulUqAbiGGJj6HjsbUQFWumRK9RRHxVH8lrfI9U=",
          "url": "https://www.xing.com/search/members?keywords=Wu2EInJ7dXE6QiC+j5nKeEiDjNHj/2TdqhPTMeBiw+o=",
          "degree": "Enterprise Knowledge Medium",
          "eduDuration": "1995 - 1996"
        },
        {
          "institution": "XcrgLBaLzwUWIrpt+8q7l1MNcx/xkijEO/gg+TG4QgY=",
          "url": "https://www.xing.com/search/members?keywords=9W//hLgCFah1yNf4UYF7kHq9gnWSgoYZAJUPUklkUSQ=",
          "degree": "Economia e Commercio, Master Alliance of Management Schools in European Capitals",
          "eduDuration": "09/1993 - 07/1994"
        },
        {
          "institution": "pmKyAmmL2vowu/2Kuis+2dvRRg5DfDXpQ0ndTpTM15U=",
          "url": "https://www.xing.com/search/members?keywords=0lmwDrANnf6FqaVmdmhRyU2tshfOFD4Zn0/npqrRkMk=",
          "degree": "Wirtschaftsingenieurwesen, Dipl.- Ing.",
          "eduDuration": "10/1989 - 02/1996"
        }
      ]
    },
    {
      "profile": [
        {
          "sex": "m",
          "memberSince_Hits": "2. September 2009 / 7423",
          "currJobDescr": "VgsZycgKYV92YYXkejLbhdYfxqRYNgUNsbZHkG3aR5Y=",
          "jobs": [
            {
              "jobTitle": "VgsZycgKYV92YYXkejLbhdYfxqRYNgUNsbZHkG3aR5Y=",
              "company": "DBNeETPRmu5Tugz0OuEgZG7j30oaObSktAYJHEWFDCbc=",
              "company_url": "https://www.xing.com/companies/go?name=9FH3vfkxvHgZ+ULLyFiqyq5xaMO9hK/sJ9JTvGjU1N0=",
              "jobDuration": "7 Jahr, 3 Monat ",
              "jobDates": "11/2009 - 01/2017"
            },
            {
              "jobTitle": "joAN7C7hoasdvdDBp4lEvbLKDy6pmBlLFTwwbT4FFIo=",
              "company": "WTDeDcwM7d/U4mRMGXP4obTUVQ6aog+HvL7tj8ImQiTM=",
              "company_url": "https://www.xing.com/companies/go?name=B8J/cHyLgdNbkT+70Se1BmaZpLmbMdVcJo59kj8REJw=",
              "jobDuration": "2 Jahre",
              "jobDates": "11/2007 - 10/2009"
            },
            {
              "jobTitle": "fnL3HRkunQujZ1r0YvTFFn8DuY0sptRlEIx4NnHPwA4=",
              "company": "e6R3E88KWot2p/Gr/e4BijzVUepmLGSnbT5WwKJUxlAs=",
              "company_url": "https://www.xing.com/companies/go?name=dn7zSPPc/0GfgjQVv12z1jRAyz1SdTvvfGSH9r/1zOs=",
              "jobDuration": "1 Jahr",
              "jobDates": "11/2006 - 10/2007"
            },
            {
              "jobTitle": "pPsugnMRcGLpa+l63DEQbQes56FLC2dMdpttks10oDc=",
              "company": "ppRBrbGXJfAt5oWnsZX8qR7o11MlqITzTW2XVyFb4i6Q=",
              "company_url": "https://www.xing.com/companies/go?name=rS913e8cEnVch08eealakNHOKj9VYQ9aKq+SYxybU9c=",
              "jobDuration": "3 Jahre",
              "jobDates": "10/2003 - 09/2006"
            },
            {
              "jobTitle": "RPNZcxeqXV9EkEi/JwOQuQOTyLvkknYmi3UgD9ocJ/M=",
              "company": "Dl9wQ3H3FaMSRphP0vkenlKUsd7kaPHZGiLB5PpHpnHw=",
              "company_url": "https://www.xing.com/companies/go?name=5GJO1ZGjIebjajMSeju5vhdICxVo6mp8B+Un22CaCt4=",
              "jobDuration": "1 Jahr, 9 Monat ",
              "jobDates": "01/2002 - 09/2003"
            },
            {
              "jobTitle": "fnL3HRkunQujZ1r0YvTFFn8DuY0sptRlEIx4NnHPwA4=",
              "company": "DIOODUZRdLz068w0PZ8HWdDO/ZqSO8Os9Yd186y6B2N0=",
              "company_url": "https://www.xing.com/companies/go?name=su5xybXaWOLeWRztnyVLwbGE1I1pc3p6NfuahB1eMzA=",
              "jobDuration": "2 Jahr, 3 Monat ",
              "jobDates": "10/1999 - 12/2001"
            },
            {
              "jobTitle": "fmoOBlgkT/3bI3/XMnOU7J3FQK5s3pW3yuqcQCWId+A=",
              "company": "Dl9wQ3H3FaMSRphP0vkenlKUsd7kaPHZGiLB5PpHpnHw=",
              "company_url": "https://www.xing.com/companies/go?name=5GJO1ZGjIebjajMSeju5vhdICxVo6mp8B+Un22CaCt4=",
              "jobDuration": "2 Jahr, 6 Monat ",
              "jobDates": "04/1997 - 09/1999"
            },
            {
              "jobTitle": "9K+JyA+g0ro0Er8LnVlrzROWnL+Mif/4x6slsZUO6AQ=",
              "company": "D7V3P8a+eD+Eg41WLXjtqSSgPngy+xOWB2Ae0gZFpPQc=",
              "company_url": "https://www.xing.com/companies/go?name=MmujHhYmCyAQrJEUooXc1wXgsv3d8t8HOz7VGlp8oWI=",
              "jobDuration": "3 Jahr, 11 Monat ",
              "jobDates": "09/1992 - 07/1996"
            },
            {
              "jobTitle": "9K+JyA+g0ro0Er8LnVlrzROWnL+Mif/4x6slsZUO6AQ=",
              "company": "Dk7K/GHC3POKFGMnLhQkS1xXS006uQXG1WxyxWxb4PKg=",
              "company_url": "https://www.xing.com/companies/go?name=CyVXx9dh4GEPjGgibPKtxb6ZjlJZOoAgaQkRjMH127E=",
              "jobDuration": "5 Jahr, 8 Monat ",
              "jobDates": "01/1987 - 08/1992"
            }
          ]
        }
      ],
      "languages": [
        {
        }
      ],
      "education": [
        {
          "institution": "Usc8KqxmU8IZPt6wQaONrZzsYdy4ENJnZvR63qtQDmc=",
          "url": "https://www.xing.com/search/members?keywords=ycaBoOyC4v8eoxpotqD46sq/3Gno+6e2bW+iqBJkRpY=",
          "degree": "Wirtschaftswissenschaften, Diplom-Betriebswirt",
          "eduDuration": "10/1993 - 01/1997"
        }
      ]
    },
    {
      "profile": [
        {
          "sex": "f",
          "memberSince_Hits": "21. Dezember 2009 / 1268",
          "currJobDescr": "iBWeoJry2p47jcszFwXQBTG9mc4pOKm4yOH3Cvackcc=",
          "jobs": [
            {
              "jobTitle": "iBWeoJry2p47jcszFwXQBTG9mc4pOKm4yOH3Cvackcc=",
              "company": "ShwMHWX5+F5XjA+bRkzlwVWIbSSUzSFriwUD8NZV4uUE=",
              "company_url": "https://www.xing.com/companies/go?name=6NWr2r5ISCluluv7+J/jkur4tqN1VSOpquH3VGUV4EQ=",
              "jobDates": "bis heute"
            },
            {
              "jobTitle": "4bzgoJc0SHk/loZayiv30IQbC6FS5vJ5R+bWzg246eA=",
              "company": "TR3pt/zexqCqnjz7Hp17UVLmKfi0AfbRy19imD7JANPw=",
              "company_url": "https://www.xing.com/companies/go?name=IJ7QiITgi63VBbiC3ttwMuoO+XqgRyXq89K2A+hvuag=",
              "jobDuration": "8 Jahre",
              "jobDates": "02/2009 - 01/2017"
            },
            {
              "jobTitle": "o8D6YXiHM/zvkpzpqMPBcbCOHkd/Yvuj5ZknHllRvl4=",
              "company": "PjV9t7mP0zdvQxZJHYbOQ+IhLiI8yXdRiRHE7xbDYfbE=",
              "company_url": "https://www.xing.com/companies/go?name=KqLeZIKxZQE0A4yp4Ij1gAJ8csZ7gFWKcZYIWGZmfiE=",
              "jobDuration": "2 Jahr, 3 Monat ",
              "jobDates": "10/2006 - 12/2008"
            }
          ]
        }
      ],
      "languages": [
        {
        }
      ],
      "education": [
        {
          "institution": "RDmzVSWX2yDTisz3UVkolNl7VMPqeNo7JMJAejMSrU0=",
          "url": "https://www.xing.com/search/members?keywords=U/x5YQCFG9JdY9W4kJjWUX05mCO1dVbcmwqljbB6O6k=",
          "eduDuration": "09/2002 - 07/2006"
        }
      ]
    },
    {
      "profile": [
        {
          "sex": "f",
          "memberSince_Hits": "24. November 2006 / 2565",
          "currJobDescr": "f3hVQFUIEczrwfSDFAltBMbN59LAHt6IQsrV186iUSs=",
          "jobs": [
            {
              "jobTitle": "f3hVQFUIEczrwfSDFAltBMbN59LAHt6IQsrV186iUSs=",
              "company": "Uw73F2Qdz1qelxvL2kieZflzTEQe1SEzx+4trpoQbeaE=",
              "company_url": "https://www.xing.com/companies/go?name=7oIVUDjgAR7BD+yHdK9N72Dfn0pkIv8lNt2JlXTBr+M=",
              "jobDuration": "11 Jahr, 6 Monat ",
              "jobDates": "08/2005 - 01/2017"
            },
            {
              "jobTitle": "UAYL+LL/FtgkzfgWUcuTKzkBxrmH2GNbEz0b7iii6jY=",
              "company": "Ui/svCjXIV6UY4TlemL0/3h+HAq3Hd1CyeD5Kr1K1mY8=",
              "company_url": "https://www.xing.com/companies/go?name=L11WC2LLrX4x/Qj37pZ+h9KdKq9zOIj7H0GkbhVCmUY=",
              "jobDuration": "10 Jahr, 8 Monat ",
              "jobDates": "06/2006 - 01/2017"
            },
            {
              "jobTitle": "Tq2KimHNwSWnT7RROgOv1C6xRB0xZY4lAiiZslqvJA8=",
              "company": "GytUYW/fapl5IxRzsKE/r484VzM9RtRCoRKXTmu0siQA=",
              "company_url": "https://www.xing.com/companies/go?name=QhpnDZH2vlAjlyZ4GSg0uBN/Yy60yQvisALsZFewK/k=",
              "jobDuration": "2 Jahr, 4 Monat ",
              "jobDates": "09/2005 - 12/2007"
            },
            {
              "jobTitle": "bGava9iKkFeIT9e4l+4yPrgwz5PUVrFLVzN1qZIXYgg=",
              "company": "Ui/svCjXIV6UY4TlemL0/3h+HAq3Hd1CyeD5Kr1K1mY8=",
              "company_url": "https://www.xing.com/companies/go?name=L11WC2LLrX4x/Qj37pZ+h9KdKq9zOIj7H0GkbhVCmUY=",
              "jobDuration": "4 Jahr, 11 Monat ",
              "jobDates": "10/1999 - 08/2004"
            },
            {
              "jobTitle": "t/X3V/lUr9cmyB4YvebwmrsnJJFeXqcs8PcWnSgBrJI=",
              "company": "Uhg8z6TUeG35i1YU5fWCDrOfkKVcVIijD8Aibcp3fpHw=",
              "company_url": "https://www.xing.com/companies/go?name=7/kI3HURAcltPG6CDFZ4huxTRUCoNJ8yzkLigX3CIwM=",
              "jobDuration": "1 Jahr",
              "jobDates": "10/1998 - 09/1999"
            },
            {
              "jobTitle": "nwv4ViE7LPoT6FvgubtmVy5TLU7mvfJORRvw4eMtRDE=",
              "company": "DyNQKgVxHgDDwqoVhhUA3cPBzDyH7aie9BwkD/C7h110=",
              "company_url": "https://www.xing.com/companies/go?name=rFcY9e1VHiLu4mwxcxSmMqL0hDjBnBogzn3WOoKwdQE=",
              "jobDuration": "7 Monat ",
              "jobDates": "02/1998 - 08/1998"
            }
          ]
        }
      ],
      "languages": [
        {
        }
      ],
      "education": [
        {
          "institution": "ZUBbO486cLnQAc0qbYe5Mnxtc/5UdJ9n3rsmUIXa4Yg=",
          "url": "https://www.xing.com/search/members?keywords=rxEVbT2NiEm/vo8ZbcksnglakwL/if2anncrBlec52I="
        }
      ]
    },
    {
      "profile": [
        {
          "sex": "m",
          "memberSince_Hits": "21. November 2011 / 1036",
          "currJobDescr": "vBfpKfseA2WEjP1HeJdGIqfsqvu2sZUASGNLwul/6fI=",
          "jobs": [
            {
              "jobTitle": "vBfpKfseA2WEjP1HeJdGIqfsqvu2sZUASGNLwul/6fI=",
              "company": "GNLKJBE1Z2bso7gxXAkOYuN3MOn//OeGoa3SvyDY0bHg=",
              "company_url": "https://www.xing.com/companies/go?name=798U8SxdP9pkM4J+OCgdU4dFj8J2AsVOfd7dYcgCZUY=",
              "jobDates": "bis heute"
            }
          ]
        }
      ],
      "languages": [
        {
        }
      ]
    },
    {
      "profile": [
        {
          "sex": "m",
          "memberSince_Hits": "5. November 2007 / 7487",
          "currJobDescr": "s8apG9uaEDAqpTanlBph//k6Zdoy8l6UeZFG+nC0vs0=",
          "jobs": [
            {
              "jobTitle": "s8apG9uaEDAqpTanlBph//k6Zdoy8l6UeZFG+nC0vs0=",
              "company": "InYHPcE28+SRo/2Pg3LrQLV8ByS5bh6km3syBa5WW/Ec=",
              "company_url": "https://www.xing.com/companies/go?name=+YlAm7N0HvgrndZK0oDXkn0K8xe1lGjleJsO6mVMqVs=",
              "jobDates": "2000 - 01/2017"
            },
            {
              "jobTitle": "NEU1kV52blCvoF9k+DpG5u5aUXQXwQ2SMYlcqTe5I6I=",
              "company": "K3txwt1Ck4AKZPEEN5/+7/Pa7F2KxDuzFaQtIs2nPqII=",
              "company_url": "https://www.xing.com/companies/go?name=BSgljdkLBeaqooFWZjNuIq2fBYXLTmHKqAyRL2UmNx0=",
              "jobDates": "2000 - 2001"
            },
            {
              "jobTitle": "5/INs7ENacHH/LcDP1O3Wg2N+IkvvR2dLIjjmS5ADRA=",
              "company": "PaSEMjy9EO8JEkJAdnJdMPp1W8+i5/2iUlgpu06CExFc=",
              "company_url": "https://www.xing.com/companies/go?name=GLR3GzM9BuOlbJT8uGGfGmruNaEqjgA3mus2wmS9esA=",
              "jobDates": "1997 - 2000"
            },
            {
              "jobTitle": "H7xyEFVtt8HdFczh0wt6gYwQbeHfKB0RWw5+4eW9EXk=",
              "company": "PuShNV87bSZnOLTYh2CV8N9sezc1J9y6T9TbqeINvvns=",
              "company_url": "https://www.xing.com/companies/go?name=ovJepu88QNs4Z32yljuVUpDK3d+0AN6z0AzxuuzOjno=",
              "jobDates": "1996 - 1997"
            },
            {
              "jobTitle": "WPs43CytBOAwY67iXl8kX0AblnKiK4P5L6kPFmaUBpM=",
              "company": "C0lEfU/ktfHFl+SdkBfMy70qg88445PYd4/GnJdiNHtA=",
              "company_url": "https://www.xing.com/companies/go?name=jtkwsroS5CM04UUc42B5vRzU6gdE50364SJlSyiGWxU=",
              "jobDates": "1993 - 1996"
            }
          ]
        }
      ],
      "languages": [
        {
        }
      ],
      "education": [
        {
          "institution": "Q+VB06sBXs0T/QDTl7S9irsywP9aLQHK9D8BVkFfc10=",
          "url": "https://www.xing.com/search/members?keywords=nUgeupVVMnFul7/v2q5OR1Xejc+RgCl+RopTDFIMxec=",
          "degree": "oral-maxillo-facial surgery"
        },
        {
          "institution": "AYdRHJvQ3QYsYvcF5WVVaMAFqv6GCLONVGjie1IATIs=",
          "url": "https://www.xing.com/search/members?keywords=XVLscr54E+RbVZlJkOZL1jqWf/0Lhz+Fo0QTt9Am/2s=",
          "degree": "dentistry"
        },
        {
          "institution": "8MEwTmkqRbraoOikHrSpkOEPzrlV1NiDOikuVrtR1OM=",
          "url": "https://www.xing.com/search/members?keywords=v9MzaD5nNUQ7KwKgoNQQlMVs2yVmbg6s1INc/Qy5bss=",
          "degree": "Humanmedizin & Zahnmedizin, MD, DDS, Master in dental implantology, Facharzt"
        }
      ],
      "awards": [
        {
        }
      ]
    }
  ]
}
